ISO-10303-21;
HEADER;
FILE_DESCRIPTION (( 'STEP AP214' ),
    '1' );
FILE_NAME ('M12 NUT FOR FOOTSWITCH.STEP',
    '2024-03-04T13:58:15',
    ( '' ),
    ( '' ),
    'SwSTEP 2.0',
    'SolidWorks 2023',
    '' );
FILE_SCHEMA (( 'AUTOMOTIVE_DESIGN' ));
ENDSEC;

DATA;
#1 = TOROIDAL_SURFACE ( 'NONE', #1640, 19.23679202833525892, 0.05000000000000000278 ) ;
#2 = CARTESIAN_POINT ( 'NONE',  ( 3.100142558550492922, 1.028886112499770800, -5.170743067892516365 ) ) ;
#3 =( BOUNDED_SURFACE ( )  B_SPLINE_SURFACE ( 3, 2, ( 
 ( #1470, #1501, #1894 ),
 ( #2583, #2153, #551 ),
 ( #2138, #1249, #172 ),
 ( #998, #1018, #360 ),
 ( #2544, #141, #1924 ),
 ( #1680, #2773, #2805 ) ),
 .UNSPECIFIED., .F., .F., .F. ) 
 B_SPLINE_SURFACE_WITH_KNOTS ( ( 4, 2, 4 ),
 ( 3, 3 ),
 ( 2.710505431213761085E-20, 0.0002359440298829066718, 0.0004718880597658132894 ),
 ( 0.000000000000000000, 1.000000000000000000 ),
 .UNSPECIFIED. ) 
 GEOMETRIC_REPRESENTATION_ITEM ( )  RATIONAL_B_SPLINE_SURFACE ( (
 ( 1.000000000000000000, 0.8184713421158636981, 1.000000000000000000),
 ( 1.000000000000000000, 0.8281713033095386978, 1.000000000000000000),
 ( 1.000000000000000000, 0.8333394354238273793, 1.000000000000000000),
 ( 1.000000000000000000, 0.8333656076811738478, 1.000000000000000000),
 ( 1.000000000000000000, 0.8282338511422894234, 1.000000000000000000),
 ( 1.000000000000000000, 0.8184713421158600344, 1.000000000000000000) ) ) 
 REPRESENTATION_ITEM ( '' )  SURFACE ( )  );
#4 = CARTESIAN_POINT ( 'NONE',  ( 1.037888162277381603E-15, -1.312499999999999778, 5.649999999999999467 ) ) ;
#5 = CARTESIAN_POINT ( 'NONE',  ( -3.459627207591272669E-16, 1.537500001911831449, -5.649999999999999467 ) ) ;
#6 = ORIENTED_EDGE ( 'NONE', *, *, #2305, .F. ) ;
#7 = CARTESIAN_POINT ( 'NONE',  ( -8.673617379884035472E-16, 1.247163271729610168, 6.808064006308491400 ) ) ;
#8 = DIRECTION ( 'NONE',  ( 0.1950832937323844218, -0.9807866783896098672, 0.000000000000000000 ) ) ;
#9 = CIRCLE ( 'NONE', #1272, 0.05000000000000033584 ) ;
#10 = CARTESIAN_POINT ( 'NONE',  ( 4.263066253150152640, -0.7749999990440845643, 4.263066253150151752 ) ) ;
#11 = ORIENTED_EDGE ( 'NONE', *, *, #2206, .F. ) ;
#12 = CARTESIAN_POINT ( 'NONE',  ( -4.263066253150150864, -2.374999999044084653, 4.263066253150152640 ) ) ;
#13 = EDGE_CURVE ( 'NONE', #338, #1585, #1614, .T. ) ;
#14 = CARTESIAN_POINT ( 'NONE',  ( 6.028886112500001282, 0.02187500095591566468, 2.497246393800303998 ) ) ;
#15 = ORIENTED_EDGE ( 'NONE', *, *, #1143, .F. ) ;
#16 = DIRECTION ( 'NONE',  ( 0.5000000000000003331, 0.000000000000000000, 0.8660254037844383745 ) ) ;
#17 = CARTESIAN_POINT ( 'NONE',  ( 6.028886112500001282, -0.6406249990440843201, 2.497246393800304443 ) ) ;
#18 = CARTESIAN_POINT ( 'NONE',  ( 1.107488412014558138E-15, 1.468750000955916013, 6.028886112499999506 ) ) ;
#19 = CARTESIAN_POINT ( 'NONE',  ( 4.263066253150151752, -1.337499999044084342, -4.263066253150152640 ) ) ;
#20 = CARTESIAN_POINT ( 'NONE',  ( 3.860174829048497624, 0.8865411666915726796, 4.455742957552745409 ) ) ;
#21 = CARTESIAN_POINT ( 'NONE',  ( 4.078238385684321621, 0.7498361086696666566, -6.889513418524676247 ) ) ;
#22 = CARTESIAN_POINT ( 'NONE',  ( -7.975001146223325676, -0.7959202560010323335, -4.689905090275211299E-14 ) ) ;
#23 = CARTESIAN_POINT ( 'NONE',  ( -3.752776749732565698, -0.7738560230093209924, 6.950000000000000178 ) ) ;
#24 = ORIENTED_EDGE ( 'NONE', *, *, #1703, .F. ) ;
#25 = AXIS2_PLACEMENT_3D ( 'NONE', #857, #818, #1064 ) ;
#26 = CARTESIAN_POINT ( 'NONE',  ( 2.497246393800304887, 0.9593750009559155467, -6.028886112499999506 ) ) ;
#27 = ORIENTED_EDGE ( 'NONE', *, *, #443, .T. ) ;
#28 = CARTESIAN_POINT ( 'NONE',  ( -3.761950552233683354, 0.8199775699194997713, -6.966989533786493993 ) ) ;
#29 = VECTOR ( 'NONE', #1237, 1000.000000000000000 ) ;
#30 = EDGE_CURVE ( 'NONE', #586, #1819, #1454, .T. ) ;
#31 = DIRECTION ( 'NONE',  ( 8.659560562355025303E-17, -0.7071067811865398012, 0.7071067811865551223 ) ) ;
#32 = CARTESIAN_POINT ( 'NONE',  ( -4.696377976541242560, -0.9945071102258078444, 3.785288909136998559 ) ) ;
#33 = CARTESIAN_POINT ( 'NONE',  ( 1.037888162277381603E-15, -2.062500000000000000, 5.649999999999999467 ) ) ;
#34 = CARTESIAN_POINT ( 'NONE',  ( 5.649999999999999467, -0.8531249980881689954, -2.340306627407988227 ) ) ;
#35 = CARTESIAN_POINT ( 'NONE',  ( -7.505553499465134948, 1.250000000000000000, -2.656295322589485863E-15 ) ) ;
#36 = CARTESIAN_POINT ( 'NONE',  ( 8.327308011779246171E-16, -1.250000000000000000, -6.791462024506332185 ) ) ;
#37 = DIRECTION ( 'NONE',  ( 0.000000000000000000, 0.000000000000000000, 1.000000000000000000 ) ) ;
#38 = CARTESIAN_POINT ( 'NONE',  ( 0.000000000000000000, -0.6499999999999855893, 0.000000000000000000 ) ) ;
#39 =( BOUNDED_SURFACE ( )  B_SPLINE_SURFACE ( 1, 2, ( 
 ( #811, #2130, #2313, #826, #2575, #166, #2109, #1720, #2592, #1933, #1494, #367, #602, #2830, #1040, #797, #132, #2161, #2358, #1056, #1689, #1706, #2371, #2562, #1025, #587, #1945, #339, #1918, #385, #1478, #991, #326, #1449, #557, #2093, #1256, #97, #1271, #149, #1464, #1887, #838, #2764, #777, #543, #1674, #1436, #2327, #1225, #2798, #116, #573, #1009, #1905, #2782, #2342, #350, #1241, #1285, #2415, #2432, #2892, #2200, #617, #179, #400, #439, #425, #1987, #1793, #1071, #1958, #894, #864, #457, #1313, #414, #1974, #2845, #2185, #205, #677, #2857, #2606, #1761, #1569, #1099, #2636, #849, #2447, #651, #2874, #2652, #12, #1748, #908 ),
 ( #1507, #636, #2399, #1539, #2609, #680, #1833, #1597, #280, #1363, #2003, #1512, #2041, #2893, #2680, #2269, #2667, #2478, #2450, #1289, #720, #26, #41, #935, #896, #1948, #220, #1795, #459, #2230, #1345, #841, #402, #2175, #1584, #2705, #1129, #251, #489, #1378, #2258, #14, #1610, #2245, #265, #2464, #2017, #1144, #2029, #923, #2835, #1820, #1156, #474, #2693, #910, #2388, #235, #2489, #1391, #1115, #695, #501, #1738, #624, #2745, #2325, #1902, #1845, #964, #540, #569, #2732, #323, #2548, #94, #2504, #2779, #554, #2761, #2053, #2089, #2560, #2339, #1655, #774, #744, #1205, #1639, #2518, #296, #2283, #1433, #54, #1446, #529, #761 ) ),
 .UNSPECIFIED., .F., .F., .T. ) 
 B_SPLINE_SURFACE_WITH_KNOTS ( ( 2, 2 ),
 ( 3, 2, 2, 2, 2, 2, 2, 2, 2, 2, 2, 2, 2, 2, 2, 2, 2, 2, 2, 2, 2, 2, 2, 2, 2, 2, 2, 2, 2, 2, 2, 2, 2, 2, 2, 2, 2, 2, 2, 2, 2, 2, 2, 2, 2, 2, 2, 2, 3 ),
 ( 0.000000000000000000, 1.000000000000000000 ),
 ( 0.000000000000000000, 0.02083333333333333218, 0.04166666666666666435, 0.06250000000000000000, 0.08333333333333332871, 0.1041666666666666713, 0.1250000000000000000, 0.1458333333333333426, 0.1666666666666666574, 0.1875000000000000000, 0.2083333333333333426, 0.2291666666666666574, 0.2500000000000000000, 0.2708333333333333148, 0.2916666666666666852, 0.3125000000000000000, 0.3333333333333333148, 0.3541666666666666852, 0.3750000000000000000, 0.3958333333333333148, 0.4166666666666666852, 0.4375000000000000000, 0.4583333333333333148, 0.4791666666666666852, 0.5000000000000000000, 0.5208333333333333703, 0.5416666666666666297, 0.5625000000000000000, 0.5833333333333333703, 0.6041666666666666297, 0.6250000000000000000, 0.6458333333333333703, 0.6666666666666666297, 0.6875000000000000000, 0.7083333333333333703, 0.7291666666666666297, 0.7500000000000000000, 0.7708333333333333703, 0.7916666666666666297, 0.8125000000000000000, 0.8333333333333333703, 0.8541666666666666297, 0.8750000000000000000, 0.8958333333333333703, 0.9166666666666666297, 0.9375000000000000000, 0.9583333333333333703, 0.9791666666666666297, 1.000000000000000000 ),
 .UNSPECIFIED. ) 
 GEOMETRIC_REPRESENTATION_ITEM ( )  RATIONAL_B_SPLINE_SURFACE ( (
 ( 1.000000000000000000, 0.9238795325112867385, 1.000000000000000000, 0.9238795325112867385, 1.000000000000000000, 0.9238795325112867385, 1.000000000000000000, 0.9238795325112867385, 1.000000000000000000, 0.9238795325112867385, 1.000000000000000000, 0.9238795325112867385, 1.000000000000000000, 0.9238795325112867385, 1.000000000000000000, 0.9238795325112867385, 1.000000000000000000, 0.9238795325112867385, 1.000000000000000000, 0.9238795325112867385, 1.000000000000000000, 0.9238795325112867385, 1.000000000000000000, 0.9238795325112867385, 1.000000000000000000, 0.9238795325112867385, 1.000000000000000000, 0.9238795325112867385, 1.000000000000000000, 0.9238795325112867385, 1.000000000000000000, 0.9238795325112867385, 1.000000000000000000, 0.9238795325112867385, 1.000000000000000000, 0.9238795325112867385, 1.000000000000000000, 0.9238795325112867385, 1.000000000000000000, 0.9238795325112867385, 1.000000000000000000, 0.9238795325112867385, 1.000000000000000000, 0.9238795325112867385, 1.000000000000000000, 0.9238795325112867385, 1.000000000000000000, 0.9238795325112867385, 1.000000000000000000, 0.9238795325112867385, 1.000000000000000000, 0.9238795325112867385, 1.000000000000000000, 0.9238795325112867385, 1.000000000000000000, 0.9238795325112867385, 1.000000000000000000, 0.9238795325112867385, 1.000000000000000000, 0.9238795325112867385, 1.000000000000000000, 0.9238795325112867385, 1.000000000000000000, 0.9238795325112867385, 1.000000000000000000, 0.9238795325112867385, 1.000000000000000000, 0.9238795325112867385, 1.000000000000000000, 0.9238795325112867385, 1.000000000000000000, 0.9238795325112867385, 1.000000000000000000, 0.9238795325112867385, 1.000000000000000000, 0.9238795325112867385, 1.000000000000000000, 0.9238795325112867385, 1.000000000000000000, 0.9238795325112867385, 1.000000000000000000, 0.9238795325112867385, 1.000000000000000000, 0.9238795325112867385, 1.000000000000000000, 0.9238795325112867385, 1.000000000000000000, 0.9238795325112867385, 1.000000000000000000, 0.9238795325112867385, 1.000000000000000000, 0.9238795325112867385, 1.000000000000000000, 0.9238795325112867385, 1.000000000000000000, 0.9238795325112867385, 1.000000000000000000),
 ( 1.000000000000000000, 0.9238795325112867385, 1.000000000000000000, 0.9238795325112867385, 1.000000000000000000, 0.9238795325112867385, 1.000000000000000000, 0.9238795325112867385, 1.000000000000000000, 0.9238795325112867385, 1.000000000000000000, 0.9238795325112867385, 1.000000000000000000, 0.9238795325112867385, 1.000000000000000000, 0.9238795325112867385, 1.000000000000000000, 0.9238795325112867385, 1.000000000000000000, 0.9238795325112867385, 1.000000000000000000, 0.9238795325112867385, 1.000000000000000000, 0.9238795325112867385, 1.000000000000000000, 0.9238795325112867385, 1.000000000000000000, 0.9238795325112867385, 1.000000000000000000, 0.9238795325112867385, 1.000000000000000000, 0.9238795325112867385, 1.000000000000000000, 0.9238795325112867385, 1.000000000000000000, 0.9238795325112867385, 1.000000000000000000, 0.9238795325112867385, 1.000000000000000000, 0.9238795325112867385, 1.000000000000000000, 0.9238795325112867385, 1.000000000000000000, 0.9238795325112867385, 1.000000000000000000, 0.9238795325112867385, 1.000000000000000000, 0.9238795325112867385, 1.000000000000000000, 0.9238795325112867385, 1.000000000000000000, 0.9238795325112867385, 1.000000000000000000, 0.9238795325112867385, 1.000000000000000000, 0.9238795325112867385, 1.000000000000000000, 0.9238795325112867385, 1.000000000000000000, 0.9238795325112867385, 1.000000000000000000, 0.9238795325112867385, 1.000000000000000000, 0.9238795325112867385, 1.000000000000000000, 0.9238795325112867385, 1.000000000000000000, 0.9238795325112867385, 1.000000000000000000, 0.9238795325112867385, 1.000000000000000000, 0.9238795325112867385, 1.000000000000000000, 0.9238795325112867385, 1.000000000000000000, 0.9238795325112867385, 1.000000000000000000, 0.9238795325112867385, 1.000000000000000000, 0.9238795325112867385, 1.000000000000000000, 0.9238795325112867385, 1.000000000000000000, 0.9238795325112867385, 1.000000000000000000, 0.9238795325112867385, 1.000000000000000000, 0.9238795325112867385, 1.000000000000000000, 0.9238795325112867385, 1.000000000000000000, 0.9238795325112867385, 1.000000000000000000, 0.9238795325112867385, 1.000000000000000000, 0.9238795325112867385, 1.000000000000000000) ) ) 
 REPRESENTATION_ITEM ( '' )  SURFACE ( )  );
#40 = EDGE_LOOP ( 'NONE', ( #1255, #948, #1326, #1844 ) ) ;
#41 = CARTESIAN_POINT ( 'NONE',  ( 4.263066253150151752, 0.9125000009559155467, -4.263066253150152640 ) ) ;
#42 = ORIENTED_EDGE ( 'NONE', *, *, #1810, .T. ) ;
#43 = CARTESIAN_POINT ( 'NONE',  ( -6.028886112499999506, -0.2656249990440838760, -2.497246393800305331 ) ) ;
#44 = ADVANCED_FACE ( 'NONE', ( #591 ), #1616, .T. ) ;
#45 = CARTESIAN_POINT ( 'NONE',  ( -6.028886112499999506, 1.281250000955916013, 0.000000000000000000 ) ) ;
#46 = EDGE_CURVE ( 'NONE', #1743, #2488, #2887, .T. ) ;
#47 = CARTESIAN_POINT ( 'NONE',  ( -3.995153313703991849, 0.3187500019118313932, 3.995153313703993625 ) ) ;
#48 = CARTESIAN_POINT ( 'NONE',  ( 7.981583755178286665, -0.7584545103091971940, 0.1754914111648230579 ) ) ;
#49 = DIRECTION ( 'NONE',  ( 1.000000000000000000, 0.000000000000000000, 0.000000000000000000 ) ) ;
#50 = CARTESIAN_POINT ( 'NONE',  ( -3.918887770104256596, 0.7959416612222371956, 6.946105155408034193 ) ) ;
#51 = SHAPE_DEFINITION_REPRESENTATION ( #473, #431 ) ;
#52 = DIRECTION ( 'NONE',  ( 0.8660254037844385966, -0.000000000000000000, 0.5000000000000001110 ) ) ;
#53 = ORIENTED_EDGE ( 'NONE', *, *, #1998, .T. ) ;
#54 = CARTESIAN_POINT ( 'NONE',  ( -2.497246393800307107, -2.415624999044085008, 6.028886112499998617 ) ) ;
#55 = CARTESIAN_POINT ( 'NONE',  ( 4.142771897803855907, 0.7584545103090736262, 6.824508588835182188 ) ) ;
#56 = ORIENTED_EDGE ( 'NONE', *, *, #2711, .T. ) ;
#57 = DIRECTION ( 'NONE',  ( -1.224646799147353207E-16, -0.000000000000000000, -1.000000000000000000 ) ) ;
#58 = CARTESIAN_POINT ( 'NONE',  ( 0.000000000000000000, 1.235355339059327928, 0.000000000000000000 ) ) ;
#59 = CARTESIAN_POINT ( 'NONE',  ( -6.028886112499997729, 1.328125000955916013, 2.497246393800309328 ) ) ;
#60 = CARTESIAN_POINT ( 'NONE',  ( -5.649999999999999467, 0.1781250019118312544, -2.340306627407986895 ) ) ;
#61 = EDGE_CURVE ( 'NONE', #825, #2337, #1668, .T. ) ;
#62 = CARTESIAN_POINT ( 'NONE',  ( -3.459627207591272669E-16, -0.1874999999999997224, -5.649999999999999467 ) ) ;
#63 = CARTESIAN_POINT ( 'NONE',  ( -4.185789451624787993, 1.250000000000000000, -6.749999999999999112 ) ) ;
#64 = DIRECTION ( 'NONE',  ( 0.5000000000000002220, 0.000000000000000000, -0.8660254037844385966 ) ) ;
#65 = VERTEX_POINT ( 'NONE', #1809 ) ;
#66 = FACE_OUTER_BOUND ( 'NONE', #1682, .T. ) ;
#67 = CIRCLE ( 'NONE', #1715, 20.50376903021599873 ) ;
#68 = CARTESIAN_POINT ( 'NONE',  ( 1.037888162277381603E-15, -0.5624999999999996669, 5.649999999999999467 ) ) ;
#69 = ORIENTED_EDGE ( 'NONE', *, *, #2377, .F. ) ;
#70 = CARTESIAN_POINT ( 'NONE',  ( -4.182365856182864938, 0.8082804653835410358, -6.755929841249968426 ) ) ;
#71 = AXIS2_PLACEMENT_3D ( 'NONE', #599, #806, #1491 ) ;
#72 = DIRECTION ( 'NONE',  ( -0.000000000000000000, -1.000000000000000000, -0.000000000000000000 ) ) ;
#73 = CIRCLE ( 'NONE', #919, 19.23679202833526602 ) ;
#74 = CARTESIAN_POINT ( 'NONE',  ( 4.263066253150152640, 0.06250000095591595750, 4.263066253150151752 ) ) ;
#75 = CARTESIAN_POINT ( 'NONE',  ( -5.649999999999999467, -0.5249999980881688844, 0.000000000000000000 ) ) ;
#76 = CARTESIAN_POINT ( 'NONE',  ( -7.938566201357355467, 0.7738560230093195491, 0.2499999999999972522 ) ) ;
#77 =( BOUNDED_CURVE ( )  B_SPLINE_CURVE ( 2, ( #799, #2801, #2111, #1209, #328, #2359, #1876, #133, #150 ),
 .UNSPECIFIED., .F., .F. ) 
 B_SPLINE_CURVE_WITH_KNOTS ( ( 3, 2, 2, 2, 3 ),
 ( 0.2916666666666666297, 0.3124999999999999445, 0.3333333333333332593, 0.3541666666666666852, 0.3750000000000000000 ),
 .UNSPECIFIED. ) 
 CURVE ( )  GEOMETRIC_REPRESENTATION_ITEM ( )  RATIONAL_B_SPLINE_CURVE ( ( 1.000000000000000222, 0.9238795325112865164, 1.000000000000000000, 0.9238795325112867385, 1.000000000000000000, 0.9238795325112867385, 1.000000000000000000, 0.9238795325112867385, 1.000000000000000000 ) ) 
 REPRESENTATION_ITEM ( '' )  );
#78 = EDGE_CURVE ( 'NONE', #2668, #1192, #2863, .T. ) ;
#79 = ORIENTED_EDGE ( 'NONE', *, *, #944, .F. ) ;
#80 = DIRECTION ( 'NONE',  ( -0.8660254037844390407, 0.000000000000000000, 0.4999999999999994449 ) ) ;
#81 = CARTESIAN_POINT ( 'NONE',  ( 5.649999999999999467, -0.3281249999999998335, -2.340306627407987339 ) ) ;
#82 = ORIENTED_EDGE ( 'NONE', *, *, #1356, .T. ) ;
#83 = CARTESIAN_POINT ( 'NONE',  ( -3.771014744809336516, -0.6499999999999855893, 4.207368274162671007 ) ) ;
#84 = CARTESIAN_POINT ( 'NONE',  ( 6.033589924159403317, -18.09333333333334082, -3.483494766893248773 ) ) ;
#85 = CARTESIAN_POINT ( 'NONE',  ( -6.028886112499999506, -1.015624999044084209, -2.497246393800304887 ) ) ;
#86 = CARTESIAN_POINT ( 'NONE',  ( 1.037888162277381603E-15, -1.087499998088168551, 5.649999999999999467 ) ) ;
#87 = B_SPLINE_CURVE_WITH_KNOTS ( 'NONE', 3,
 ( #1394, #1208, #2550, #2145 ),
 .UNSPECIFIED., .F., .F.,
 ( 4, 4 ),
 ( 2.439454888092384977E-19, 0.0002392131686292554447 ),
 .UNSPECIFIED. ) ;
#88 = CARTESIAN_POINT ( 'NONE',  ( 2.340306627407990003, 0.2343750000000002220, 5.649999999999998579 ) ) ;
#89 = AXIS2_PLACEMENT_3D ( 'NONE', #1915, #397, #2795 ) ;
#90 = CARTESIAN_POINT ( 'NONE',  ( 0.000000000000000000, -1.250000000000000000, 0.000000000000000000 ) ) ;
#91 = DIRECTION ( 'NONE',  ( 0.000000000000000000, 0.000000000000000000, -1.000000000000000000 ) ) ;
#92 = ORIENTED_EDGE ( 'NONE', *, *, #2203, .F. ) ;
#93 = VERTEX_POINT ( 'NONE', #442 ) ;
#94 = CARTESIAN_POINT ( 'NONE',  ( 2.497246393800309328, -1.571874999044084564, 6.028886112499997729 ) ) ;
#95 = CARTESIAN_POINT ( 'NONE',  ( -3.459627207591272669E-16, -0.1874999999999997224, -5.649999999999999467 ) ) ;
#96 = ORIENTED_EDGE ( 'NONE', *, *, #1245, .T. ) ;
#97 = CARTESIAN_POINT ( 'NONE',  ( 2.497246393800304887, 0.2968750009559159575, -6.028886112499999506 ) ) ;
#98 = ADVANCED_FACE ( 'NONE', ( #2860 ), #117, .T. ) ;
#99 = CARTESIAN_POINT ( 'NONE',  ( 1.529942974572899406, -0.7096791681822263165, -5.553556631828715062 ) ) ;
#100 = TOROIDAL_SURFACE ( 'NONE', #2157, 6.270710678118681436, 0.05000000000000000278 ) ;
#101 = CARTESIAN_POINT ( 'NONE',  ( 7.895264931168132883, 0.7738560230093169956, -0.2249999999999972300 ) ) ;
#102 = CARTESIAN_POINT ( 'NONE',  ( -3.761950552233683354, -0.8199775699195035461, -6.966989533786493105 ) ) ;
#103 = B_SPLINE_CURVE_WITH_KNOTS ( 'NONE', 3,
 ( #1362, #1777, #2448, #250, #1327, #922 ),
 .UNSPECIFIED., .F., .F.,
 ( 4, 2, 4 ),
 ( 0.000000000000000000, 0.0002395235539099549080, 0.0004790471078199098160 ),
 .UNSPECIFIED. ) ;
#104 = CARTESIAN_POINT ( 'NONE',  ( -3.752776749732565698, -0.7738560230093197712, 6.999999999999999112 ) ) ;
#105 = CARTESIAN_POINT ( 'NONE',  ( -7.938566201357355467, 0.7738560230093195491, 0.2499999999999972522 ) ) ;
#106 = CARTESIAN_POINT ( 'NONE',  ( 0.000000000000000000, 1.250000000000000000, -5.649999999999999467 ) ) ;
#107 = CARTESIAN_POINT ( 'NONE',  ( 1.107488412014558138E-15, 1.381250000955915658, 6.028886112499999506 ) ) ;
#108 = ORIENTED_EDGE ( 'NONE', *, *, #2572, .T. ) ;
#109 = ORIENTED_EDGE ( 'NONE', *, *, #209, .T. ) ;
#110 = CARTESIAN_POINT ( 'NONE',  ( 0.000000000000000000, -1.249999999999973355, 0.000000000000000000 ) ) ;
#111 = CARTESIAN_POINT ( 'NONE',  ( 4.142245179150154222, 0.7582659171152792421, 6.825420892304687293 ) ) ;
#112 = CARTESIAN_POINT ( 'NONE',  ( 3.752776749732567918, 0.7738560230093187720, 7.000000000000000888 ) ) ;
#113 = B_SPLINE_CURVE_WITH_KNOTS ( 'NONE', 3,
 ( #440, #1074, #2876, #851, #880, #2188, #2434, #1328, #2215, #221, #2004, #2332, #2117, #2479 ),
 .UNSPECIFIED., .F., .F.,
 ( 4, 2, 2, 2, 2, 2, 4 ),
 ( 0.000000000000000000, 0.001967202888504169037, 0.002950804332756253989, 0.003934405777008338073, 0.004918007221260422591, 0.005901608665512505375, 0.007868811554016674412 ),
 .UNSPECIFIED. ) ;
#114 = CARTESIAN_POINT ( 'NONE',  ( -4.185789451624785329, 1.250000000000000000, 6.750000000000000000 ) ) ;
#115 = ORIENTED_EDGE ( 'NONE', *, *, #2276, .F. ) ;
#116 = CARTESIAN_POINT ( 'NONE',  ( -2.497246393800305331, -0.3593749990440839870, -6.028886112499999506 ) ) ;
#117 =( BOUNDED_SURFACE ( )  B_SPLINE_SURFACE ( 3, 2, ( 
 ( #1330, #2669, #1542 ),
 ( #2420, #429, #2202 ),
 ( #223, #1750, #461 ),
 ( #2895, #207, #1101 ),
 ( #1990, #682, #2878 ),
 ( #1571, #1348, #2232 ) ),
 .UNSPECIFIED., .F., .F., .T. ) 
 B_SPLINE_SURFACE_WITH_KNOTS ( ( 4, 2, 4 ),
 ( 3, 3 ),
 ( 0.000000000000000000, 0.0002359440298829061297, 0.0004718880597658122594 ),
 ( 0.000000000000000000, 1.000000000000000000 ),
 .UNSPECIFIED. ) 
 GEOMETRIC_REPRESENTATION_ITEM ( )  RATIONAL_B_SPLINE_SURFACE ( (
 ( 1.000000000000000000, 0.8184713421158636981, 1.000000000000000000),
 ( 1.000000000000000000, 0.8281713033095285947, 1.000000000000000000),
 ( 1.000000000000000000, 0.8333394354238358170, 1.000000000000000000),
 ( 1.000000000000000000, 0.8333656076811736257, 1.000000000000000000),
 ( 1.000000000000000000, 0.8282338511422892013, 1.000000000000000000),
 ( 1.000000000000000000, 0.8184713421158592572, 1.000000000000000000) ) ) 
 REPRESENTATION_ITEM ( '' )  SURFACE ( )  );
#118 = B_SPLINE_CURVE_WITH_KNOTS ( 'NONE', 3,
 ( #163, #1930, #1716, #1022, #2811, #835 ),
 .UNSPECIFIED., .F., .F.,
 ( 4, 2, 4 ),
 ( 0.000000000000000000, 0.0002395235539099539865, 0.0004790471078199079729 ),
 .UNSPECIFIED. ) ;
#119 = CARTESIAN_POINT ( 'NONE',  ( 5.773529789848245386, -0.8000604341889478999, -0.6711218707894059943 ) ) ;
#120 = ADVANCED_FACE ( 'NONE', ( #237 ), #1132, .F. ) ;
#121 = CIRCLE ( 'NONE', #1717, 0.04999999999999965583 ) ;
#122 = CARTESIAN_POINT ( 'NONE',  ( 6.028886112499999506, -2.046874999044084209, -2.497246393800306219 ) ) ;
#123 = CARTESIAN_POINT ( 'NONE',  ( 3.752776749732567918, 0.7738560230093187720, 6.950000000000001066 ) ) ;
#124 = CIRCLE ( 'NONE', #2495, 19.23679202833526602 ) ;
#125 = CARTESIAN_POINT ( 'NONE',  ( 3.839865294681832353, -0.7582659171152799082, 7.000000000000000888 ) ) ;
#126 = CARTESIAN_POINT ( 'NONE',  ( 4.152614648042565193, -0.8199775699195024359, 6.741439512908515397 ) ) ;
#127 = CARTESIAN_POINT ( 'NONE',  ( -6.028886112499999506, 1.193750000955915658, 0.000000000000000000 ) ) ;
#128 = ORIENTED_EDGE ( 'NONE', *, *, #1260, .T. ) ;
#129 = CARTESIAN_POINT ( 'NONE',  ( -7.975001146223325676, 0.7959202560010321115, 4.694652499166996229E-14 ) ) ;
#130 = CARTESIAN_POINT ( 'NONE',  ( 4.185789451624787105, 0.7738560230093187720, 6.750000000000000888 ) ) ;
#131 = ORIENTED_EDGE ( 'NONE', *, *, #1053, .T. ) ;
#132 = CARTESIAN_POINT ( 'NONE',  ( -6.028886112499999506, 1.281250000955916013, 0.000000000000000000 ) ) ;
#133 = CARTESIAN_POINT ( 'NONE',  ( -2.340306627407987339, 0.08437500191183140708, -5.649999999999999467 ) ) ;
#134 =( BOUNDED_CURVE ( )  B_SPLINE_CURVE ( 2, ( #2650, #2634, #1775, #2691, #705, #663, #1537, #1595, #2475 ),
 .UNSPECIFIED., .F., .T. ) 
 B_SPLINE_CURVE_WITH_KNOTS ( ( 3, 2, 2, 2, 3 ),
 ( 0.3750000000000000000, 0.3958333333333333148, 0.4166666666666666852, 0.4375000000000000000, 0.4583333333333333148 ),
 .UNSPECIFIED. ) 
 CURVE ( )  GEOMETRIC_REPRESENTATION_ITEM ( )  RATIONAL_B_SPLINE_CURVE ( ( 1.000000000000000000, 0.9238795325112867385, 1.000000000000000000, 0.9238795325112867385, 1.000000000000000000, 0.9238795325112867385, 1.000000000000000000, 0.9238795325112867385, 1.000000000000000000 ) ) 
 REPRESENTATION_ITEM ( '' )  );
#135 = EDGE_CURVE ( 'NONE', #187, #2569, #957, .T. ) ;
#136 = CIRCLE ( 'NONE', #1543, 5.649999999999999467 ) ;
#137 = CARTESIAN_POINT ( 'NONE',  ( -3.761950552233681577, 0.8199775699195025469, 6.966989533786494881 ) ) ;
#138 = CARTESIAN_POINT ( 'NONE',  ( -8.005495326742181561, -0.7498782287194678542, -0.08767309785904235653 ) ) ;
#139 = CARTESIAN_POINT ( 'NONE',  ( -1.495230012265207029E-15, 18.09333333333334082, 6.966989533786495770 ) ) ;
#140 = ADVANCED_FACE ( 'NONE', ( #477 ), #1984, .T. ) ;
#141 = CARTESIAN_POINT ( 'NONE',  ( 3.842962554817506149, -0.7921354493311457690, -6.998828755514611366 ) ) ;
#142 = CARTESIAN_POINT ( 'NONE',  ( -6.062177826491069510, -18.09333333333334082, 3.499999999999999556 ) ) ;
#143 = CARTESIAN_POINT ( 'NONE',  ( -4.263066253150152640, 1.100000000955915658, -4.263066253150152640 ) ) ;
#144 = VERTEX_POINT ( 'NONE', #2735 ) ;
#145 = CIRCLE ( 'NONE', #2010, 6.808064006308498506 ) ;
#146 = CARTESIAN_POINT ( 'NONE',  ( -6.033589924159405982, -18.09333333333334082, 3.483494766893247441 ) ) ;
#147 = CARTESIAN_POINT ( 'NONE',  ( -7.953377713323376952, -0.8045375713930873474, -0.1583246995799081069 ) ) ;
#148 = EDGE_LOOP ( 'NONE', ( #2873, #2129, #1155, #1917 ) ) ;
#149 = CARTESIAN_POINT ( 'NONE',  ( 6.028886112499999506, 0.2031250009559158742, -2.497246393800306219 ) ) ;
#150 = CARTESIAN_POINT ( 'NONE',  ( -3.459627207591272669E-16, 0.03750000191183135850, -5.649999999999999467 ) ) ;
#151 = UNCERTAINTY_MEASURE_WITH_UNIT (LENGTH_MEASURE( 1.000000000000000082E-05 ), #2589, 'distance_accuracy_value', 'NONE');
#152 = AXIS2_PLACEMENT_3D ( 'NONE', #652, #415, #839 ) ;
#153 = CARTESIAN_POINT ( 'NONE',  ( -6.028886112499999506, -0.9687499990440840980, 0.000000000000000000 ) ) ;
#154 = CIRCLE ( 'NONE', #2289, 19.23679202833525892 ) ;
#155 = CARTESIAN_POINT ( 'NONE',  ( 0.000000000000000000, 1.250000000000000000, 0.000000000000000000 ) ) ;
#156 = EDGE_CURVE ( 'NONE', #2520, #2605, #1422, .T. ) ;
#157 = CARTESIAN_POINT ( 'NONE',  ( -5.649999999999998579, 0.04687500000000004163, 2.340306627407990891 ) ) ;
#158 = CARTESIAN_POINT ( 'NONE',  ( -7.982110473831988351, 0.7582659171152801303, 0.1745791076953105980 ) ) ;
#159 = CARTESIAN_POINT ( 'NONE',  ( -3.691628040048527127E-16, 1.006250000955915658, -6.028886112499999506 ) ) ;
#160 = ORIENTED_EDGE ( 'NONE', *, *, #2594, .F. ) ;
#161 = ADVANCED_FACE ( 'NONE', ( #747 ), #1643, .F. ) ;
#162 = CARTESIAN_POINT ( 'NONE',  ( 7.953814128964668662, 0.8043639600434414616, -0.1575688822469872852 ) ) ;
#163 = CARTESIAN_POINT ( 'NONE',  ( -3.761950552233681133, -0.8199775699195034351, 6.966989533786493105 ) ) ;
#164 = CARTESIAN_POINT ( 'NONE',  ( 3.752776749732567474, 0.7738560230093169956, 7.000000000000000888 ) ) ;
#165 = ORIENTED_EDGE ( 'NONE', *, *, #854, .T. ) ;
#166 = CARTESIAN_POINT ( 'NONE',  ( 2.497246393800304887, 1.796875000955916457, -6.028886112499999506 ) ) ;
#167 = FACE_OUTER_BOUND ( 'NONE', #1857, .T. ) ;
#168 = CARTESIAN_POINT ( 'NONE',  ( -3.928735043801019344, 0.7830435502941333059, 6.975695567288813237 ) ) ;
#169 = CARTESIAN_POINT ( 'NONE',  ( -4.849739574301870526, 0.7574278264391756110, 3.156633015898768768 ) ) ;
#170 = CARTESIAN_POINT ( 'NONE',  ( 5.650000000000000355, -2.446874998088168773, 2.340306627407986007 ) ) ;
#171 = AXIS2_PLACEMENT_3D ( 'NONE', #2703, #718, #2487 ) ;
#172 = CARTESIAN_POINT ( 'NONE',  ( 4.078767725035998382, -0.7498787235419632768, -6.889070512513973732 ) ) ;
#173 = CARTESIAN_POINT ( 'NONE',  ( 4.263066253150151752, 0.1625000009559155745, -4.263066253150152640 ) ) ;
#174 = VERTEX_POINT ( 'NONE', #83 ) ;
#175 = ADVANCED_FACE ( 'NONE', ( #2506 ), #728, .T. ) ;
#176 = CARTESIAN_POINT ( 'NONE',  ( -7.975001146223325676, -0.7959202560010323335, -4.689905090275211299E-14 ) ) ;
#177 = CARTESIAN_POINT ( 'NONE',  ( -7.914565200276250323, -0.8199775699194977729, 0.2255500208779749605 ) ) ;
#178 = VERTEX_POINT ( 'NONE', #979 ) ;
#179 = CARTESIAN_POINT ( 'NONE',  ( -6.028886112499999506, -1.015624999044084209, -2.497246393800304887 ) ) ;
#180 = EDGE_CURVE ( 'NONE', #349, #776, #2719, .T. ) ;
#181 = CARTESIAN_POINT ( 'NONE',  ( 1.088839081304479451E-15, -0.9273638846322490581, 5.927363884632268487 ) ) ;
#182 = CARTESIAN_POINT ( 'NONE',  ( -4.182365856182864938, 0.8082804653835409248, 6.755929841249971091 ) ) ;
#183 = CARTESIAN_POINT ( 'NONE',  ( 4.263066253150151752, 1.000000000955916013, -4.263066253150152640 ) ) ;
#184 = FACE_OUTER_BOUND ( 'NONE', #2341, .T. ) ;
#185 = CARTESIAN_POINT ( 'NONE',  ( 5.649999999999999467, -0.3281249999999998890, -2.340306627407988227 ) ) ;
#186 = CARTESIAN_POINT ( 'NONE',  ( -4.263066253150152640, -1.149999999044084564, -4.263066253150152640 ) ) ;
#187 = VERTEX_POINT ( 'NONE', #709 ) ;
#188 = CARTESIAN_POINT ( 'NONE',  ( 7.938566201357355467, 0.7738560230093169956, 0.2500000000000028311 ) ) ;
#189 =( NAMED_UNIT ( * ) PLANE_ANGLE_UNIT ( ) SI_UNIT ( $, .RADIAN. ) );
#190 = CARTESIAN_POINT ( 'NONE',  ( 1.107488412014558138E-15, -0.8687499990440842312, 6.028886112499999506 ) ) ;
#191 = VERTEX_POINT ( 'NONE', #518 ) ;
#192 = CARTESIAN_POINT ( 'NONE',  ( 3.759623940616409143, -0.8082804653835371500, 7.000000000000000888 ) ) ;
#193 = ORIENTED_EDGE ( 'NONE', *, *, #2686, .F. ) ;
#194 = DIRECTION ( 'NONE',  ( -0.8660254037844385966, 0.000000000000000000, -0.5000000000000001110 ) ) ;
#195 = EDGE_CURVE ( 'NONE', #1098, #2229, #1758, .T. ) ;
#196 = VECTOR ( 'NONE', #31, 1000.000000000000114 ) ;
#197 = CARTESIAN_POINT ( 'NONE',  ( -2.340306627407989115, 0.1406250000000001110, 5.649999999999998579 ) ) ;
#198 = CARTESIAN_POINT ( 'NONE',  ( -3.918887770104261037, -0.7959416612222371956, -6.946105155408034193 ) ) ;
#199 = CARTESIAN_POINT ( 'NONE',  ( -5.649999999999999467, 0.9750000019118313377, 0.000000000000000000 ) ) ;
#200 = VERTEX_POINT ( 'NONE', #299 ) ;
#201 = CARTESIAN_POINT ( 'NONE',  ( -7.914565200276248547, -0.8199775699195024359, -0.2255500208779829263 ) ) ;
#202 = CARTESIAN_POINT ( 'NONE',  ( 2.340306627407995332, 0.4593750019118314487, 5.649999999999993250 ) ) ;
#203 = CARTESIAN_POINT ( 'NONE',  ( 6.028886112499999506, 0.8656250009559155467, -2.497246393800306219 ) ) ;
#204 = ORIENTED_EDGE ( 'NONE', *, *, #2525, .F. ) ;
#205 = CARTESIAN_POINT ( 'NONE',  ( -6.028886112499999506, -1.765624999044083987, -2.497246393800304887 ) ) ;
#206 = ORIENTED_EDGE ( 'NONE', *, *, #2206, .T. ) ;
#207 = CARTESIAN_POINT ( 'NONE',  ( -3.929366889167729582, -0.7829987773376466675, 6.975460783295994283 ) ) ;
#208 = CARTESIAN_POINT ( 'NONE',  ( 2.497246393800308883, 0.7656250009559159020, 6.028886112499997729 ) ) ;
#209 = EDGE_CURVE ( 'NONE', #2337, #2065, #2247, .T. ) ;
#210 = DIRECTION ( 'NONE',  ( 0.8660254037844473674, 0.000000000000000000, 0.4999999999999847899 ) ) ;
#211 = AXIS2_PLACEMENT_3D ( 'NONE', #1409, #532, #2285 ) ;
#212 = CARTESIAN_POINT ( 'NONE',  ( -5.649999999999999467, -0.04687499999999960448, -2.340306627407986895 ) ) ;
#213 = CARTESIAN_POINT ( 'NONE',  ( 1.107488412014558138E-15, -2.368749999044084564, 6.028886112499999506 ) ) ;
#214 = DIRECTION ( 'NONE',  ( -0.000000000000000000, -1.000000000000000000, -0.000000000000000000 ) ) ;
#215 = DIRECTION ( 'NONE',  ( -0.9807866783896088680, -0.1950832937323898619, 8.926180679485790979E-16 ) ) ;
#216 = CARTESIAN_POINT ( 'NONE',  ( 7.953719043561654267, -0.8044017859520045111, -0.1577335749960653843 ) ) ;
#217 = AXIS2_PLACEMENT_3D ( 'NONE', #291, #526, #2051 ) ;
#218 = CARTESIAN_POINT ( 'NONE',  ( 4.263066253150151752, 0.1625000009559155745, -4.263066253150152640 ) ) ;
#219 = VERTEX_POINT ( 'NONE', #1658 ) ;
#220 = CARTESIAN_POINT ( 'NONE',  ( 4.263066253150152640, 0.7250000009559156577, 4.263066253150151752 ) ) ;
#221 = CARTESIAN_POINT ( 'NONE',  ( -5.370646205235355630, -0.7788388994618676842, 2.157715805129245101 ) ) ;
#222 = ORIENTED_EDGE ( 'NONE', *, *, #482, .T. ) ;
#223 = CARTESIAN_POINT ( 'NONE',  ( -4.056059642573736745, -0.7959416568390278446, 6.866908949900171422 ) ) ;
#224 = DIRECTION ( 'NONE',  ( 0.8660254037844439257, 0.000000000000000000, 0.4999999999999908962 ) ) ;
#225 = CARTESIAN_POINT ( 'NONE',  ( 3.761950552233682910, 0.8199775699194987721, 6.966989533786494881 ) ) ;
#226 = CARTESIAN_POINT ( 'NONE',  ( 5.649999999999999467, 0.4218750000000002220, -2.340306627407988227 ) ) ;
#227 = CARTESIAN_POINT ( 'NONE',  ( -3.995153313703993625, 1.631250001911831227, -3.995153313703993625 ) ) ;
#228 = EDGE_LOOP ( 'NONE', ( #837, #27 ) ) ;
#229 =( BOUNDED_SURFACE ( )  B_SPLINE_SURFACE ( 1, 2, ( 
 ( #1049, #1502, #1895, #361, #597, #2585, #631, #845, #2336, #2350, #2139, #833, #107, #1035, #1925, #580, #127, #346, #143, #1019, #159, #2792, #2380, #1681, #1233, #2617, #1742, #394, #2120, #1488, #819, #2365, #1250, #1277, #1000, #2806, #2556, #2168, #173, #565, #803, #1065, #379, #1952, #1713, #1266, #1939, #1519, #2393, #1696, #1215, #2193, #407, #1770, #658, #1092, #2179, #1754, #2628, #2883, #1320, #1107, #1562, #2208, #2441, #1802, #186, #449, #1078, #2407, #19, #873, #1548, #1996, #420, #886, #1786, #2867, #242, #1968, #2425, #700, #2658, #2236, #2011, #1337, #2688, #2673, #915, #1590, #433, #2851, #213, #1578, #1815, #671, #686 ),
 ( #642, #2224, #227, #1121, #5, #2458, #2644, #1294, #903, #466, #858, #1532, #1355, #1137, #1307, #2023, #199, #1981, #739, #982, #1633, #1878, #1186, #1369, #274, #2738, #726, #317, #2278, #1163, #47, #256, #2048, #60, #2528, #942, #2469, #1619, #508, #2082, #752, #481, #1647, #1398, #954, #287, #2755, #2035, #75, #2710, #768, #929, #1199, #1426, #523, #34, #2070, #2497, #1851, #1177, #86, #2059, #1839, #1383, #713, #2726, #2264, #1413, #2511, #970, #1827, #2699, #2250, #1149, #1864, #1603, #2292, #303, #536, #2303, #2484, #494, #2165, #1485, #1922, #1950, #331, #1468, #594, #170, #2150, #815, #2116, #2803, #1062, #1710, #2837 ) ),
 .UNSPECIFIED., .F., .F., .T. ) 
 B_SPLINE_SURFACE_WITH_KNOTS ( ( 2, 2 ),
 ( 3, 2, 2, 2, 2, 2, 2, 2, 2, 2, 2, 2, 2, 2, 2, 2, 2, 2, 2, 2, 2, 2, 2, 2, 2, 2, 2, 2, 2, 2, 2, 2, 2, 2, 2, 2, 2, 2, 2, 2, 2, 2, 2, 2, 2, 2, 2, 2, 3 ),
 ( 0.000000000000000000, 1.000000000000000000 ),
 ( 0.000000000000000000, 0.02083333333333333218, 0.04166666666666666435, 0.06250000000000000000, 0.08333333333333332871, 0.1041666666666666713, 0.1250000000000000000, 0.1458333333333333426, 0.1666666666666666574, 0.1875000000000000000, 0.2083333333333333426, 0.2291666666666666574, 0.2500000000000000000, 0.2708333333333333148, 0.2916666666666666852, 0.3125000000000000000, 0.3333333333333333148, 0.3541666666666666852, 0.3750000000000000000, 0.3958333333333333148, 0.4166666666666666852, 0.4375000000000000000, 0.4583333333333333148, 0.4791666666666666852, 0.5000000000000000000, 0.5208333333333333703, 0.5416666666666666297, 0.5625000000000000000, 0.5833333333333333703, 0.6041666666666666297, 0.6250000000000000000, 0.6458333333333333703, 0.6666666666666666297, 0.6875000000000000000, 0.7083333333333333703, 0.7291666666666666297, 0.7500000000000000000, 0.7708333333333333703, 0.7916666666666666297, 0.8125000000000000000, 0.8333333333333333703, 0.8541666666666666297, 0.8750000000000000000, 0.8958333333333333703, 0.9166666666666666297, 0.9375000000000000000, 0.9583333333333333703, 0.9791666666666666297, 1.000000000000000000 ),
 .UNSPECIFIED. ) 
 GEOMETRIC_REPRESENTATION_ITEM ( )  RATIONAL_B_SPLINE_SURFACE ( (
 ( 1.000000000000000000, 0.9238795325112867385, 1.000000000000000000, 0.9238795325112867385, 1.000000000000000000, 0.9238795325112867385, 1.000000000000000000, 0.9238795325112867385, 1.000000000000000000, 0.9238795325112867385, 1.000000000000000000, 0.9238795325112867385, 1.000000000000000000, 0.9238795325112867385, 1.000000000000000000, 0.9238795325112867385, 1.000000000000000000, 0.9238795325112867385, 1.000000000000000000, 0.9238795325112867385, 1.000000000000000000, 0.9238795325112867385, 1.000000000000000000, 0.9238795325112867385, 1.000000000000000000, 0.9238795325112867385, 1.000000000000000000, 0.9238795325112867385, 1.000000000000000000, 0.9238795325112867385, 1.000000000000000000, 0.9238795325112867385, 1.000000000000000000, 0.9238795325112867385, 1.000000000000000000, 0.9238795325112867385, 1.000000000000000000, 0.9238795325112867385, 1.000000000000000000, 0.9238795325112867385, 1.000000000000000000, 0.9238795325112867385, 1.000000000000000000, 0.9238795325112867385, 1.000000000000000000, 0.9238795325112867385, 1.000000000000000000, 0.9238795325112867385, 1.000000000000000000, 0.9238795325112867385, 1.000000000000000000, 0.9238795325112867385, 1.000000000000000000, 0.9238795325112867385, 1.000000000000000000, 0.9238795325112867385, 1.000000000000000000, 0.9238795325112867385, 1.000000000000000000, 0.9238795325112867385, 1.000000000000000000, 0.9238795325112867385, 1.000000000000000000, 0.9238795325112867385, 1.000000000000000000, 0.9238795325112867385, 1.000000000000000000, 0.9238795325112867385, 1.000000000000000000, 0.9238795325112867385, 1.000000000000000000, 0.9238795325112867385, 1.000000000000000000, 0.9238795325112867385, 1.000000000000000000, 0.9238795325112867385, 1.000000000000000000, 0.9238795325112867385, 1.000000000000000000, 0.9238795325112867385, 1.000000000000000000, 0.9238795325112867385, 1.000000000000000000, 0.9238795325112867385, 1.000000000000000000, 0.9238795325112867385, 1.000000000000000000, 0.9238795325112867385, 1.000000000000000000, 0.9238795325112867385, 1.000000000000000000, 0.9238795325112867385, 1.000000000000000000, 0.9238795325112867385, 1.000000000000000000, 0.9238795325112867385, 1.000000000000000000),
 ( 1.000000000000000000, 0.9238795325112867385, 1.000000000000000000, 0.9238795325112867385, 1.000000000000000000, 0.9238795325112867385, 1.000000000000000000, 0.9238795325112867385, 1.000000000000000000, 0.9238795325112867385, 1.000000000000000000, 0.9238795325112867385, 1.000000000000000000, 0.9238795325112867385, 1.000000000000000000, 0.9238795325112867385, 1.000000000000000000, 0.9238795325112867385, 1.000000000000000000, 0.9238795325112867385, 1.000000000000000000, 0.9238795325112867385, 1.000000000000000000, 0.9238795325112867385, 1.000000000000000000, 0.9238795325112867385, 1.000000000000000000, 0.9238795325112867385, 1.000000000000000000, 0.9238795325112867385, 1.000000000000000000, 0.9238795325112867385, 1.000000000000000000, 0.9238795325112867385, 1.000000000000000000, 0.9238795325112867385, 1.000000000000000000, 0.9238795325112867385, 1.000000000000000000, 0.9238795325112867385, 1.000000000000000000, 0.9238795325112867385, 1.000000000000000000, 0.9238795325112867385, 1.000000000000000000, 0.9238795325112867385, 1.000000000000000000, 0.9238795325112867385, 1.000000000000000000, 0.9238795325112867385, 1.000000000000000000, 0.9238795325112867385, 1.000000000000000000, 0.9238795325112867385, 1.000000000000000000, 0.9238795325112867385, 1.000000000000000000, 0.9238795325112867385, 1.000000000000000000, 0.9238795325112867385, 1.000000000000000000, 0.9238795325112867385, 1.000000000000000000, 0.9238795325112867385, 1.000000000000000000, 0.9238795325112867385, 1.000000000000000000, 0.9238795325112867385, 1.000000000000000000, 0.9238795325112867385, 1.000000000000000000, 0.9238795325112867385, 1.000000000000000000, 0.9238795325112867385, 1.000000000000000000, 0.9238795325112867385, 1.000000000000000000, 0.9238795325112867385, 1.000000000000000000, 0.9238795325112867385, 1.000000000000000000, 0.9238795325112867385, 1.000000000000000000, 0.9238795325112867385, 1.000000000000000000, 0.9238795325112867385, 1.000000000000000000, 0.9238795325112867385, 1.000000000000000000, 0.9238795325112867385, 1.000000000000000000, 0.9238795325112867385, 1.000000000000000000, 0.9238795325112867385, 1.000000000000000000, 0.9238795325112867385, 1.000000000000000000) ) ) 
 REPRESENTATION_ITEM ( '' )  SURFACE ( )  );
#230 = ADVANCED_FACE ( 'NONE', ( #1183 ), #1733, .T. ) ;
#231 = CARTESIAN_POINT ( 'NONE',  ( 5.263985701207046120, 0.9149217490669571129, 2.716433399835810114 ) ) ;
#232 = CARTESIAN_POINT ( 'NONE',  ( -8.673617379884035472E-16, 1.250000000000000000, 0.000000000000000000 ) ) ;
#233 = CARTESIAN_POINT ( 'NONE',  ( -3.691628040048527127E-16, -0.4937499990440843423, -6.028886112499999506 ) ) ;
#234 = VERTEX_POINT ( 'NONE', #2695 ) ;
#235 = CARTESIAN_POINT ( 'NONE',  ( 6.028886112500001282, -0.7281249990440845643, 2.497246393800303998 ) ) ;
#236 = ORIENTED_EDGE ( 'NONE', *, *, #1826, .F. ) ;
#237 = FACE_OUTER_BOUND ( 'NONE', #1050, .T. ) ;
#238 = CIRCLE ( 'NONE', #1499, 0.04999999999999969746 ) ;
#239 = CARTESIAN_POINT ( 'NONE',  ( 4.182365856182864050, -0.8082804653835383712, 6.755929841249972867 ) ) ;
#240 = CARTESIAN_POINT ( 'NONE',  ( 1.107488412014558138E-15, -0.7812499990440838760, 6.028886112499999506 ) ) ;
#241 = CARTESIAN_POINT ( 'NONE',  ( -2.340306627407987339, 0.6093750000000003331, -5.649999999999999467 ) ) ;
#242 = CARTESIAN_POINT ( 'NONE',  ( -4.263066253150150864, -1.712499999044084564, 4.263066253150152640 ) ) ;
#243 = PRODUCT_DEFINITION_FORMATION_WITH_SPECIFIED_SOURCE ( 'ANY', '', #2256, .NOT_KNOWN. ) ;
#244 = CARTESIAN_POINT ( 'NONE',  ( 4.098504216708782621, 0.8904229992492768142, 4.242843114554234241 ) ) ;
#245 = CARTESIAN_POINT ( 'NONE',  ( -4.113410001631609525, 0.8043815759689733058, 6.809343952385058074 ) ) ;
#246 = EDGE_CURVE ( 'NONE', #586, #2225, #67, .T. ) ;
#247 = CIRCLE ( 'NONE', #855, 6.791462024506332185 ) ;
#248 = CARTESIAN_POINT ( 'NONE',  ( -4.263066253150150864, -0.2124999990440845365, 4.263066253150152640 ) ) ;
#249 = ORIENTED_EDGE ( 'NONE', *, *, #1697, .T. ) ;
#250 = CARTESIAN_POINT ( 'NONE',  ( 4.056059636889282949, -0.7959416612222368625, -6.866908941194456162 ) ) ;
#251 = CARTESIAN_POINT ( 'NONE',  ( 2.497246393800304887, 0.2093750009559156022, -6.028886112499999506 ) ) ;
#252 = VERTEX_POINT ( 'NONE', #2260 ) ;
#253 = CARTESIAN_POINT ( 'NONE',  ( -3.927374447313985328, 0.7498361086696829769, -6.976614753953800374 ) ) ;
#254 = B_SPLINE_CURVE_WITH_KNOTS ( 'NONE', 3,
 ( #396, #1899, #1281, #1051, #568, #363 ),
 .UNSPECIFIED., .F., .F.,
 ( 4, 2, 4 ),
 ( 0.000000000000000000, 0.0002618488026665099903, 0.0005236976053330199806 ),
 .UNSPECIFIED. ) ;
#255 = CARTESIAN_POINT ( 'NONE',  ( 1.107488412014558138E-15, -0.03124999904408412577, 6.028886112499999506 ) ) ;
#256 = CARTESIAN_POINT ( 'NONE',  ( -5.649999999999998579, 0.2718750019118313377, 2.340306627407990891 ) ) ;
#257 = CARTESIAN_POINT ( 'NONE',  ( -7.953377713323535048, 0.8045375713930241757, 0.1583246995800079160 ) ) ;
#258 = DIRECTION ( 'NONE',  ( 0.000000000000000000, -0.000000000000000000, 1.000000000000000000 ) ) ;
#259 = DIRECTION ( 'NONE',  ( 0.000000000000000000, 1.000000000000000000, 0.000000000000000000 ) ) ;
#260 =( NAMED_UNIT ( * ) SI_UNIT ( $, .STERADIAN. ) SOLID_ANGLE_UNIT ( ) );
#261 = CARTESIAN_POINT ( 'NONE',  ( -5.287447555987829340, -1.028886112499977745, -2.896612866810767795 ) ) ;
#262 = ORIENTED_EDGE ( 'NONE', *, *, #2343, .F. ) ;
#263 = ADVANCED_FACE ( 'NONE', ( #267 ), #495, .T. ) ;
#264 = TOROIDAL_SURFACE ( 'NONE', #2068, 19.23679202833525892, 0.05000000000000000278 ) ;
#265 = CARTESIAN_POINT ( 'NONE',  ( 1.107488412014558138E-15, -0.1187499990440844672, 6.028886112499999506 ) ) ;
#266 = EDGE_LOOP ( 'NONE', ( #131, #1036, #1100, #1986, #1303 ) ) ;
#267 = FACE_OUTER_BOUND ( 'NONE', #2797, .T. ) ;
#268 = CIRCLE ( 'NONE', #874, 19.28381708273946415 ) ;
#269 = AXIS2_PLACEMENT_3D ( 'NONE', #1621, #1816, #2060 ) ;
#270 = EDGE_CURVE ( 'NONE', #2891, #421, #87, .T. ) ;
#271 = CARTESIAN_POINT ( 'NONE',  ( -2.600238792236609697, -0.9614371350391086590, 5.406340887303430875 ) ) ;
#272 = CARTESIAN_POINT ( 'NONE',  ( -6.028886112499999506, -0.2187499990440842923, 0.000000000000000000 ) ) ;
#273 = CARTESIAN_POINT ( 'NONE',  ( 2.497246393800304887, 0.2968750009559159575, -6.028886112499999506 ) ) ;
#274 = CARTESIAN_POINT ( 'NONE',  ( 5.649999999999999467, 0.6000000019118312267, -6.919254415182545337E-16 ) ) ;
#275 = CARTESIAN_POINT ( 'NONE',  ( 7.938566201357355467, -0.7738560230093157744, 0.2500000000000036637 ) ) ;
#276 = CARTESIAN_POINT ( 'NONE',  ( 0.000000000000000000, 18.09333333333334082, -6.949999999999998401 ) ) ;
#277 = DIRECTION ( 'NONE',  ( 0.8660254037844383745, 0.000000000000000000, -0.5000000000000004441 ) ) ;
#278 = ORIENTED_EDGE ( 'NONE', *, *, #1245, .F. ) ;
#279 = AXIS2_PLACEMENT_3D ( 'NONE', #1420, #2534, #281 ) ;
#280 = CARTESIAN_POINT ( 'NONE',  ( 6.028886112499999506, 1.568750000955915658, -7.383256080097054254E-16 ) ) ;
#281 = DIRECTION ( 'NONE',  ( 0.1950832937323927763, -0.9807866783896082019, 0.000000000000000000 ) ) ;
#282 = VERTEX_POINT ( 'NONE', #938 ) ;
#283 = CARTESIAN_POINT ( 'NONE',  ( -8.673617379884035472E-16, -18.09333333333334082, 0.000000000000000000 ) ) ;
#284 = CARTESIAN_POINT ( 'NONE',  ( -6.028886112499997729, -0.9218749990440839870, 2.497246393800308883 ) ) ;
#285 = ADVANCED_FACE ( 'NONE', ( #2815 ), #39, .T. ) ;
#286 = CARTESIAN_POINT ( 'NONE',  ( -3.691628040048527127E-16, 1.093750000955916013, -6.028886112499999506 ) ) ;
#287 = CARTESIAN_POINT ( 'NONE',  ( -2.340306627407989115, -0.3843749980881687733, 5.649999999999998579 ) ) ;
#288 = CARTESIAN_POINT ( 'NONE',  ( -7.975054666559923788, 0.7958989382166317128, -0.07858283210528183016 ) ) ;
#289 = CARTESIAN_POINT ( 'NONE',  ( 0.5604898222122480789, 0.9502129694550947026, -5.950212969457424173 ) ) ;
#290 = CARTESIAN_POINT ( 'NONE',  ( -3.691628040048527127E-16, 1.028886112499978189, -6.028886112499999506 ) ) ;
#291 = CARTESIAN_POINT ( 'NONE',  ( 7.679405760337172222E-16, 1.200000000000000178, -6.270710678118681436 ) ) ;
#292 = ORIENTED_EDGE ( 'NONE', *, *, #646, .T. ) ;
#293 = AXIS2_PLACEMENT_3D ( 'NONE', #1381, #2696, #952 ) ;
#294 = B_SPLINE_CURVE_WITH_KNOTS ( 'NONE', 3,
 ( #22, #1817, #2608, #704 ),
 .UNSPECIFIED., .F., .F.,
 ( 4, 4 ),
 ( 0.0002392131686292554447, 0.0004790471078199050456 ),
 .UNSPECIFIED. ) ;
#295 = AXIS2_PLACEMENT_3D ( 'NONE', #2402, #1140, #1762 ) ;
#296 = CARTESIAN_POINT ( 'NONE',  ( 4.263066253150152640, -2.274999999044084564, 4.263066253150151752 ) ) ;
#297 = CARTESIAN_POINT ( 'NONE',  ( 5.650000000000000355, -0.4218749999999999445, 2.340306627407986007 ) ) ;
#298 = EDGE_LOOP ( 'NONE', ( #79, #2665, #2018, #1884 ) ) ;
#299 = CARTESIAN_POINT ( 'NONE',  ( 4.185789451624783553, -0.7738560230093211034, -6.750000000000000000 ) ) ;
#300 = CARTESIAN_POINT ( 'NONE',  ( 7.981583755178243145, 0.7584545103086953732, -0.1754914111648912811 ) ) ;
#301 = ADVANCED_FACE ( 'NONE', ( #988 ), #352, .F. ) ;
#302 = CARTESIAN_POINT ( 'NONE',  ( -6.028886112499999506, 1.234375000955915791, -2.497246393800304887 ) ) ;
#303 = CARTESIAN_POINT ( 'NONE',  ( -2.340306627407989115, -1.884374998088168773, 5.649999999999998579 ) ) ;
#304 = CARTESIAN_POINT ( 'NONE',  ( 3.995153313703992737, 0.4687500000000002220, -3.995153313703993625 ) ) ;
#305 = CARTESIAN_POINT ( 'NONE',  ( -3.926820533396683910, -0.7498782287194697416, -6.976798871765851118 ) ) ;
#306 = CARTESIAN_POINT ( 'NONE',  ( 3.752776749732567918, -0.7738560230093193271, 7.000000000000000888 ) ) ;
#307 = EDGE_LOOP ( 'NONE', ( #1533, #92, #1127, #1347, #632 ) ) ;
#308 =( BOUNDED_SURFACE ( )  B_SPLINE_SURFACE ( 3, 2, ( 
 ( #102, #830, #1212 ),
 ( #2136, #2553, #1029 ),
 ( #2316, #2597, #607 ),
 ( #1498, #1439, #1693 ),
 ( #1726, #2375, #2097 ),
 ( #390, #2580, #785 ) ),
 .UNSPECIFIED., .F., .F., .T. ) 
 B_SPLINE_SURFACE_WITH_KNOTS ( ( 4, 2, 4 ),
 ( 3, 3 ),
 ( 0.000000000000000000, 0.0002359440298829060213, 0.0004718880597658120426 ),
 ( 0.000000000000000000, 1.000000000000000000 ),
 .UNSPECIFIED. ) 
 GEOMETRIC_REPRESENTATION_ITEM ( )  RATIONAL_B_SPLINE_SURFACE ( (
 ( 1.000000000000000000, 0.8184713421158634761, 1.000000000000000000),
 ( 1.000000000000000000, 0.8281713033094618703, 1.000000000000000000),
 ( 1.000000000000000000, 0.8333394354239200830, 1.000000000000000000),
 ( 1.000000000000000000, 0.8333656076810831426, 1.000000000000000000),
 ( 1.000000000000000000, 0.8282338511423550376, 1.000000000000000000),
 ( 1.000000000000000000, 0.8184713421158639202, 1.000000000000000000) ) ) 
 REPRESENTATION_ITEM ( '' )  SURFACE ( )  );
#309 = CARTESIAN_POINT ( 'NONE',  ( 6.033589924159407758, 18.09333333333334082, 3.483494766893250105 ) ) ;
#310 = CARTESIAN_POINT ( 'NONE',  ( -7.975001146223325676, 0.7959202560010321115, 4.694652499166996229E-14 ) ) ;
#311 = ORIENTED_EDGE ( 'NONE', *, *, #1824, .T. ) ;
#312 = CARTESIAN_POINT ( 'NONE',  ( -4.139933223169240506, 0.7922304210780440892, -6.827096513878198714 ) ) ;
#313 = CIRCLE ( 'NONE', #1242, 19.28381708273945705 ) ;
#314 = CARTESIAN_POINT ( 'NONE',  ( 2.909357224170534106, -0.8881079909832888530, 5.133113911898245618 ) ) ;
#315 = AXIS2_PLACEMENT_3D ( 'NONE', #2839, #1456, #611 ) ;
#316 = CARTESIAN_POINT ( 'NONE',  ( 6.028886112499999506, -2.093749999044084209, -7.383256080097054254E-16 ) ) ;
#317 = CARTESIAN_POINT ( 'NONE',  ( 2.340306627407990003, 0.4593750019118312822, 5.649999999999998579 ) ) ;
#318 = CARTESIAN_POINT ( 'NONE',  ( -8.005493934817385693, 0.7498787235421283670, 0.08778120976028049027 ) ) ;
#319 = CARTESIAN_POINT ( 'NONE',  ( 4.185789451624783553, 0.7738560230093195491, -6.750000000000000000 ) ) ;
#320 = DIRECTION ( 'NONE',  ( 0.5000000000000002220, 0.000000000000000000, 0.8660254037844384856 ) ) ;
#321 = ORIENTED_EDGE ( 'NONE', *, *, #2222, .F. ) ;
#322 = EDGE_CURVE ( 'NONE', #1821, #200, #2865, .T. ) ;
#323 = CARTESIAN_POINT ( 'NONE',  ( 6.028886112500001282, -1.478124999044084564, 2.497246393800303998 ) ) ;
#324 = CARTESIAN_POINT ( 'NONE',  ( 3.842962554817532794, 0.7921354493311845157, 6.998828755514483468 ) ) ;
#325 = ORIENTED_EDGE ( 'NONE', *, *, #1395, .T. ) ;
#326 = CARTESIAN_POINT ( 'NONE',  ( -6.028886112499999506, 0.5312500009559159020, 0.000000000000000000 ) ) ;
#327 = FACE_OUTER_BOUND ( 'NONE', #2027, .T. ) ;
#328 = CARTESIAN_POINT ( 'NONE',  ( -5.649999999999999467, 0.2250000019118313099, 0.000000000000000000 ) ) ;
#329 = CARTESIAN_POINT ( 'NONE',  ( -5.386676020823206734, 0.6884788793525011830, -1.850950120179422953 ) ) ;
#330 = B_SPLINE_CURVE_WITH_KNOTS ( 'NONE', 3,
 ( #2037, #289, #1622, #1401, #1854, #2500, #2728, #2073, #2472, #741 ),
 .UNSPECIFIED., .F., .F.,
 ( 4, 2, 2, 2, 4 ),
 ( 0.001162883052328782772, 0.002851817327648524612, 0.004540751602968266451, 0.006229685878288006989, 0.007918620153607747528 ),
 .UNSPECIFIED. ) ;
#331 = CARTESIAN_POINT ( 'NONE',  ( 3.995153313703992737, -2.306249998088168773, -3.995153313703993625 ) ) ;
#332 = CARTESIAN_POINT ( 'NONE',  ( 7.938566201357357244, -0.7738560230093163295, -0.2499999999999946987 ) ) ;
#333 = CARTESIAN_POINT ( 'NONE',  ( 5.649999999999999467, 1.171875000000000222, -2.340306627407988227 ) ) ;
#334 = VERTEX_POINT ( 'NONE', #112 ) ;
#335 = ORIENTED_EDGE ( 'NONE', *, *, #766, .F. ) ;
#336 = DIRECTION ( 'NONE',  ( 0.5000000000000001110, 0.000000000000000000, -0.8660254037844385966 ) ) ;
#337 = ADVANCED_FACE ( 'NONE', ( #66 ), #1235, .T. ) ;
#338 = VERTEX_POINT ( 'NONE', #1405 ) ;
#339 = CARTESIAN_POINT ( 'NONE',  ( 2.497246393800309328, 0.7656250009559159020, 6.028886112499997729 ) ) ;
#340 = CARTESIAN_POINT ( 'NONE',  ( -8.673617379884035472E-16, -18.09333333333334082, 0.000000000000000000 ) ) ;
#341 = CARTESIAN_POINT ( 'NONE',  ( 4.390547701053124641, -0.7548270107462875522, -3.739966807801111237 ) ) ;
#342 = CARTESIAN_POINT ( 'NONE',  ( 1.107488412014558138E-15, -1.531249999044084209, 6.028886112499999506 ) ) ;
#343 = DIRECTION ( 'NONE',  ( -1.000000000000000000, 0.000000000000000000, 1.224646799147352961E-16 ) ) ;
#344 = CARTESIAN_POINT ( 'NONE',  ( 4.078157140494596433, -0.7498365998540335031, 6.889558729919968982 ) ) ;
#345 = CARTESIAN_POINT ( 'NONE',  ( -3.995153313703993625, 2.156250000000000000, -3.995153313703993625 ) ) ;
#346 = CARTESIAN_POINT ( 'NONE',  ( -6.028886112499999506, 1.146875000955915436, -2.497246393800304887 ) ) ;
#347 = ORIENTED_EDGE ( 'NONE', *, *, #1159, .T. ) ;
#348 = CARTESIAN_POINT ( 'NONE',  ( 8.005611451222844011, -0.7498365998540330590, -0.08700831933323961709 ) ) ;
#349 = VERTEX_POINT ( 'NONE', #2310 ) ;
#350 = CARTESIAN_POINT ( 'NONE',  ( 6.028886112500001282, -0.6406249990440843201, 2.497246393800303998 ) ) ;
#351 = ADVANCED_FACE ( 'NONE', ( #2106 ), #1180, .T. ) ;
#352 = CONICAL_SURFACE ( 'NONE', #2346, 6.250000000000000000, 0.7853981633974590482 ) ;
#353 = CARTESIAN_POINT ( 'NONE',  ( 5.286493262416087191, -0.8419411628825765881, 2.493368483102069710 ) ) ;
#354 = EDGE_CURVE ( 'NONE', #2776, #672, #268, .T. ) ;
#355 = CIRCLE ( 'NONE', #2351, 6.808064006308498506 ) ;
#356 = CARTESIAN_POINT ( 'NONE',  ( 2.497246393800309328, -2.234374999044084209, 6.028886112499997729 ) ) ;
#357 = DIRECTION ( 'NONE',  ( 1.000000000000000000, 0.000000000000000000, 0.000000000000000000 ) ) ;
#358 = AXIS2_PLACEMENT_3D ( 'NONE', #733, #515, #2064 ) ;
#359 = CARTESIAN_POINT ( 'NONE',  ( 7.914565200276248547, -0.8199775699195023249, 0.2255500208779835924 ) ) ;
#360 = CARTESIAN_POINT ( 'NONE',  ( 3.927374447313995542, -0.7498361086696879729, -6.976614753953791492 ) ) ;
#361 = CARTESIAN_POINT ( 'NONE',  ( -2.497246393800305331, 1.803125000955915436, -6.028886112499999506 ) ) ;
#362 = VERTEX_POINT ( 'NONE', #2718 ) ;
#363 = CARTESIAN_POINT ( 'NONE',  ( -4.185789451624785329, 0.7738560230093162184, 6.750000000000000000 ) ) ;
#364 = PRESENTATION_STYLE_ASSIGNMENT (( #1282 ) ) ;
#365 = FACE_OUTER_BOUND ( 'NONE', #1145, .T. ) ;
#366 = ORIENTED_EDGE ( 'NONE', *, *, #2831, .F. ) ;
#367 = CARTESIAN_POINT ( 'NONE',  ( 2.497246393800309328, 1.515625000955916013, 6.028886112499997729 ) ) ;
#368 = CARTESIAN_POINT ( 'NONE',  ( -3.927454310728246245, 0.7498365998540329480, -6.976567049253211472 ) ) ;
#369 = CARTESIAN_POINT ( 'NONE',  ( 4.630468550541674944, -0.7597454512705019702, -3.446156254565259758 ) ) ;
#370 = CARTESIAN_POINT ( 'NONE',  ( -3.842472403522091184, 0.7922304210779123057, 6.998835598174880879 ) ) ;
#371 = VECTOR ( 'NONE', #1054, 1000.000000000000000 ) ;
#372 = DIRECTION ( 'NONE',  ( -0.000000000000000000, -1.000000000000000000, -0.000000000000000000 ) ) ;
#373 = EDGE_CURVE ( 'NONE', #2681, #2370, #1387, .T. ) ;
#374 = CARTESIAN_POINT ( 'NONE',  ( 0.000000000000000000, 18.09333333333334082, 0.000000000000000000 ) ) ;
#375 = CARTESIAN_POINT ( 'NONE',  ( -3.995153313703993625, -0.09374999999999965306, -3.995153313703993625 ) ) ;
#376 = B_SPLINE_CURVE_WITH_KNOTS ( 'NONE', 3,
 ( #2409, #422, #1309, #2195 ),
 .UNSPECIFIED., .F., .F.,
 ( 4, 4 ),
 ( 0.003258676119747169492, 0.004426587605743279377 ),
 .UNSPECIFIED. ) ;
#377 = CARTESIAN_POINT ( 'NONE',  ( 2.340306627407990003, 1.734375000000000222, 5.649999999999998579 ) ) ;
#378 = DIRECTION ( 'NONE',  ( 0.000000000000000000, 1.000000000000000000, 0.000000000000000000 ) ) ;
#379 = CARTESIAN_POINT ( 'NONE',  ( 4.263066253150152640, -0.02499999904408438042, 4.263066253150151752 ) ) ;
#380 = ORIENTED_EDGE ( 'NONE', *, *, #535, .F. ) ;
#381 = VECTOR ( 'NONE', #999, 1000.000000000000000 ) ;
#382 = DIRECTION ( 'NONE',  ( 0.8660254037844387076, -0.000000000000000000, 0.5000000000000003331 ) ) ;
#383 = CARTESIAN_POINT ( 'NONE',  ( -8.005609686020186189, -0.7829987773374869064, 0.08479884483932667583 ) ) ;
#384 = ORIENTED_EDGE ( 'NONE', *, *, #2611, .T. ) ;
#385 = CARTESIAN_POINT ( 'NONE',  ( -2.497246393800307107, 0.6718750009559159020, 6.028886112499998617 ) ) ;
#386 = AXIS2_PLACEMENT_3D ( 'NONE', #84, #2551, #2328 ) ;
#387 = CARTESIAN_POINT ( 'NONE',  ( -2.497246393800305331, 0.3906250009559161240, -6.028886112499999506 ) ) ;
#388 = AXIS2_PLACEMENT_3D ( 'NONE', #561, #1662, #1016 ) ;
#389 = DIRECTION ( 'NONE',  ( 0.4903933391948054332, 0.1950832937323840888, 0.8493861791787601367 ) ) ;
#390 = CARTESIAN_POINT ( 'NONE',  ( -4.152614648042565193, -0.8199775699195002154, -6.741439512908515397 ) ) ;
#391 = EDGE_CURVE ( 'NONE', #2891, #1002, #1013, .T. ) ;
#392 = CARTESIAN_POINT ( 'NONE',  ( -3.839876905351300884, -0.7582638386379517703, 6.999999999999998224 ) ) ;
#393 = CARTESIAN_POINT ( 'NONE',  ( 3.995153313703993625, 1.781250000000000222, 3.995153313703992737 ) ) ;
#394 = CARTESIAN_POINT ( 'NONE',  ( 2.497246393800309328, 0.6781250009559155467, 6.028886112499997729 ) ) ;
#395 = ORIENTED_EDGE ( 'NONE', *, *, #2611, .F. ) ;
#396 = CARTESIAN_POINT ( 'NONE',  ( -3.752776749732565698, 0.7738560230093195491, 6.999999999999999112 ) ) ;
#397 = DIRECTION ( 'NONE',  ( 0.8660254037844385966, 0.000000000000000000, -0.5000000000000001110 ) ) ;
#398 = CARTESIAN_POINT ( 'NONE',  ( -3.840359845055588917, 0.8043815759689729727, -6.966989533786492217 ) ) ;
#399 = ORIENTED_EDGE ( 'NONE', *, *, #2291, .T. ) ;
#400 = CARTESIAN_POINT ( 'NONE',  ( -4.263066253150152640, -1.062499999044084209, -4.263066253150152640 ) ) ;
#401 = DIRECTION ( 'NONE',  ( 1.000000000000000000, 0.000000000000000000, 0.000000000000000000 ) ) ;
#402 = CARTESIAN_POINT ( 'NONE',  ( -6.028886112499999506, 0.4437500009559156022, 0.000000000000000000 ) ) ;
#403 = DIRECTION ( 'NONE',  ( -0.000000000000000000, 0.000000000000000000, -1.000000000000000000 ) ) ;
#404 = CARTESIAN_POINT ( 'NONE',  ( 3.752776749732564365, 1.250000000000000000, -6.999999999999998224 ) ) ;
#405 = AXIS2_PLACEMENT_3D ( 'NONE', #1866, #753, #2700 ) ;
#406 = CARTESIAN_POINT ( 'NONE',  ( -5.649999999999999467, -1.499999999999999556, 0.000000000000000000 ) ) ;
#407 = CARTESIAN_POINT ( 'NONE',  ( -3.691628040048527127E-16, -0.4937499990440843423, -6.028886112499999506 ) ) ;
#408 = ORIENTED_EDGE ( 'NONE', *, *, #2525, .T. ) ;
#409 = DIRECTION ( 'NONE',  ( 0.000000000000000000, 1.000000000000000000, 0.000000000000000000 ) ) ;
#410 = CARTESIAN_POINT ( 'NONE',  ( 0.000000000000000000, 1.250000000000000000, 0.000000000000000000 ) ) ;
#411 = EDGE_CURVE ( 'NONE', #428, #1743, #977, .T. ) ;
#412 = CARTESIAN_POINT ( 'NONE',  ( 4.185789451624783553, 1.250000000000000000, -6.750000000000000000 ) ) ;
#413 = ORIENTED_EDGE ( 'NONE', *, *, #2744, .F. ) ;
#414 = CARTESIAN_POINT ( 'NONE',  ( -2.497246393800307107, -1.578124999044083987, 6.028886112499998617 ) ) ;
#415 = DIRECTION ( 'NONE',  ( 0.000000000000000000, 1.000000000000000000, 0.000000000000000000 ) ) ;
#416 = CARTESIAN_POINT ( 'NONE',  ( -6.028886112499999506, 0.5312500009559159020, 0.000000000000000000 ) ) ;
#417 = TOROIDAL_SURFACE ( 'NONE', #2140, 19.23679202833525892, 0.05000000000000000278 ) ;
#418 = CARTESIAN_POINT ( 'NONE',  ( 5.649999999999999467, -1.875000000000000000, -6.919254415182545337E-16 ) ) ;
#419 = CARTESIAN_POINT ( 'NONE',  ( -4.152614648042566969, -0.8199775699195046563, -6.741439512908514509 ) ) ;
#420 = CARTESIAN_POINT ( 'NONE',  ( 4.263066253150152640, -1.524999999044084342, 4.263066253150151752 ) ) ;
#421 = VERTEX_POINT ( 'NONE', #176 ) ;
#422 = CARTESIAN_POINT ( 'NONE',  ( -0.3886944205448268352, 1.028886112499978189, -6.028886112499999506 ) ) ;
#423 = CARTESIAN_POINT ( 'NONE',  ( 4.263066253150152640, -0.02499999904408438042, 4.263066253150151752 ) ) ;
#424 = ORIENTED_EDGE ( 'NONE', *, *, #2717, .T. ) ;
#425 = CARTESIAN_POINT ( 'NONE',  ( -3.691628040048527127E-16, -1.156249999044084209, -6.028886112499999506 ) ) ;
#426 = ADVANCED_FACE ( 'NONE', ( #847 ), #505, .T. ) ;
#427 = DIRECTION ( 'NONE',  ( -0.000000000000000000, -1.000000000000000000, -0.000000000000000000 ) ) ;
#428 = VERTEX_POINT ( 'NONE', #1068 ) ;
#429 = CARTESIAN_POINT ( 'NONE',  ( -4.139933223169264487, -0.7922304210779911315, 6.827096513878212924 ) ) ;
#430 = CARTESIAN_POINT ( 'NONE',  ( 3.919472610059938411, 0.7958989338336390773, 6.945891362568890948 ) ) ;
#431 = ADVANCED_BREP_SHAPE_REPRESENTATION ( 'M12 NUT FOR FOOTSWITCH', ( #475, #1555 ), #2477 ) ;
#432 = CARTESIAN_POINT ( 'NONE',  ( 1.037888162277381603E-15, 0.1875000000000001665, 5.649999999999999467 ) ) ;
#433 = CARTESIAN_POINT ( 'NONE',  ( 4.263066253150152640, -2.274999999044084564, 4.263066253150151752 ) ) ;
#434 = EDGE_LOOP ( 'NONE', ( #791, #572, #2414, #1897 ) ) ;
#435 =( BOUNDED_CURVE ( )  B_SPLINE_CURVE ( 2, ( #1912, #595, #2790, #157, #1275, #2598, #375, #2099, #2333 ),
 .UNSPECIFIED., .F., .T. ) 
 B_SPLINE_CURVE_WITH_KNOTS ( ( 3, 2, 2, 2, 3 ),
 ( 0.4583333333333333148, 0.4791666666666666852, 0.5000000000000000000, 0.5208333333333333703, 0.5416666666666666297 ),
 .UNSPECIFIED. ) 
 CURVE ( )  GEOMETRIC_REPRESENTATION_ITEM ( )  RATIONAL_B_SPLINE_CURVE ( ( 1.000000000000000000, 0.9238795325112867385, 1.000000000000000000, 0.9238795325112867385, 1.000000000000000000, 0.9238795325112867385, 1.000000000000000000, 0.9238795325112867385, 1.000000000000000000 ) ) 
 REPRESENTATION_ITEM ( '' )  );
#436 = CARTESIAN_POINT ( 'NONE',  ( 3.752776749732567918, 1.250000000000000000, 7.000000000000000888 ) ) ;
#437 = LINE ( 'NONE', #862, #884 ) ;
#438 = ORIENTED_EDGE ( 'NONE', *, *, #2885, .T. ) ;
#439 = CARTESIAN_POINT ( 'NONE',  ( -2.497246393800305331, -1.109374999044084209, -6.028886112499999506 ) ) ;
#440 = CARTESIAN_POINT ( 'NONE',  ( -5.287447555987829340, -1.028886112499977745, -2.896612866810767795 ) ) ;
#441 = VERTEX_POINT ( 'NONE', #1745 ) ;
#443 = EDGE_CURVE ( 'NONE', #2743, #93, #2124, .T. ) ;
#442 = CARTESIAN_POINT ( 'NONE',  ( 0.000000000000000000, 1.250000000000000000, 6.270710678118681436 ) ) ;
#444 = CARTESIAN_POINT ( 'NONE',  ( 3.928735043801057536, -0.7830435502939960823, 6.975695567288849652 ) ) ;
#445 = CARTESIAN_POINT ( 'NONE',  ( -3.691628040048527127E-16, 0.3437500009559160130, -6.028886112499999506 ) ) ;
#446 = EDGE_CURVE ( 'NONE', #911, #178, #118, .T. ) ;
#447 = VECTOR ( 'NONE', #1836, 1000.000000000000114 ) ;
#448 = CARTESIAN_POINT ( 'NONE',  ( -5.649999999999999467, 0.7031250000000003331, -2.340306627407986895 ) ) ;
#449 = CARTESIAN_POINT ( 'NONE',  ( -2.497246393800305331, -1.196874999044084564, -6.028886112499999506 ) ) ;
#450 = ORIENTED_EDGE ( 'NONE', *, *, #1994, .F. ) ;
#451 = CIRCLE ( 'NONE', #217, 0.04999999999999969746 ) ;
#452 = CARTESIAN_POINT ( 'NONE',  ( 0.000000000000000000, 1.249999999999973355, 0.000000000000000000 ) ) ;
#453 = DIRECTION ( 'NONE',  ( -0.000000000000000000, 1.000000000000000000, -0.000000000000000000 ) ) ;
#454 = AXIS2_PLACEMENT_3D ( 'NONE', #1880, #787, #1679 ) ;
#455 = CARTESIAN_POINT ( 'NONE',  ( -6.028886112499997729, 0.4906250009559156577, 2.497246393800308883 ) ) ;
#456 = ORIENTED_EDGE ( 'NONE', *, *, #2151, .F. ) ;
#457 = CARTESIAN_POINT ( 'NONE',  ( 2.497246393800309328, -1.484374999044084209, 6.028886112499997729 ) ) ;
#458 = CARTESIAN_POINT ( 'NONE',  ( -3.752776749732567918, 1.250000000000000000, -6.999999999999998224 ) ) ;
#459 = CARTESIAN_POINT ( 'NONE',  ( 1.107488412014558138E-15, 0.6312500009559155467, 6.028886112499999506 ) ) ;
#460 = ORIENTED_EDGE ( 'NONE', *, *, #1334, .F. ) ;
#461 = CARTESIAN_POINT ( 'NONE',  ( -4.078767725036015257, -0.7498787235419666075, 6.889070512513963962 ) ) ;
#462 = PRODUCT_DEFINITION ( 'UNKNOWN', '', #243, #2833 ) ;
#463 = CARTESIAN_POINT ( 'NONE',  ( 3.761950552233679801, 0.8199775699195025469, -6.966989533786493993 ) ) ;
#464 = EDGE_CURVE ( 'NONE', #1807, #2520, #124, .T. ) ;
#465 = CARTESIAN_POINT ( 'NONE',  ( 1.037888162277381603E-15, -0.5624999999999996669, 5.649999999999999467 ) ) ;
#466 = CARTESIAN_POINT ( 'NONE',  ( 5.650000000000000355, 1.303125001911831671, 2.340306627407986007 ) ) ;
#467 = ORIENTED_EDGE ( 'NONE', *, *, #730, .T. ) ;
#468 = CARTESIAN_POINT ( 'NONE',  ( 8.005495326742181561, 0.7498782287194687424, -0.08767309785903669439 ) ) ;
#469 = DIRECTION ( 'NONE',  ( 0.000000000000000000, 0.000000000000000000, 1.000000000000000000 ) ) ;
#470 = CARTESIAN_POINT ( 'NONE',  ( 3.761950552233678913, -0.8199775699195032130, -6.966989533786493105 ) ) ;
#471 = CARTESIAN_POINT ( 'NONE',  ( -2.497246393800306663, -0.1656249990440845088, 6.028886112499998617 ) ) ;
#472 = ORIENTED_EDGE ( 'NONE', *, *, #2649, .T. ) ;
#473 = PRODUCT_DEFINITION_SHAPE ( 'NONE', 'NONE',  #462 ) ;
#474 = CARTESIAN_POINT ( 'NONE',  ( 2.497246393800304887, -0.5406249990440844533, -6.028886112499999506 ) ) ;
#475 = MANIFOLD_SOLID_BREP ( 'Fillet3', #2862 ) ;
#476 = ORIENTED_EDGE ( 'NONE', *, *, #623, .F. ) ;
#477 = FACE_OUTER_BOUND ( 'NONE', #1295, .T. ) ;
#478 = CARTESIAN_POINT ( 'NONE',  ( 6.028886112499999506, -0.5937499990440842090, -7.383256080097054254E-16 ) ) ;
#479 = CARTESIAN_POINT ( 'NONE',  ( -4.246838997109083635, -0.9867771450598900040, 4.272768737836758035 ) ) ;
#480 = CARTESIAN_POINT ( 'NONE',  ( -2.497246393800307107, 0.6718750009559159020, 6.028886112499998617 ) ) ;
#481 = CARTESIAN_POINT ( 'NONE',  ( 5.650000000000000355, -0.1968749980881686346, 2.340306627407986007 ) ) ;
#482 = EDGE_CURVE ( 'NONE', #2681, #234, #1152, .T. ) ;
#483 = CARTESIAN_POINT ( 'NONE',  ( -7.914565200276248547, 0.8199775699195015477, 0.2255500208779772919 ) ) ;
#484 = CARTESIAN_POINT ( 'NONE',  ( -4.041451884327379673, 1.250000000000000000, 6.999999999999999112 ) ) ;
#485 = CARTESIAN_POINT ( 'NONE',  ( 3.926726209781356669, 0.7498787235419845931, -6.976851722274239442 ) ) ;
#486 = TOROIDAL_SURFACE ( 'NONE', #1509, 19.23679202833525892, 0.05000000000000000278 ) ;
#487 = CARTESIAN_POINT ( 'NONE',  ( 4.152614648042563417, -0.8199775699195023249, -6.741439512908513620 ) ) ;
#488 = ORIENTED_EDGE ( 'NONE', *, *, #1226, .F. ) ;
#489 = CARTESIAN_POINT ( 'NONE',  ( 4.263066253150151752, 0.1625000009559155745, -4.263066253150152640 ) ) ;
#490 = ORIENTED_EDGE ( 'NONE', *, *, #1998, .F. ) ;
#491 = DIRECTION ( 'NONE',  ( 0.000000000000000000, 0.000000000000000000, 1.000000000000000000 ) ) ;
#492 = CARTESIAN_POINT ( 'NONE',  ( 8.005497092239235002, 0.7830435502941008874, -0.08546343097452430149 ) ) ;
#493 = CARTESIAN_POINT ( 'NONE',  ( 6.028886112499999506, 0.9531250009559157910, -2.497246393800306219 ) ) ;
#494 = CARTESIAN_POINT ( 'NONE',  ( -5.649999999999999467, -2.071874998088168329, -2.340306627407986895 ) ) ;
#495 = TOROIDAL_SURFACE ( 'NONE', #2115, 19.23679202833525892, 0.05000000000000000278 ) ;
#496 = CARTESIAN_POINT ( 'NONE',  ( 0.000000000000000000, 1.200000000000000178, 0.000000000000000000 ) ) ;
#497 = CARTESIAN_POINT ( 'NONE',  ( -8.673617379884035472E-16, 1.247163271729610168, 0.000000000000000000 ) ) ;
#498 = EDGE_LOOP ( 'NONE', ( #1989, #1520, #820, #424, #2591, #2201, #2144, #1300, #2092, #1431 ) ) ;
#499 = CIRCLE ( 'NONE', #963, 0.04999999999999996808 ) ;
#500 = EDGE_CURVE ( 'NONE', #252, #2840, #613, .T. ) ;
#501 = CARTESIAN_POINT ( 'NONE',  ( -4.263066253150150864, -0.9624999990440843423, 4.263066253150152640 ) ) ;
#502 = CARTESIAN_POINT ( 'NONE',  ( 5.649999999999999467, -0.3749999999999998890, -6.919254415182545337E-16 ) ) ;
#503 = ORIENTED_EDGE ( 'NONE', *, *, #2394, .T. ) ;
#504 = DIRECTION ( 'NONE',  ( 0.5000000000000002220, 0.000000000000000000, 0.8660254037844384856 ) ) ;
#505 = TOROIDAL_SURFACE ( 'NONE', #1623, 19.23679202833525892, 0.05000000000000000278 ) ;
#506 = CARTESIAN_POINT ( 'NONE',  ( 7.938566201357355467, 0.7738560230093169956, -0.2499999999999973077 ) ) ;
#507 = CARTESIAN_POINT ( 'NONE',  ( 3.995153313703993625, -1.968750000000000000, 3.995153313703992737 ) ) ;
#508 = CARTESIAN_POINT ( 'NONE',  ( 3.995153313703992737, -0.05624999808816872476, -3.995153313703993625 ) ) ;
#509 = DIRECTION ( 'NONE',  ( 0.000000000000000000, -1.000000000000000000, 0.000000000000000000 ) ) ;
#510 = CARTESIAN_POINT ( 'NONE',  ( -3.483889549348989756E-16, -0.6896234110514141147, -5.689623411051430324 ) ) ;
#511 = CARTESIAN_POINT ( 'NONE',  ( -3.761950552233681577, 0.8199775699195025469, 6.966989533786494881 ) ) ;
#512 = DIRECTION ( 'NONE',  ( 0.5000000000000001110, 0.000000000000000000, -0.8660254037844385966 ) ) ;
#513 = ORIENTED_EDGE ( 'NONE', *, *, #646, .F. ) ;
#514 = CIRCLE ( 'NONE', #798, 0.05000000000000005135 ) ;
#515 = DIRECTION ( 'NONE',  ( 0.4903933391947961073, 0.1950832937323874472, 0.8493861791787649107 ) ) ;
#516 = CARTESIAN_POINT ( 'NONE',  ( 4.078767725036057890, 0.7498787235421096042, 6.889070512513942646 ) ) ;
#517 = ORIENTED_EDGE ( 'NONE', *, *, #2538, .T. ) ;
#518 = CARTESIAN_POINT ( 'NONE',  ( 1.037888162277381603E-15, 0.4125000019118312822, 5.649999999999999467 ) ) ;
#519 = EDGE_CURVE ( 'NONE', #178, #2891, #750, .T. ) ;
#520 = CARTESIAN_POINT ( 'NONE',  ( 7.953377713323551923, 0.8045375713930142947, -0.1583246995800260959 ) ) ;
#521 = CIRCLE ( 'NONE', #895, 0.04999999999999996808 ) ;
#522 = CARTESIAN_POINT ( 'NONE',  ( -2.497246393800305331, 0.3906250009559161240, -6.028886112499999506 ) ) ;
#523 = CARTESIAN_POINT ( 'NONE',  ( 3.995153313703992737, -0.8062499980881687733, -3.995153313703993625 ) ) ;
#524 = CARTESIAN_POINT ( 'NONE',  ( -3.459627207591272669E-16, 0.5625000000000003331, -5.649999999999999467 ) ) ;
#525 = CARTESIAN_POINT ( 'NONE',  ( 3.840346820237565240, 0.8043841666693335446, -6.966989533786493105 ) ) ;
#526 = DIRECTION ( 'NONE',  ( 1.000000000000000000, -0.000000000000000000, 1.224646799147353207E-16 ) ) ;
#527 = ORIENTED_EDGE ( 'NONE', *, *, #2470, .T. ) ;
#528 = CIRCLE ( 'NONE', #2526, 6.808064006308498506 ) ;
#529 = CARTESIAN_POINT ( 'NONE',  ( -6.028886112499997729, -2.509374999044085008, 2.497246393800309328 ) ) ;
#530 = CARTESIAN_POINT ( 'NONE',  ( 4.076762048438109076, 0.7830435502941550663, 6.890232136314201838 ) ) ;
#531 = ORIENTED_EDGE ( 'NONE', *, *, #570, .F. ) ;
#532 = DIRECTION ( 'NONE',  ( -0.8660254037844384856, 0.000000000000000000, 0.5000000000000003331 ) ) ;
#533 = CARTESIAN_POINT ( 'NONE',  ( 5.504454809349586419, -0.8344124160323150852, 1.970743239045073647 ) ) ;
#534 = CARTESIAN_POINT ( 'NONE',  ( 2.497246393800309328, 0.01562500095591591587, 6.028886112499997729 ) ) ;
#535 = EDGE_CURVE ( 'NONE', #2668, #2173, #1128, .T. ) ;
#536 = CARTESIAN_POINT ( 'NONE',  ( -3.995153313703991849, -1.931249998088168773, 3.995153313703993625 ) ) ;
#537 = CARTESIAN_POINT ( 'NONE',  ( -7.982405626691245537, 0.7922304210781320188, 0.1717390842965924591 ) ) ;
#538 = CARTESIAN_POINT ( 'NONE',  ( 3.752776749732564365, 0.7738560230093195491, -6.999999999999998224 ) ) ;
#539 = ORIENTED_EDGE ( 'NONE', *, *, #659, .F. ) ;
#540 = CARTESIAN_POINT ( 'NONE',  ( 4.263066253150151752, -1.337499999044084342, -4.263066253150152640 ) ) ;
#541 = DIRECTION ( 'NONE',  ( 0.000000000000000000, 1.000000000000000000, 0.000000000000000000 ) ) ;
#542 = ORIENTED_EDGE ( 'NONE', *, *, #2783, .F. ) ;
#543 = CARTESIAN_POINT ( 'NONE',  ( -2.497246393800307107, -0.07812499904408416740, 6.028886112499998617 ) ) ;
#544 = CIRCLE ( 'NONE', #1943, 0.05000000000000005135 ) ;
#545 = CARTESIAN_POINT ( 'NONE',  ( 7.679405760337172222E-16, 1.250000000000000000, -6.270710678118681436 ) ) ;
#546 = AXIS2_PLACEMENT_3D ( 'NONE', #831, #2581, #1213 ) ;
#547 = CARTESIAN_POINT ( 'NONE',  ( 4.263066253150151752, -1.999999999044084209, -4.263066253150152640 ) ) ;
#548 = FACE_OUTER_BOUND ( 'NONE', #2480, .T. ) ;
#549 = ADVANCED_FACE ( 'NONE', ( #1732 ), #2383, .T. ) ;
#550 = DIRECTION ( 'NONE',  ( -0.4903933391948001042, 0.1950832937323800365, 0.8493861791787641335 ) ) ;
#551 = CARTESIAN_POINT ( 'NONE',  ( 4.142771897803907422, -0.7584545103087929618, -6.824508588835084488 ) ) ;
#552 = ORIENTED_EDGE ( 'NONE', *, *, #1604, .T. ) ;
#553 = CARTESIAN_POINT ( 'NONE',  ( -7.975001146223329229, 0.7959202560011380267, 0.07899467507224879059 ) ) ;
#554 = CARTESIAN_POINT ( 'NONE',  ( -4.263066253150150864, -1.712499999044084564, 4.263066253150152640 ) ) ;
#555 = CARTESIAN_POINT ( 'NONE',  ( -7.975001146223346993, 0.7959202560011312544, -0.07879021039565650697 ) ) ;
#556 = EDGE_LOOP ( 'NONE', ( #1443, #108, #990, #848, #2442, #796, #1131, #2231, #746, #1493, #1657 ) ) ;
#557 = CARTESIAN_POINT ( 'NONE',  ( -4.263066253150152640, 0.4375000009559158465, -4.263066253150152640 ) ) ;
#558 = SPHERICAL_SURFACE ( 'NONE', #2453, 20.50376903021599873 ) ;
#559 = CARTESIAN_POINT ( 'NONE',  ( 7.914565200276248547, 0.8199775699194999934, 0.2255500208779831206 ) ) ;
#560 = CARTESIAN_POINT ( 'NONE',  ( 4.263066253150152640, -0.6874999990440843201, 4.263066253150151752 ) ) ;
#561 = CARTESIAN_POINT ( 'NONE',  ( 0.000000000000000000, 1.250000000000000000, 0.000000000000000000 ) ) ;
#562 = ADVANCED_FACE ( 'NONE', ( #1522 ), #2204, .T. ) ;
#563 = CARTESIAN_POINT ( 'NONE',  ( 3.926820533396683022, -0.7498782287194689644, 6.976798871765853782 ) ) ;
#564 = CARTESIAN_POINT ( 'NONE',  ( -4.185789451624787993, 0.7738560230093212144, -6.749999999999999112 ) ) ;
#565 = CARTESIAN_POINT ( 'NONE',  ( 6.028886112499999506, 0.1156250009559155190, -2.497246393800306219 ) ) ;
#566 = EDGE_CURVE ( 'NONE', #2229, #1914, #786, .T. ) ;
#567 = EDGE_LOOP ( 'NONE', ( #772, #950, #488, #1683 ) ) ;
#568 = CARTESIAN_POINT ( 'NONE',  ( -4.142239373815418624, 0.7582638386379512152, 6.825430947439403262 ) ) ;
#569 = CARTESIAN_POINT ( 'NONE',  ( 6.028886112499999506, -1.384374999044084120, -2.497246393800306219 ) ) ;
#570 = EDGE_CURVE ( 'NONE', #696, #1404, #238, .T. ) ;
#571 = CARTESIAN_POINT ( 'NONE',  ( 7.938566201357355467, -0.7738560230093193271, 0.2500000000000028311 ) ) ;
#572 = ORIENTED_EDGE ( 'NONE', *, *, #2286, .T. ) ;
#573 = CARTESIAN_POINT ( 'NONE',  ( -3.691628040048527127E-16, -0.4062499990440840425, -6.028886112499999506 ) ) ;
#574 = CIRCLE ( 'NONE', #2523, 19.23679202833525892 ) ;
#575 = CARTESIAN_POINT ( 'NONE',  ( 5.220315803969324264, -0.7748726454550649567, -2.476612758580427176 ) ) ;
#576 = CARTESIAN_POINT ( 'NONE',  ( -2.497246393800305331, -1.859374999044083765, -6.028886112499999506 ) ) ;
#577 = CARTESIAN_POINT ( 'NONE',  ( -7.938566201357355467, -0.7738560230093167736, 0.2499999999999972522 ) ) ;
#578 = CARTESIAN_POINT ( 'NONE',  ( 7.953814128964668662, -0.8043639600434471237, 0.1575688822469913930 ) ) ;
#579 = CARTESIAN_POINT ( 'NONE',  ( 3.761950552233682910, -0.8199775699194994383, 6.966989533786494881 ) ) ;
#580 = CARTESIAN_POINT ( 'NONE',  ( -6.028886112499997729, 1.240625000955915658, 2.497246393800309328 ) ) ;
#581 = ORIENTED_EDGE ( 'NONE', *, *, #1374, .F. ) ;
#582 = CARTESIAN_POINT ( 'NONE',  ( -7.953814128964668662, 0.8043639600434474568, 0.1575688822469871742 ) ) ;
#583 = CARTESIAN_POINT ( 'NONE',  ( 4.078674793345497207, 0.7498782287194680762, 6.889125773906813244 ) ) ;
#584 = DIRECTION ( 'NONE',  ( 0.000000000000000000, 0.000000000000000000, 1.000000000000000000 ) ) ;
#585 = FACE_OUTER_BOUND ( 'NONE', #2160, .T. ) ;
#586 = VERTEX_POINT ( 'NONE', #2227 ) ;
#587 = CARTESIAN_POINT ( 'NONE',  ( 6.028886112500001282, 0.8593750009559160130, 2.497246393800303998 ) ) ;
#588 = EDGE_CURVE ( 'NONE', #735, #334, #2428, .T. ) ;
#589 = AXIS2_PLACEMENT_3D ( 'NONE', #2436, #697, #882 ) ;
#590 = CARTESIAN_POINT ( 'NONE',  ( 5.616579869825381266, -0.8293570189765767653, 1.606696441296894706 ) ) ;
#591 = FACE_OUTER_BOUND ( 'NONE', #1506, .T. ) ;
#592 = VECTOR ( 'NONE', #2281, 1000.000000000000000 ) ;
#593 = CARTESIAN_POINT ( 'NONE',  ( -6.028886112499999506, -2.468749999044084653, 0.000000000000000000 ) ) ;
#594 = CARTESIAN_POINT ( 'NONE',  ( 5.649999999999999467, -2.399999998088168773, -6.919254415182545337E-16 ) ) ;
#595 = CARTESIAN_POINT ( 'NONE',  ( -2.340306627407988671, 0.1406250000000001110, 5.649999999999998579 ) ) ;
#596 = FACE_OUTER_BOUND ( 'NONE', #773, .T. ) ;
#597 = CARTESIAN_POINT ( 'NONE',  ( -3.691628040048527127E-16, 1.756250000955915658, -6.028886112499999506 ) ) ;
#598 = ORIENTED_EDGE ( 'NONE', *, *, #870, .F. ) ;
#599 = CARTESIAN_POINT ( 'NONE',  ( 6.033589924159405982, -18.09333333333334082, 3.483494766893249661 ) ) ;
#600 = CARTESIAN_POINT ( 'NONE',  ( -7.941989796799275858, -0.8082804653835365949, -0.2440701587500343495 ) ) ;
#601 = ORIENTED_EDGE ( 'NONE', *, *, #2014, .T. ) ;
#602 = CARTESIAN_POINT ( 'NONE',  ( 1.107488412014558138E-15, 1.468750000955916013, 6.028886112499999506 ) ) ;
#603 = CARTESIAN_POINT ( 'NONE',  ( -2.369676336725563170E-15, -18.09333333333334082, 7.000000000000000000 ) ) ;
#604 = B_SPLINE_CURVE_WITH_KNOTS ( 'NONE', 3,
 ( #2622, #398, #1007, #1283, #1038, #1492 ),
 .UNSPECIFIED., .F., .F.,
 ( 4, 2, 4 ),
 ( 0.000000000000000000, 0.0002395235539099543930, 0.0004790471078199087861 ),
 .UNSPECIFIED. ) ;
#605 = ADVANCED_FACE ( 'NONE', ( #2253 ), #2607, .F. ) ;
#606 = CARTESIAN_POINT ( 'NONE',  ( -2.497246393800305331, -1.109374999044084209, -6.028886112499999506 ) ) ;
#607 = CARTESIAN_POINT ( 'NONE',  ( -3.926726209781319366, -0.7498787235419710484, -6.976851722274263423 ) ) ;
#608 = CARTESIAN_POINT ( 'NONE',  ( 4.142488181435561856, -0.7738560230093208814, -6.724999999999999645 ) ) ;
#609 = B_SPLINE_CURVE_WITH_KNOTS ( 'NONE', 3,
 ( #1046, #1247, #138, #2787, #1892, #577 ),
 .UNSPECIFIED., .F., .F.,
 ( 4, 2, 4 ),
 ( 3.794707603699265519E-19, 0.0002618488026665094482, 0.0005236976053330185711 ),
 .UNSPECIFIED. ) ;
#610 = CARTESIAN_POINT ( 'NONE',  ( -5.649999999999999467, 1.500000000000000222, 0.000000000000000000 ) ) ;
#611 = DIRECTION ( 'NONE',  ( 0.000000000000000000, 0.000000000000000000, 1.000000000000000000 ) ) ;
#612 = ORIENTED_EDGE ( 'NONE', *, *, #1088, .F. ) ;
#613 = CIRCLE ( 'NONE', #1361, 5.649999999999999467 ) ;
#614 = CARTESIAN_POINT ( 'NONE',  ( -3.752776749732567918, -0.7738560230093216585, -6.949999999999998401 ) ) ;
#615 = CARTESIAN_POINT ( 'NONE',  ( -7.982644776421141231, -0.7921354493312896539, 0.1713111794927637543 ) ) ;
#616 = ORIENTED_EDGE ( 'NONE', *, *, #2110, .T. ) ;
#617 = CARTESIAN_POINT ( 'NONE',  ( -6.028886112499999506, -0.9687499990440840980, 0.000000000000000000 ) ) ;
#618 = CARTESIAN_POINT ( 'NONE',  ( -5.431516087314196994, -1.011604891559990227, 2.662384099844439245 ) ) ;
#619 = DIRECTION ( 'NONE',  ( 0.000000000000000000, 0.000000000000000000, 1.000000000000000000 ) ) ;
#620 = CARTESIAN_POINT ( 'NONE',  ( -3.839575644778970620, 0.8045375713929826533, 6.966989495421257672 ) ) ;
#621 = CIRCLE ( 'NONE', #2096, 6.235355339059353241 ) ;
#622 = B_SPLINE_CURVE_WITH_KNOTS ( 'NONE', 3,
 ( #1440, #1711, #578, #359 ),
 .UNSPECIFIED., .F., .F.,
 ( 4, 4 ),
 ( 0.0002392131686292573150, 0.0004790471078199092197 ),
 .UNSPECIFIED. ) ;
#623 = EDGE_CURVE ( 'NONE', #2645, #2063, #145, .T. ) ;
#624 = CARTESIAN_POINT ( 'NONE',  ( -6.028886112499999506, -1.056249999044084342, 0.000000000000000000 ) ) ;
#625 = CARTESIAN_POINT ( 'NONE',  ( -2.753790021338342164, 0.7946461895055557667, 5.106546267745952328 ) ) ;
#626 = AXIS2_PLACEMENT_3D ( 'NONE', #276, #1166, #49 ) ;
#627 = DIRECTION ( 'NONE',  ( -0.8660254037844385966, 0.000000000000000000, -0.5000000000000003331 ) ) ;
#628 = EDGE_CURVE ( 'NONE', #1192, #2431, #1061, .T. ) ;
#629 = CARTESIAN_POINT ( 'NONE',  ( 3.995153313703993625, -1.218749999999999778, 3.995153313703992737 ) ) ;
#630 = DIRECTION ( 'NONE',  ( -0.5000000000000002220, 0.000000000000000000, 0.8660254037844385966 ) ) ;
#631 = CARTESIAN_POINT ( 'NONE',  ( 4.263066253150151752, 1.662500000955915658, -4.263066253150152640 ) ) ;
#632 = ORIENTED_EDGE ( 'NONE', *, *, #270, .F. ) ;
#633 = DIRECTION ( 'NONE',  ( 0.000000000000000000, 1.000000000000000000, 0.000000000000000000 ) ) ;
#634 = CARTESIAN_POINT ( 'NONE',  ( -8.673617379884035472E-16, -18.09333333333334082, -6.966989533786493993 ) ) ;
#635 = ORIENTED_EDGE ( 'NONE', *, *, #1840, .T. ) ;
#636 = CARTESIAN_POINT ( 'NONE',  ( -6.028886112499999506, 1.896875000955915436, -2.497246393800304887 ) ) ;
#637 = CARTESIAN_POINT ( 'NONE',  ( 1.088839081304479451E-15, -0.9273638846322490581, 5.927363884632268487 ) ) ;
#638 = CARTESIAN_POINT ( 'NONE',  ( 4.152614648042566081, 0.8199775699195014367, 6.741439512908516285 ) ) ;
#639 = AXIS2_PLACEMENT_3D ( 'NONE', #1375, #2715, #1868 ) ;
#640 = APPLICATION_CONTEXT ( 'automotive_design' ) ;
#641 = CARTESIAN_POINT ( 'NONE',  ( 5.649999999999999467, -1.828125000000000000, -2.340306627407988227 ) ) ;
#642 = CARTESIAN_POINT ( 'NONE',  ( -5.649999999999999467, 1.725000001911831449, 0.000000000000000000 ) ) ;
#643 = AXIS2_PLACEMENT_3D ( 'NONE', #1193, #2077, #80 ) ;
#644 = CIRCLE ( 'NONE', #1288, 0.05000000000000033584 ) ;
#645 = EDGE_LOOP ( 'NONE', ( #2623, #1421, #2366, #2844, #249 ) ) ;
#646 = EDGE_CURVE ( 'NONE', #1585, #338, #980, .T. ) ;
#647 =( BOUNDED_CURVE ( )  B_SPLINE_CURVE ( 2, ( #2662, #2239, #2025, #1983, #674, #202, #1096 ),
 .UNSPECIFIED., .F., .F. ) 
 B_SPLINE_CURVE_WITH_KNOTS ( ( 3, 2, 2, 3 ),
 ( 0.2389152112821006924, 0.2500000000000000000, 0.2708333333333332593, 0.2916666666666666297 ),
 .UNSPECIFIED. ) 
 CURVE ( )  GEOMETRIC_REPRESENTATION_ITEM ( )  RATIONAL_B_SPLINE_CURVE ( ( 0.9620963423763240208, 0.9594985936374347268, 1.000000000000000000, 0.9238795325112867385, 1.000000000000000000, 0.9238795325112869605, 0.9999999999999997780 ) ) 
 REPRESENTATION_ITEM ( '' )  );
#648 = CARTESIAN_POINT ( 'NONE',  ( -2.457906040097755735E-11, 0.9753284975449285632, -5.975328497544948547 ) ) ;
#649 = CARTESIAN_POINT ( 'NONE',  ( 3.839575644778924879, 0.8045375713930095207, -6.966989495421218592 ) ) ;
#650 = ORIENTED_EDGE ( 'NONE', *, *, #840, .T. ) ;
#651 = CARTESIAN_POINT ( 'NONE',  ( 2.497246393800309328, -2.234374999044084209, 6.028886112499997729 ) ) ;
#652 = CARTESIAN_POINT ( 'NONE',  ( 0.000000000000000000, -1.247163271729610168, 0.000000000000000000 ) ) ;
#653 = DIRECTION ( 'NONE',  ( -0.5000000000000001110, 0.000000000000000000, -0.8660254037844385966 ) ) ;
#654 = EDGE_LOOP ( 'NONE', ( #1445, #1940, #1624, #2678 ) ) ;
#655 = DIRECTION ( 'NONE',  ( 0.000000000000000000, 0.000000000000000000, -1.000000000000000000 ) ) ;
#656 = AXIS2_PLACEMENT_3D ( 'NONE', #2369, #2573, #2813 ) ;
#657 = CARTESIAN_POINT ( 'NONE',  ( 3.995153313703992737, -1.031249999999999556, -3.995153313703993625 ) ) ;
#658 = CARTESIAN_POINT ( 'NONE',  ( 4.263066253150151752, -0.5874999990440844533, -4.263066253150152640 ) ) ;
#659 = EDGE_CURVE ( 'NONE', #2459, #2856, #521, .T. ) ;
#660 = CARTESIAN_POINT ( 'NONE',  ( -8.673617379884035472E-16, 1.250000000000000000, 0.000000000000000000 ) ) ;
#661 = CARTESIAN_POINT ( 'NONE',  ( 5.163058807371307068, 0.6499999999999862554, -2.294629327718440415 ) ) ;
#662 = EDGE_CURVE ( 'NONE', #1553, #1192, #1263, .T. ) ;
#663 = CARTESIAN_POINT ( 'NONE',  ( 5.650000000000000355, -0.1968749980881686346, 2.340306627407986007 ) ) ;
#664 = ORIENTED_EDGE ( 'NONE', *, *, #411, .T. ) ;
#665 = EDGE_CURVE ( 'NONE', #1568, #191, #647, .T. ) ;
#666 = ORIENTED_EDGE ( 'NONE', *, *, #2789, .F. ) ;
#667 = CARTESIAN_POINT ( 'NONE',  ( 4.055582062184452496, -0.7958989382166511417, 6.867308521757846229 ) ) ;
#668 = CARTESIAN_POINT ( 'NONE',  ( 6.808064006308499394, -1.247163271729610168, -9.057718017087224144E-16 ) ) ;
#669 = CIRCLE ( 'NONE', #1221, 0.05000000000000005135 ) ;
#670 = CARTESIAN_POINT ( 'NONE',  ( -3.995153313703991849, 0.8437500000000003331, 3.995153313703993625 ) ) ;
#671 = CARTESIAN_POINT ( 'NONE',  ( -6.028886112499997729, -2.509374999044085008, 2.497246393800309328 ) ) ;
#672 = VERTEX_POINT ( 'NONE', #2870 ) ;
#673 = CARTESIAN_POINT ( 'NONE',  ( 7.982116279166723949, 0.7582638386379473294, 0.1745690525606010401 ) ) ;
#674 = CARTESIAN_POINT ( 'NONE',  ( 3.995153313703993625, 0.5062500019118313377, 3.995153313703992737 ) ) ;
#675 = CARTESIAN_POINT ( 'NONE',  ( 2.497246393800305331, 0.2093750009559156022, -6.028886112499999506 ) ) ;
#676 = ORIENTED_EDGE ( 'NONE', *, *, #2864, .F. ) ;
#677 = CARTESIAN_POINT ( 'NONE',  ( -4.263066253150152640, -1.812499999044083987, -4.263066253150152640 ) ) ;
#678 = EDGE_CURVE ( 'NONE', #234, #2535, #2090, .T. ) ;
#679 = B_SPLINE_CURVE_WITH_KNOTS ( 'NONE', 3,
 ( #1236, #1700, #162, #2353 ),
 .UNSPECIFIED., .F., .F.,
 ( 4, 4 ),
 ( 0.0002392131686292648773, 0.0004790471078199075392 ),
 .UNSPECIFIED. ) ;
#680 = CARTESIAN_POINT ( 'NONE',  ( 2.497246393800304887, 1.709375000955915658, -6.028886112499999506 ) ) ;
#681 = ORIENTED_EDGE ( 'NONE', *, *, #1890, .F. ) ;
#682 = CARTESIAN_POINT ( 'NONE',  ( -3.842962554817500820, -0.7921354493311271172, 6.998828755514511002 ) ) ;
#683 = ADVANCED_FACE ( 'NONE', ( #946 ), #1, .T. ) ;
#684 = CARTESIAN_POINT ( 'NONE',  ( 6.028886112499999506, 0.1562500009559160408, -7.383256080097054254E-16 ) ) ;
#685 = CARTESIAN_POINT ( 'NONE',  ( 3.995153313703992737, -0.2812499999999998335, -3.995153313703993625 ) ) ;
#686 = CARTESIAN_POINT ( 'NONE',  ( -6.028886112499999506, -2.556249999044085008, 0.000000000000000000 ) ) ;
#687 = ORIENTED_EDGE ( 'NONE', *, *, #373, .T. ) ;
#688 = CIRCLE ( 'NONE', #1666, 0.04999999999999969746 ) ;
#689 = CARTESIAN_POINT ( 'NONE',  ( 3.752776749732567474, -0.7738560230093175507, 6.950000000000000178 ) ) ;
#690 = CARTESIAN_POINT ( 'NONE',  ( -4.152614648042563417, 0.8199775699195027689, 6.741439512908514509 ) ) ;
#691 = CIRCLE ( 'NONE', #1059, 6.270710678118681436 ) ;
#692 = CARTESIAN_POINT ( 'NONE',  ( -6.028886112499999506, 0.3968750009559155467, -2.497246393800305331 ) ) ;
#693 = ORIENTED_EDGE ( 'NONE', *, *, #1994, .T. ) ;
#694 = CARTESIAN_POINT ( 'NONE',  ( 0.000000000000000000, 1.235355339059327928, 0.000000000000000000 ) ) ;
#695 = CARTESIAN_POINT ( 'NONE',  ( -2.497246393800307107, -0.9156249990440842312, 6.028886112499998617 ) ) ;
#696 = VERTEX_POINT ( 'NONE', #2714 ) ;
#697 = DIRECTION ( 'NONE',  ( -0.9807866783896092011, 0.1950832937323883909, -5.076233541126829630E-15 ) ) ;
#698 = CARTESIAN_POINT ( 'NONE',  ( -3.995153313703993625, -0.6187499980881685513, -3.995153313703993625 ) ) ;
#699 = CARTESIAN_POINT ( 'NONE',  ( -6.028886112499999506, -0.2656249990440839315, -2.497246393800304887 ) ) ;
#700 = CARTESIAN_POINT ( 'NONE',  ( -6.028886112499999506, -1.853124999044084564, -2.497246393800304887 ) ) ;
#701 = CARTESIAN_POINT ( 'NONE',  ( 2.340306627407986895, 0.5156250000000002220, -5.649999999999999467 ) ) ;
#702 = CARTESIAN_POINT ( 'NONE',  ( -3.839865294681831909, -0.7582659171152820177, -6.999999999999999112 ) ) ;
#703 = CARTESIAN_POINT ( 'NONE',  ( 3.918887774801385504, 0.7959416568390269564, -6.946105164683786803 ) ) ;
#704 = CARTESIAN_POINT ( 'NONE',  ( -7.914565200276248547, -0.8199775699195024359, -0.2255500208779829263 ) ) ;
#705 = CARTESIAN_POINT ( 'NONE',  ( 5.649999999999999467, -0.1499999980881685790, -6.919254415182545337E-16 ) ) ;
#706 = EDGE_LOOP ( 'NONE', ( #1638, #2629, #2016, #1039, #2259, #222, #2180, #96, #2295, #2601, #1735 ) ) ;
#707 = LINE ( 'NONE', #458, #2262 ) ;
#708 = ORIENTED_EDGE ( 'NONE', *, *, #500, .F. ) ;
#709 = CARTESIAN_POINT ( 'NONE',  ( -4.185789451624787993, -0.7738560230093232128, -6.749999999999999112 ) ) ;
#710 = CARTESIAN_POINT ( 'NONE',  ( -3.995153313703991849, -0.4312499980881688288, 3.995153313703993625 ) ) ;
#711 = CARTESIAN_POINT ( 'NONE',  ( 6.028886112499999506, -0.5937499990440842090, -7.383256080097054254E-16 ) ) ;
#712 = AXIS2_PLACEMENT_3D ( 'NONE', #2403, #194, #1779 ) ;
#713 = CARTESIAN_POINT ( 'NONE',  ( -5.649999999999999467, -1.274999998088168773, 0.000000000000000000 ) ) ;
#714 = EDGE_CURVE ( 'NONE', #1596, #2884, #2620, .T. ) ;
#715 = DIRECTION ( 'NONE',  ( 0.8660254037844387076, -0.000000000000000000, 0.5000000000000003331 ) ) ;
#716 = CARTESIAN_POINT ( 'NONE',  ( 3.918887770104256596, 0.7959416612222363074, -6.946105155408034193 ) ) ;
#717 = DIRECTION ( 'NONE',  ( -0.9807866783896099783, -0.1950832937323849214, -0.000000000000000000 ) ) ;
#718 = DIRECTION ( 'NONE',  ( 2.146163712481656393E-16, 0.000000000000000000, -1.000000000000000000 ) ) ;
#719 = EDGE_LOOP ( 'NONE', ( #2284, #1904, #2042, #69 ) ) ;
#720 = CARTESIAN_POINT ( 'NONE',  ( -3.691628040048527127E-16, 1.006250000955915658, -6.028886112499999506 ) ) ;
#721 = DIRECTION ( 'NONE',  ( 0.000000000000000000, 0.000000000000000000, 1.000000000000000000 ) ) ;
#722 = EDGE_LOOP ( 'NONE', ( #2104, #503, #1224, #904 ) ) ;
#723 = CARTESIAN_POINT ( 'NONE',  ( 6.018876556301846037, 18.09333333333334082, -3.475000000000000977 ) ) ;
#724 = CARTESIAN_POINT ( 'NONE',  ( 8.005493934817387469, 0.7498787235420942832, -0.08778120976028404299 ) ) ;
#725 = CARTESIAN_POINT ( 'NONE',  ( 2.497246393800309328, 0.7656250009559159020, 6.028886112499997729 ) ) ;
#726 = CARTESIAN_POINT ( 'NONE',  ( 3.995153313703993625, 0.5062500019118313377, 3.995153313703992737 ) ) ;
#727 = CARTESIAN_POINT ( 'NONE',  ( 5.650000000000000355, 0.3281250000000002776, 2.340306627407986007 ) ) ;
#728 = TOROIDAL_SURFACE ( 'NONE', #1617, 6.791462024506332185, 0.05000000000000000278 ) ;
#729 = CARTESIAN_POINT ( 'NONE',  ( 3.752776749732564365, -0.7738560230093202152, -6.999999999999998224 ) ) ;
#730 = EDGE_CURVE ( 'NONE', #362, #1673, #2101, .T. ) ;
#731 = ORIENTED_EDGE ( 'NONE', *, *, #2558, .T. ) ;
#732 = AXIS2_PLACEMENT_3D ( 'NONE', #110, #2602, #1941 ) ;
#733 = CARTESIAN_POINT ( 'NONE',  ( -7.895264931168132883, 0.7738560230093208814, 0.2249999999999972022 ) ) ;
#734 = CARTESIAN_POINT ( 'NONE',  ( -7.914565200276248547, 0.8199775699195027689, -0.2255500208779824822 ) ) ;
#735 = VERTEX_POINT ( 'NONE', #306 ) ;
#736 = DIRECTION ( 'NONE',  ( -1.000000000000000000, 0.000000000000000000, 1.224646799147352961E-16 ) ) ;
#737 = CARTESIAN_POINT ( 'NONE',  ( 4.263066253150151752, -0.4999999990440840980, -4.263066253150152640 ) ) ;
#738 = CARTESIAN_POINT ( 'NONE',  ( -5.649999999999999467, -2.250000000000000444, 0.000000000000000000 ) ) ;
#739 = CARTESIAN_POINT ( 'NONE',  ( -3.995153313703993625, 0.8812500019118313377, -3.995153313703993625 ) ) ;
#740 = CARTESIAN_POINT ( 'NONE',  ( 5.649999999999999467, 0.3750000000000003331, -6.919254415182545337E-16 ) ) ;
#741 = CARTESIAN_POINT ( 'NONE',  ( 5.163058807371307068, 0.6499999999999862554, -2.294629327718440415 ) ) ;
#742 = CARTESIAN_POINT ( 'NONE',  ( 3.927454310728241360, -0.7498365998540363897, -6.976567049253211472 ) ) ;
#743 = VERTEX_POINT ( 'NONE', #1190 ) ;
#744 = CARTESIAN_POINT ( 'NONE',  ( 4.263066253150151752, -2.087499999044084564, -4.263066253150152640 ) ) ;
#745 = CARTESIAN_POINT ( 'NONE',  ( -3.761950552233681133, -0.8199775699195034351, 6.966989533786493105 ) ) ;
#746 = ORIENTED_EDGE ( 'NONE', *, *, #1143, .T. ) ;
#747 = FACE_OUTER_BOUND ( 'NONE', #1267, .T. ) ;
#748 = EDGE_CURVE ( 'NONE', #2431, #219, #2509, .T. ) ;
#749 = CARTESIAN_POINT ( 'NONE',  ( 4.369265425808443126, -0.8641071689495289920, 3.929399072662819403 ) ) ;
#750 = CIRCLE ( 'NONE', #89, 19.28381708273946060 ) ;
#751 = CARTESIAN_POINT ( 'NONE',  ( 4.263066253150152640, 0.8125000009559160130, 4.263066253150151752 ) ) ;
#752 = CARTESIAN_POINT ( 'NONE',  ( 5.649999999999999467, -0.1499999980881685790, -6.919254415182545337E-16 ) ) ;
#753 = DIRECTION ( 'NONE',  ( 0.000000000000000000, 1.000000000000000000, 0.000000000000000000 ) ) ;
#754 = DIRECTION ( 'NONE',  ( 0.000000000000000000, 0.000000000000000000, 1.000000000000000000 ) ) ;
#755 = CARTESIAN_POINT ( 'NONE',  ( -4.041451884327381450, 1.250000000000000000, -6.999999999999998224 ) ) ;
#756 = ORIENTED_EDGE ( 'NONE', *, *, #1090, .F. ) ;
#757 = TOROIDAL_SURFACE ( 'NONE', #1217, 19.23679202833525892, 0.05000000000000000278 ) ;
#758 = B_SPLINE_CURVE_WITH_KNOTS ( 'NONE', 3,
 ( #860, #1999, #2631, #648 ),
 .UNSPECIFIED., .F., .F.,
 ( 4, 4 ),
 ( 0.000000000000000000, 0.001162883052328782772 ),
 .UNSPECIFIED. ) ;
#759 = B_SPLINE_CURVE_WITH_KNOTS ( 'NONE', 3,
 ( #1416, #702, #305, #2252, #1386, #1867 ),
 .UNSPECIFIED., .F., .F.,
 ( 4, 2, 4 ),
 ( 0.000000000000000000, 0.0002618488026665109661, 0.0005236976053330219321 ),
 .UNSPECIFIED. ) ;
#760 = AXIS2_PLACEMENT_3D ( 'NONE', #374, #1229, #843 ) ;
#761 = CARTESIAN_POINT ( 'NONE',  ( -6.028886112499999506, -2.556249999044085008, 0.000000000000000000 ) ) ;
#762 = CARTESIAN_POINT ( 'NONE',  ( 0.000000000000000000, 0.6499999999999855893, 0.000000000000000000 ) ) ;
#763 = ORIENTED_EDGE ( 'NONE', *, *, #1123, .F. ) ;
#764 = CARTESIAN_POINT ( 'NONE',  ( -4.076762048438065555, 0.7830435502939780967, -6.890232136314275557 ) ) ;
#765 = CARTESIAN_POINT ( 'NONE',  ( 4.927167210085323212, -0.8519696019640669027, 3.163042201785710272 ) ) ;
#766 = EDGE_CURVE ( 'NONE', #1860, #735, #2411, .T. ) ;
#767 = CARTESIAN_POINT ( 'NONE',  ( -5.647229005902818066, 0.7262186419866156761, 0.9903861587911170217 ) ) ;
#768 = CARTESIAN_POINT ( 'NONE',  ( -3.995153313703993625, -0.6187499980881685513, -3.995153313703993625 ) ) ;
#769 = FACE_OUTER_BOUND ( 'NONE', #2282, .T. ) ;
#770 = CARTESIAN_POINT ( 'NONE',  ( 2.340306627407986895, 1.265625000000000444, -5.649999999999999467 ) ) ;
#771 = CYLINDRICAL_SURFACE ( 'NONE', #639, 5.649999999999999467 ) ;
#772 = ORIENTED_EDGE ( 'NONE', *, *, #962, .F. ) ;
#773 = EDGE_LOOP ( 'NONE', ( #472, #1847, #2385, #810, #1218, #1747, #859, #517, #1667 ) ) ;
#774 = CARTESIAN_POINT ( 'NONE',  ( 2.497246393800304887, -2.040624999044084564, -6.028886112499999506 ) ) ;
#775 = FACE_OUTER_BOUND ( 'NONE', #1070, .T. ) ;
#776 = VERTEX_POINT ( 'NONE', #1540 ) ;
#777 = CARTESIAN_POINT ( 'NONE',  ( 1.107488412014558138E-15, -0.03124999904408412577, 6.028886112499999506 ) ) ;
#778 = DIRECTION ( 'NONE',  ( -0.000000000000000000, -1.000000000000000000, -0.000000000000000000 ) ) ;
#779 = AXIS2_PLACEMENT_3D ( 'NONE', #755, #2039, #512 ) ;
#780 = CARTESIAN_POINT ( 'NONE',  ( 5.627528746124528247, -0.7901400843425979703, -1.414210793101893460 ) ) ;
#781 = PRESENTATION_LAYER_ASSIGNMENT (  '', '', ( #2770 ) ) ;
#782 = CIRCLE ( 'NONE', #1576, 0.04999999999999965583 ) ;
#783 = ADVANCED_FACE ( 'NONE', ( #1116 ), #1399, .T. ) ;
#784 = CARTESIAN_POINT ( 'NONE',  ( 6.028886112500001282, -0.6406249990440843201, 2.497246393800303998 ) ) ;
#785 = CARTESIAN_POINT ( 'NONE',  ( -4.185789451624787105, -0.7738560230093183279, -6.750000000000000888 ) ) ;
#786 = B_SPLINE_CURVE_WITH_KNOTS ( 'NONE', 3,
 ( #1372, #216, #2648, #1153 ),
 .UNSPECIFIED., .F., .F.,
 ( 4, 4 ),
 ( 0.000000000000000000, 0.0002392131686292573150 ),
 .UNSPECIFIED. ) ;
#787 = DIRECTION ( 'NONE',  ( 0.000000000000000000, -1.000000000000000000, 0.000000000000000000 ) ) ;
#788 = ADVANCED_FACE ( 'NONE', ( #1302 ), #1258, .F. ) ;
#789 = CARTESIAN_POINT ( 'NONE',  ( -8.005611451222842234, 0.7498365998540331701, -0.08700831933324523759 ) ) ;
#790 = DIRECTION ( 'NONE',  ( 0.000000000000000000, 0.000000000000000000, -1.000000000000000000 ) ) ;
#791 = ORIENTED_EDGE ( 'NONE', *, *, #2028, .T. ) ;
#792 = ORIENTED_EDGE ( 'NONE', *, *, #570, .T. ) ;
#793 = CARTESIAN_POINT ( 'NONE',  ( -8.673617379884035472E-16, -18.09333333333334082, 0.000000000000000000 ) ) ;
#794 = DIRECTION ( 'NONE',  ( 0.000000000000000000, 0.000000000000000000, 1.000000000000000000 ) ) ;
#795 = CARTESIAN_POINT ( 'NONE',  ( 6.018876556301849590, -18.09333333333334082, 3.475000000000003197 ) ) ;
#796 = ORIENTED_EDGE ( 'NONE', *, *, #2377, .T. ) ;
#797 = CARTESIAN_POINT ( 'NONE',  ( -6.028886112499997729, 1.328125000955916013, 2.497246393800309328 ) ) ;
#798 = AXIS2_PLACEMENT_3D ( 'NONE', #23, #1972, #920 ) ;
#799 = CARTESIAN_POINT ( 'NONE',  ( 1.037888162277381603E-15, 0.4125000019118312822, 5.649999999999999467 ) ) ;
#800 = CARTESIAN_POINT ( 'NONE',  ( -3.691628040048527127E-16, -1.156249999044084209, -6.028886112499999506 ) ) ;
#801 = DIRECTION ( 'NONE',  ( -1.224646799147353207E-16, -0.000000000000000000, -1.000000000000000000 ) ) ;
#802 = CARTESIAN_POINT ( 'NONE',  ( 4.142239373815421288, -0.7582638386379483286, 6.825430947439403262 ) ) ;
#803 = CARTESIAN_POINT ( 'NONE',  ( 6.028886112499999506, 0.06875000095591569937, -7.383256080097054254E-16 ) ) ;
#804 = ORIENTED_EDGE ( 'NONE', *, *, #566, .T. ) ;
#805 = EDGE_CURVE ( 'NONE', #1113, #174, #113, .T. ) ;
#806 = DIRECTION ( 'NONE',  ( -0.8660254037844387076, 0.000000000000000000, -0.5000000000000003331 ) ) ;
#807 = CARTESIAN_POINT ( 'NONE',  ( -7.938566201357355467, 1.250000000000000000, 0.2499999999999972522 ) ) ;
#808 = DIRECTION ( 'NONE',  ( 2.146163712481656393E-16, 0.000000000000000000, -1.000000000000000000 ) ) ;
#809 = DIRECTION ( 'NONE',  ( 0.000000000000000000, 1.000000000000000000, 0.000000000000000000 ) ) ;
#810 = ORIENTED_EDGE ( 'NONE', *, *, #876, .F. ) ;
#811 = CARTESIAN_POINT ( 'NONE',  ( -6.028886112499999506, 2.031250000955915791, 0.000000000000000000 ) ) ;
#812 = CIRCLE ( 'NONE', #295, 0.05000000000000005135 ) ;
#813 = CARTESIAN_POINT ( 'NONE',  ( 5.302130588712953063, -0.7774547586118600861, -2.302709406981440221 ) ) ;
#814 = CARTESIAN_POINT ( 'NONE',  ( -5.164051555815647454, 0.6805842171050217049, -2.384347188721712030 ) ) ;
#815 = CARTESIAN_POINT ( 'NONE',  ( 2.340306627407990003, -2.540624998088169217, 5.649999999999998579 ) ) ;
#816 = CARTESIAN_POINT ( 'NONE',  ( -3.361435861680360655E-17, 1.247163271729610168, -6.808064006308491400 ) ) ;
#817 = CARTESIAN_POINT ( 'NONE',  ( -8.005495326742179785, 0.7498782287194685203, 0.08767309785903663888 ) ) ;
#818 = DIRECTION ( 'NONE',  ( 0.000000000000000000, -1.000000000000000000, 0.000000000000000000 ) ) ;
#819 = CARTESIAN_POINT ( 'NONE',  ( -4.263066253150150864, 0.5375000009559156577, 4.263066253150152640 ) ) ;
#820 = ORIENTED_EDGE ( 'NONE', *, *, #1090, .T. ) ;
#821 = DIRECTION ( 'NONE',  ( -0.000000000000000000, -0.000000000000000000, -1.000000000000000000 ) ) ;
#822 = EDGE_CURVE ( 'NONE', #1763, #2225, #2334, .T. ) ;
#823 = DIRECTION ( 'NONE',  ( -1.000000000000000000, 0.000000000000000000, -2.146163712481656393E-16 ) ) ;
#824 = CARTESIAN_POINT ( 'NONE',  ( -7.914565200276246770, -0.8199775699194977729, -0.2255500208779833149 ) ) ;
#825 = VERTEX_POINT ( 'NONE', #1157 ) ;
#826 = CARTESIAN_POINT ( 'NONE',  ( -2.497246393800305331, 1.890625000955916013, -6.028886112499999506 ) ) ;
#827 = CONICAL_SURFACE ( 'NONE', #2821, 6.250000000000000000, 0.7853981633974590482 ) ;
#828 = AXIS2_PLACEMENT_3D ( 'NONE', #2131, #778, #2799 ) ;
#829 = CARTESIAN_POINT ( 'NONE',  ( -6.028886112499999506, -1.718749999044083987, 0.000000000000000000 ) ) ;
#830 = CARTESIAN_POINT ( 'NONE',  ( -3.759623940616410032, -0.8082804653835427011, -6.999999999999999112 ) ) ;
#831 = CARTESIAN_POINT ( 'NONE',  ( -4.142488181435565409, 0.7738560230093211034, -6.724999999999999645 ) ) ;
#832 = CARTESIAN_POINT ( 'NONE',  ( -2.340306627407989115, 1.640625000000000222, 5.649999999999998579 ) ) ;
#833 = CARTESIAN_POINT ( 'NONE',  ( 2.497246393800309328, 1.428125000955915436, 6.028886112499997729 ) ) ;
#834 = ORIENTED_EDGE ( 'NONE', *, *, #1644, .T. ) ;
#835 = CARTESIAN_POINT ( 'NONE',  ( -4.152614648042563417, -0.8199775699195029910, 6.741439512908514509 ) ) ;
#836 = CARTESIAN_POINT ( 'NONE',  ( -8.005497092239233226, -0.7830435502941459625, -0.08546343097452459292 ) ) ;
#837 = ORIENTED_EDGE ( 'NONE', *, *, #2186, .T. ) ;
#838 = CARTESIAN_POINT ( 'NONE',  ( 4.263066253150152640, 0.06250000095591595750, 4.263066253150151752 ) ) ;
#839 = DIRECTION ( 'NONE',  ( 0.000000000000000000, 0.000000000000000000, 1.000000000000000000 ) ) ;
#840 = EDGE_CURVE ( 'NONE', #2173, #1553, #2007, .T. ) ;
#841 = CARTESIAN_POINT ( 'NONE',  ( -6.028886112499997729, 0.4906250009559156577, 2.497246393800309328 ) ) ;
#842 = CARTESIAN_POINT ( 'NONE',  ( 0.000000000000000000, 18.09333333333334082, -6.999999999999998224 ) ) ;
#843 = DIRECTION ( 'NONE',  ( 1.000000000000000000, 0.000000000000000000, 0.000000000000000000 ) ) ;
#844 = CARTESIAN_POINT ( 'NONE',  ( -5.649999999999999467, -0.7968749999999998890, -2.340306627407986895 ) ) ;
#845 = CARTESIAN_POINT ( 'NONE',  ( 6.028886112499999506, 1.615625000955915658, -2.497246393800306219 ) ) ;
#846 = ORIENTED_EDGE ( 'NONE', *, *, #519, .F. ) ;
#847 = FACE_OUTER_BOUND ( 'NONE', #2706, .T. ) ;
#848 = ORIENTED_EDGE ( 'NONE', *, *, #1390, .T. ) ;
#849 = CARTESIAN_POINT ( 'NONE',  ( 6.028886112500001282, -2.140624999044084209, 2.497246393800303998 ) ) ;
#850 = FACE_OUTER_BOUND ( 'NONE', #1973, .T. ) ;
#851 = CARTESIAN_POINT ( 'NONE',  ( -5.886858469692222151, -0.9186680763418323403, -0.6947193177450010637 ) ) ;
#852 = CIRCLE ( 'NONE', #293, 0.04999999999999969746 ) ;
#853 = CARTESIAN_POINT ( 'NONE',  ( 4.263066253150152640, 0.8125000009559160130, 4.263066253150151752 ) ) ;
#854 = EDGE_CURVE ( 'NONE', #191, #2271, #1194, .T. ) ;
#855 = AXIS2_PLACEMENT_3D ( 'NONE', #90, #2307, #2701 ) ;
#856 = CARTESIAN_POINT ( 'NONE',  ( 2.340306627407986895, -1.734374999999999778, -5.649999999999999467 ) ) ;
#857 = CARTESIAN_POINT ( 'NONE',  ( 7.505553499465135836, 1.250000000000000000, 3.035766082959412415E-15 ) ) ;
#858 = CARTESIAN_POINT ( 'NONE',  ( 3.995153313703993625, 1.256250001911831449, 3.995153313703992737 ) ) ;
#859 = ORIENTED_EDGE ( 'NONE', *, *, #1465, .F. ) ;
#860 = CARTESIAN_POINT ( 'NONE',  ( -1.159323919943110015, 1.028886112499977301, -5.916370154591673369 ) ) ;
#861 = DIRECTION ( 'NONE',  ( -0.5000000000000002220, 0.000000000000000000, -0.8660254037844384856 ) ) ;
#862 = CARTESIAN_POINT ( 'NONE',  ( 7.938566201357355467, 1.250000000000000000, 0.2500000000000028311 ) ) ;
#863 = ORIENTED_EDGE ( 'NONE', *, *, #1444, .T. ) ;
#864 = CARTESIAN_POINT ( 'NONE',  ( 4.263066253150152640, -1.437499999044083987, 4.263066253150151752 ) ) ;
#865 = CARTESIAN_POINT ( 'NONE',  ( 3.839575644778942198, -0.8045375713930706940, 6.966989495421036516 ) ) ;
#866 = FACE_BOUND ( 'NONE', #2674, .T. ) ;
#867 = ORIENTED_EDGE ( 'NONE', *, *, #1979, .F. ) ;
#868 = CARTESIAN_POINT ( 'NONE',  ( -4.078238385684349154, 0.7498361086695396471, 6.889513418524662036 ) ) ;
#869 = CARTESIAN_POINT ( 'NONE',  ( -3.717274435198838045, 0.7793631921971716503, 4.463028867684704082 ) ) ;
#870 = EDGE_CURVE ( 'NONE', #2431, #1086, #1634, .T. ) ;
#871 = CIRCLE ( 'NONE', #732, 6.250000000000000000 ) ;
#872 = CARTESIAN_POINT ( 'NONE',  ( 3.995153313703992737, 0.4687500000000002220, -3.995153313703993625 ) ) ;
#873 = CARTESIAN_POINT ( 'NONE',  ( 6.028886112499999506, -1.384374999044084120, -2.497246393800306219 ) ) ;
#874 = AXIS2_PLACEMENT_3D ( 'NONE', #309, #1858, #949 ) ;
#875 = ORIENTED_EDGE ( 'NONE', *, *, #1424, .F. ) ;
#876 = EDGE_CURVE ( 'NONE', #1673, #1195, #2498, .T. ) ;
#877 = CARTESIAN_POINT ( 'NONE',  ( 2.504405452868960769, 0.8656985195228333874, 5.313837072281039298 ) ) ;
#878 = CARTESIAN_POINT ( 'NONE',  ( -2.497246393800305331, -0.4468749990440843978, -6.028886112499999506 ) ) ;
#879 = DIRECTION ( 'NONE',  ( 0.000000000000000000, 0.000000000000000000, -1.000000000000000000 ) ) ;
#880 = CARTESIAN_POINT ( 'NONE',  ( -5.900774121004485728, -0.9034745499995481266, -0.3700608649811087392 ) ) ;
#881 = ORIENTED_EDGE ( 'NONE', *, *, #2046, .F. ) ;
#882 = DIRECTION ( 'NONE',  ( -0.1950832937323844218, -0.9807866783896098672, 0.000000000000000000 ) ) ;
#883 = CARTESIAN_POINT ( 'NONE',  ( 1.107488412014558138E-15, 0.7187500009559159020, 6.028886112499999506 ) ) ;
#884 = VECTOR ( 'NONE', #2026, 1000.000000000000000 ) ;
#885 = CARTESIAN_POINT ( 'NONE',  ( -5.649999999999998579, -0.7031249999999997780, 2.340306627407990891 ) ) ;
#886 = CARTESIAN_POINT ( 'NONE',  ( 2.497246393800309328, -1.571874999044084564, 6.028886112499997729 ) ) ;
#887 =( BOUNDED_SURFACE ( )  B_SPLINE_SURFACE ( 1, 2, ( 
 ( #1938, #1487, #345, #2335, #2379, #1455, #1048, #1063, #2319, #1232, #393, #377, #2822, #832, #2791, #2757, #610, #1728, #2599, #1276, #2119, #770, #1441, #333, #1214, #2100, #1091, #2235, #2424, #902, #670, #2882, #1354, #448, #1577, #241, #1980, #2616, #872, #226, #2457, #1319, #1336, #1546, #432, #197, #2178, #1769, #1951, #212, #1120, #2207, #2405, #1530, #685, #185, #2223, #2838, #1517, #2626, #465, #1106, #2009, #885, #2190, #844, #2672, #2643, #2866, #1561, #657, #1995, #1784, #1801, #629, #2657, #4, #2440, #1741, #2391, #406, #1292, #1077, #1966, #2850, #856, #1752, #641, #418, #1306, #507, #2022, #33, #941, #1412, #1162, #738 ),
 ( #2058, #1589, #1632, #2263, #1397, #1838, #1863, #2709, #2277, #2302, #928, #2725, #18, #2510, #2047, #59, #45, #302, #1425, #2737, #286, #2687, #1602, #493, #1382, #1646, #751, #725, #2483, #480, #1618, #2496, #1368, #1175, #2290, #522, #2527, #273, #1850, #953, #1185, #2069, #74, #534, #255, #969, #1136, #914, #1814, #699, #2468, #2249, #1148, #2034, #1825, #2698, #711, #784, #560, #1014, #2315, #2786, #1692, #2767, #153, #85, #2329, #606, #800, #2149, #1921, #1246, #2596, #1709, #2818, #1496, #342, #981, #2113, #1484, #829, #2564, #2577, #576, #1467, #1451, #547, #122, #316, #2345, #2362, #356, #1676, #2552, #1935, #1438, #593 ) ),
 .UNSPECIFIED., .F., .F., .T. ) 
 B_SPLINE_SURFACE_WITH_KNOTS ( ( 2, 2 ),
 ( 3, 2, 2, 2, 2, 2, 2, 2, 2, 2, 2, 2, 2, 2, 2, 2, 2, 2, 2, 2, 2, 2, 2, 2, 2, 2, 2, 2, 2, 2, 2, 2, 2, 2, 2, 2, 2, 2, 2, 2, 2, 2, 2, 2, 2, 2, 2, 2, 3 ),
 ( 0.000000000000000000, 1.000000000000000000 ),
 ( 0.000000000000000000, 0.02083333333333333218, 0.04166666666666666435, 0.06250000000000000000, 0.08333333333333332871, 0.1041666666666666713, 0.1250000000000000000, 0.1458333333333333426, 0.1666666666666666574, 0.1875000000000000000, 0.2083333333333333426, 0.2291666666666666574, 0.2500000000000000000, 0.2708333333333333148, 0.2916666666666666852, 0.3125000000000000000, 0.3333333333333333148, 0.3541666666666666852, 0.3750000000000000000, 0.3958333333333333148, 0.4166666666666666852, 0.4375000000000000000, 0.4583333333333333148, 0.4791666666666666852, 0.5000000000000000000, 0.5208333333333333703, 0.5416666666666666297, 0.5625000000000000000, 0.5833333333333333703, 0.6041666666666666297, 0.6250000000000000000, 0.6458333333333333703, 0.6666666666666666297, 0.6875000000000000000, 0.7083333333333333703, 0.7291666666666666297, 0.7500000000000000000, 0.7708333333333333703, 0.7916666666666666297, 0.8125000000000000000, 0.8333333333333333703, 0.8541666666666666297, 0.8750000000000000000, 0.8958333333333333703, 0.9166666666666666297, 0.9375000000000000000, 0.9583333333333333703, 0.9791666666666666297, 1.000000000000000000 ),
 .UNSPECIFIED. ) 
 GEOMETRIC_REPRESENTATION_ITEM ( )  RATIONAL_B_SPLINE_SURFACE ( (
 ( 1.000000000000000000, 0.9238795325112867385, 1.000000000000000000, 0.9238795325112867385, 1.000000000000000000, 0.9238795325112867385, 1.000000000000000000, 0.9238795325112867385, 1.000000000000000000, 0.9238795325112867385, 1.000000000000000000, 0.9238795325112867385, 1.000000000000000000, 0.9238795325112867385, 1.000000000000000000, 0.9238795325112867385, 1.000000000000000000, 0.9238795325112867385, 1.000000000000000000, 0.9238795325112867385, 1.000000000000000000, 0.9238795325112867385, 1.000000000000000000, 0.9238795325112867385, 1.000000000000000000, 0.9238795325112867385, 1.000000000000000000, 0.9238795325112867385, 1.000000000000000000, 0.9238795325112867385, 1.000000000000000000, 0.9238795325112867385, 1.000000000000000000, 0.9238795325112867385, 1.000000000000000000, 0.9238795325112867385, 1.000000000000000000, 0.9238795325112867385, 1.000000000000000000, 0.9238795325112867385, 1.000000000000000000, 0.9238795325112867385, 1.000000000000000000, 0.9238795325112867385, 1.000000000000000000, 0.9238795325112867385, 1.000000000000000000, 0.9238795325112867385, 1.000000000000000000, 0.9238795325112867385, 1.000000000000000000, 0.9238795325112867385, 1.000000000000000000, 0.9238795325112867385, 1.000000000000000000, 0.9238795325112867385, 1.000000000000000000, 0.9238795325112867385, 1.000000000000000000, 0.9238795325112867385, 1.000000000000000000, 0.9238795325112867385, 1.000000000000000000, 0.9238795325112867385, 1.000000000000000000, 0.9238795325112867385, 1.000000000000000000, 0.9238795325112867385, 1.000000000000000000, 0.9238795325112867385, 1.000000000000000000, 0.9238795325112867385, 1.000000000000000000, 0.9238795325112867385, 1.000000000000000000, 0.9238795325112867385, 1.000000000000000000, 0.9238795325112867385, 1.000000000000000000, 0.9238795325112867385, 1.000000000000000000, 0.9238795325112867385, 1.000000000000000000, 0.9238795325112867385, 1.000000000000000000, 0.9238795325112867385, 1.000000000000000000, 0.9238795325112867385, 1.000000000000000000, 0.9238795325112867385, 1.000000000000000000, 0.9238795325112867385, 1.000000000000000000, 0.9238795325112867385, 1.000000000000000000, 0.9238795325112867385, 1.000000000000000000),
 ( 1.000000000000000000, 0.9238795325112867385, 1.000000000000000000, 0.9238795325112867385, 1.000000000000000000, 0.9238795325112867385, 1.000000000000000000, 0.9238795325112867385, 1.000000000000000000, 0.9238795325112867385, 1.000000000000000000, 0.9238795325112867385, 1.000000000000000000, 0.9238795325112867385, 1.000000000000000000, 0.9238795325112867385, 1.000000000000000000, 0.9238795325112867385, 1.000000000000000000, 0.9238795325112867385, 1.000000000000000000, 0.9238795325112867385, 1.000000000000000000, 0.9238795325112867385, 1.000000000000000000, 0.9238795325112867385, 1.000000000000000000, 0.9238795325112867385, 1.000000000000000000, 0.9238795325112867385, 1.000000000000000000, 0.9238795325112867385, 1.000000000000000000, 0.9238795325112867385, 1.000000000000000000, 0.9238795325112867385, 1.000000000000000000, 0.9238795325112867385, 1.000000000000000000, 0.9238795325112867385, 1.000000000000000000, 0.9238795325112867385, 1.000000000000000000, 0.9238795325112867385, 1.000000000000000000, 0.9238795325112867385, 1.000000000000000000, 0.9238795325112867385, 1.000000000000000000, 0.9238795325112867385, 1.000000000000000000, 0.9238795325112867385, 1.000000000000000000, 0.9238795325112867385, 1.000000000000000000, 0.9238795325112867385, 1.000000000000000000, 0.9238795325112867385, 1.000000000000000000, 0.9238795325112867385, 1.000000000000000000, 0.9238795325112867385, 1.000000000000000000, 0.9238795325112867385, 1.000000000000000000, 0.9238795325112867385, 1.000000000000000000, 0.9238795325112867385, 1.000000000000000000, 0.9238795325112867385, 1.000000000000000000, 0.9238795325112867385, 1.000000000000000000, 0.9238795325112867385, 1.000000000000000000, 0.9238795325112867385, 1.000000000000000000, 0.9238795325112867385, 1.000000000000000000, 0.9238795325112867385, 1.000000000000000000, 0.9238795325112867385, 1.000000000000000000, 0.9238795325112867385, 1.000000000000000000, 0.9238795325112867385, 1.000000000000000000, 0.9238795325112867385, 1.000000000000000000, 0.9238795325112867385, 1.000000000000000000, 0.9238795325112867385, 1.000000000000000000, 0.9238795325112867385, 1.000000000000000000, 0.9238795325112867385, 1.000000000000000000) ) ) 
 REPRESENTATION_ITEM ( '' )  SURFACE ( )  );
#888 = ORIENTED_EDGE ( 'NONE', *, *, #2416, .T. ) ;
#889 = CARTESIAN_POINT ( 'NONE',  ( 0.000000000000000000, 1.249999999999973355, 6.250000000000000000 ) ) ;
#890 = CARTESIAN_POINT ( 'NONE',  ( -8.673617379884035472E-16, -18.09333333333334082, -6.999999999999998224 ) ) ;
#891 = EDGE_CURVE ( 'NONE', #65, #1113, #2684, .T. ) ;
#892 = CARTESIAN_POINT ( 'NONE',  ( 2.497246393800308883, 0.6781250009559155467, 6.028886112499997729 ) ) ;
#893 = EDGE_LOOP ( 'NONE', ( #2309, #2730, #2242, #2078, #693 ) ) ;
#894 = CARTESIAN_POINT ( 'NONE',  ( 6.028886112500001282, -1.390624999044083987, 2.497246393800303998 ) ) ;
#895 = AXIS2_PLACEMENT_3D ( 'NONE', #2444, #717, #8 ) ;
#896 = CARTESIAN_POINT ( 'NONE',  ( 6.028886112499999506, 0.8187500009559155467, -7.383256080097054254E-16 ) ) ;
#897 = ORIENTED_EDGE ( 'NONE', *, *, #2666, .F. ) ;
#898 = CARTESIAN_POINT ( 'NONE',  ( -4.076242796852579175, 0.7829987773375000071, 6.890661938456667635 ) ) ;
#899 = CARTESIAN_POINT ( 'NONE',  ( 2.497246393800305331, 0.2968750009559159575, -6.028886112499999506 ) ) ;
#900 = AXIS2_PLACEMENT_3D ( 'NONE', #1529, #2880, #1305 ) ;
#901 = AXIS2_PLACEMENT_3D ( 'NONE', #1452, #801, #343 ) ;
#902 = CARTESIAN_POINT ( 'NONE',  ( -2.340306627407989115, 0.8906250000000002220, 5.649999999999998579 ) ) ;
#903 = CARTESIAN_POINT ( 'NONE',  ( 5.649999999999999467, 1.350000001911831449, -6.919254415182545337E-16 ) ) ;
#904 = ORIENTED_EDGE ( 'NONE', *, *, #2076, .T. ) ;
#905 = FACE_OUTER_BOUND ( 'NONE', #1608, .T. ) ;
#906 = CARTESIAN_POINT ( 'NONE',  ( -2.497246393800306663, -0.9156249990440842312, 6.028886112499998617 ) ) ;
#907 = ORIENTED_EDGE ( 'NONE', *, *, #1909, .T. ) ;
#908 = CARTESIAN_POINT ( 'NONE',  ( -6.028886112499999506, -2.468749999044084653, 0.000000000000000000 ) ) ;
#909 = EDGE_CURVE ( 'NONE', #1568, #252, #136, .T. ) ;
#910 = CARTESIAN_POINT ( 'NONE',  ( 6.028886112499999506, -0.6343749990440845643, -2.497246393800306219 ) ) ;
#911 = VERTEX_POINT ( 'NONE', #745 ) ;
#912 = DIRECTION ( 'NONE',  ( -0.4903933391948048781, -0.1950832937323896676, 0.8493861791787592486 ) ) ;
#913 = CARTESIAN_POINT ( 'NONE',  ( 2.497246393800305331, -0.4531249990440840425, -6.028886112499999506 ) ) ;
#914 = CARTESIAN_POINT ( 'NONE',  ( -6.028886112499997729, -0.1718749990440842368, 2.497246393800309328 ) ) ;
#915 = CARTESIAN_POINT ( 'NONE',  ( 6.028886112499999506, -2.181249999044084564, -7.383256080097054254E-16 ) ) ;
#916 = TOROIDAL_SURFACE ( 'NONE', #2633, 19.23679202833525892, 0.05000000000000000278 ) ;
#917 = CARTESIAN_POINT ( 'NONE',  ( 4.744291460338013522, 0.9024487681368017489, 3.526190828277245171 ) ) ;
#918 = CARTESIAN_POINT ( 'NONE',  ( 3.928735043801053095, 0.7830435502940128467, -6.975695567288815013 ) ) ;
#919 = AXIS2_PLACEMENT_3D ( 'NONE', #1853, #715, #1200 ) ;
#920 = DIRECTION ( 'NONE',  ( -0.1950832937323927763, -0.9807866783896082019, 0.000000000000000000 ) ) ;
#921 = ORIENTED_EDGE ( 'NONE', *, *, #1460, .T. ) ;
#922 = CARTESIAN_POINT ( 'NONE',  ( 4.152614648042563417, -0.8199775699195023249, -6.741439512908513620 ) ) ;
#923 = CARTESIAN_POINT ( 'NONE',  ( -6.028886112499999506, -0.3531249990440842867, -2.497246393800304887 ) ) ;
#924 = ORIENTED_EDGE ( 'NONE', *, *, #1390, .F. ) ;
#925 = CARTESIAN_POINT ( 'NONE',  ( -3.759623940616410476, 0.8082804653835394815, -7.000000000000000000 ) ) ;
#926 = CARTESIAN_POINT ( 'NONE',  ( 7.982405626691220668, 0.7922304210780217737, -0.1717390842966041997 ) ) ;
#927 = ADVANCED_FACE ( 'NONE', ( #775 ), #1231, .T. ) ;
#928 = CARTESIAN_POINT ( 'NONE',  ( 4.263066253150152640, 1.562500000955916013, 4.263066253150151752 ) ) ;
#929 = CARTESIAN_POINT ( 'NONE',  ( -2.340306627407987339, -0.6656249980881687733, -5.649999999999999467 ) ) ;
#930 = FACE_OUTER_BOUND ( 'NONE', #1108, .T. ) ;
#931 = CARTESIAN_POINT ( 'NONE',  ( 7.654042494670957606E-16, 1.249999999999973355, -6.250000000000000000 ) ) ;
#932 = CARTESIAN_POINT ( 'NONE',  ( 4.185789451624783553, 0.7738560230093195491, -6.750000000000000000 ) ) ;
#933 = DIRECTION ( 'NONE',  ( 0.000000000000000000, 0.000000000000000000, -1.000000000000000000 ) ) ;
#934 = ORIENTED_EDGE ( 'NONE', *, *, #1515, .F. ) ;
#935 = CARTESIAN_POINT ( 'NONE',  ( 6.028886112499999506, 0.8656250009559154357, -2.497246393800306219 ) ) ;
#936 = CARTESIAN_POINT ( 'NONE',  ( 4.185789451624787105, 0.7738560230093153303, 6.750000000000000000 ) ) ;
#937 = ORIENTED_EDGE ( 'NONE', *, *, #1314, .F. ) ;
#938 = CARTESIAN_POINT ( 'NONE',  ( -1.159323919943110015, 1.028886112499977301, -5.916370154591673369 ) ) ;
#939 = CARTESIAN_POINT ( 'NONE',  ( 6.919254415182545337E-16, 1.250000000000000000, 5.649999999999999467 ) ) ;
#940 = EDGE_CURVE ( 'NONE', #2173, #2704, #604, .T. ) ;
#941 = CARTESIAN_POINT ( 'NONE',  ( -2.340306627407989115, -2.109375000000000000, 5.649999999999998579 ) ) ;
#942 = CARTESIAN_POINT ( 'NONE',  ( -2.340306627407987339, 0.08437500191183140708, -5.649999999999999467 ) ) ;
#943 = DIRECTION ( 'NONE',  ( 1.000000000000000000, -0.000000000000000000, 1.224646799147353207E-16 ) ) ;
#944 = EDGE_CURVE ( 'NONE', #200, #2431, #1718, .T. ) ;
#945 = DIRECTION ( 'NONE',  ( -1.000000000000000000, 0.000000000000000000, -2.146163712481656393E-16 ) ) ;
#946 = FACE_OUTER_BOUND ( 'NONE', #2184, .T. ) ;
#947 = CYLINDRICAL_SURFACE ( 'NONE', #2766, 5.649999999999999467 ) ;
#948 = ORIENTED_EDGE ( 'NONE', *, *, #1159, .F. ) ;
#949 = DIRECTION ( 'NONE',  ( -0.5000000000000002220, 0.000000000000000000, 0.8660254037844384856 ) ) ;
#950 = ORIENTED_EDGE ( 'NONE', *, *, #1890, .T. ) ;
#951 = CARTESIAN_POINT ( 'NONE',  ( 0.000000000000000000, 0.000000000000000000, -5.000000000000000000 ) ) ;
#952 = DIRECTION ( 'NONE',  ( 0.000000000000000000, 0.000000000000000000, 1.000000000000000000 ) ) ;
#953 = CARTESIAN_POINT ( 'NONE',  ( 6.028886112499999506, 0.2031250009559158742, -2.497246393800306219 ) ) ;
#954 = CARTESIAN_POINT ( 'NONE',  ( 1.037888162277381603E-15, -0.3374999980881687733, 5.649999999999999467 ) ) ;
#955 = ADVANCED_FACE ( 'NONE', ( #365 ), #2590, .T. ) ;
#956 = CARTESIAN_POINT ( 'NONE',  ( -7.914565200276248547, 0.8199775699195027689, -0.2255500208779824822 ) ) ;
#957 = CIRCLE ( 'NONE', #2579, 0.04999999999999965583 ) ;
#958 = DIRECTION ( 'NONE',  ( 8.659560562355025303E-17, 0.7071067811865398012, -0.7071067811865551223 ) ) ;
#959 = DIRECTION ( 'NONE',  ( -0.000000000000000000, -1.000000000000000000, -0.000000000000000000 ) ) ;
#960 = AXIS2_PLACEMENT_3D ( 'NONE', #2210, #409, #2675 ) ;
#961 = VERTEX_POINT ( 'NONE', #2828 ) ;
#962 = EDGE_CURVE ( 'NONE', #2141, #1158, #1903, .T. ) ;
#963 = AXIS2_PLACEMENT_3D ( 'NONE', #614, #1021, #2105 ) ;
#964 = CARTESIAN_POINT ( 'NONE',  ( 2.497246393800304887, -1.290624999044084564, -6.028886112499999506 ) ) ;
#965 = CARTESIAN_POINT ( 'NONE',  ( -5.866348777218510335, -1.028886112499975525, 1.390474660510663707 ) ) ;
#966 = ORIENTED_EDGE ( 'NONE', *, *, #1536, .F. ) ;
#967 = DIRECTION ( 'NONE',  ( 0.000000000000000000, -0.000000000000000000, 1.000000000000000000 ) ) ;
#968 = CARTESIAN_POINT ( 'NONE',  ( 6.123233995736766282E-16, 0.000000000000000000, 5.000000000000000000 ) ) ;
#969 = CARTESIAN_POINT ( 'NONE',  ( -2.497246393800307107, -0.07812499904408416740, 6.028886112499998617 ) ) ;
#970 = CARTESIAN_POINT ( 'NONE',  ( 2.340306627407986895, -1.509374998088169439, -5.649999999999999467 ) ) ;
#971 = CARTESIAN_POINT ( 'NONE',  ( 3.995153313703993625, 0.2812500000000002220, 3.995153313703992737 ) ) ;
#972 = CARTESIAN_POINT ( 'NONE',  ( 4.055582066881593839, 0.7958989338336415198, -6.867308531033649466 ) ) ;
#973 = CARTESIAN_POINT ( 'NONE',  ( -3.840346820237566572, 0.8043841666693340997, 6.966989533786493105 ) ) ;
#974 = DIRECTION ( 'NONE',  ( 0.8660254037844385966, 0.000000000000000000, -0.5000000000000001110 ) ) ;
#975 = ORIENTED_EDGE ( 'NONE', *, *, #1356, .F. ) ;
#976 = ADVANCED_FACE ( 'NONE', ( #1746, #585 ), #1299, .T. ) ;
#977 = LINE ( 'NONE', #2533, #2638 ) ;
#978 = ORIENTED_EDGE ( 'NONE', *, *, #1119, .F. ) ;
#979 = CARTESIAN_POINT ( 'NONE',  ( -4.152614648042563417, -0.8199775699195029910, 6.741439512908514509 ) ) ;
#980 = CIRCLE ( 'NONE', #1785, 6.791462024506332185 ) ;
#981 = CARTESIAN_POINT ( 'NONE',  ( -2.497246393800307107, -1.578124999044083987, 6.028886112499998617 ) ) ;
#982 = CARTESIAN_POINT ( 'NONE',  ( -2.340306627407987339, 0.8343750019118313377, -5.649999999999999467 ) ) ;
#983 = DIRECTION ( 'NONE',  ( 0.000000000000000000, 0.000000000000000000, -1.000000000000000000 ) ) ;
#984 = CARTESIAN_POINT ( 'NONE',  ( -6.018876556301848701, -18.09333333333334082, -3.475000000000000533 ) ) ;
#985 = CARTESIAN_POINT ( 'NONE',  ( 3.752776749732564365, -0.7738560230093202152, -6.999999999999998224 ) ) ;
#986 = ORIENTED_EDGE ( 'NONE', *, *, #566, .F. ) ;
#987 = CIRCLE ( 'NONE', #2482, 0.04999999999999965583 ) ;
#988 = FACE_OUTER_BOUND ( 'NONE', #893, .T. ) ;
#989 = CARTESIAN_POINT ( 'NONE',  ( 6.919254415182545337E-16, 1.250000000000000000, 5.649999999999999467 ) ) ;
#990 = ORIENTED_EDGE ( 'NONE', *, *, #180, .T. ) ;
#991 = CARTESIAN_POINT ( 'NONE',  ( -6.028886112499997729, 0.5781250009559159020, 2.497246393800309328 ) ) ;
#992 = CARTESIAN_POINT ( 'NONE',  ( -4.078674793345497207, 0.7498782287194684093, -6.889125773906814132 ) ) ;
#993 = ADVANCED_FACE ( 'NONE', ( #1704 ), #2127, .T. ) ;
#994 = CARTESIAN_POINT ( 'NONE',  ( 2.928775422047853905, -0.7303956131890402270, -4.939880646389856800 ) ) ;
#995 = CARTESIAN_POINT ( 'NONE',  ( -5.716394128405983821, 0.7114057056341170915, -0.1608182902068173992 ) ) ;
#996 = CARTESIAN_POINT ( 'NONE',  ( 0.000000000000000000, -1.249999999999973355, 0.000000000000000000 ) ) ;
#997 = CARTESIAN_POINT ( 'NONE',  ( -4.078674793345495431, -0.7498782287194689644, 6.889125773906812356 ) ) ;
#998 = CARTESIAN_POINT ( 'NONE',  ( 3.919472604375471736, -0.7958989382166483662, -6.945891353863118844 ) ) ;
#999 = DIRECTION ( 'NONE',  ( -0.000000000000000000, -1.000000000000000000, -0.000000000000000000 ) ) ;
#1000 = CARTESIAN_POINT ( 'NONE',  ( -4.263066253150152640, 0.3500000009559155467, -4.263066253150152640 ) ) ;
#1001 = ORIENTED_EDGE ( 'NONE', *, *, #944, .T. ) ;
#1002 = VERTEX_POINT ( 'NONE', #1956 ) ;
#1003 = CARTESIAN_POINT ( 'NONE',  ( -3.459627207591272669E-16, 0.5625000000000003331, -5.649999999999999467 ) ) ;
#1004 = PLANE ( 'NONE',  #2771 ) ;
#1005 = CARTESIAN_POINT ( 'NONE',  ( 6.018876556301848701, 18.09333333333334082, 3.475000000000002309 ) ) ;
#1006 = CARTESIAN_POINT ( 'NONE',  ( 0.000000000000000000, -1.199999999999999734, 0.000000000000000000 ) ) ;
#1007 = CARTESIAN_POINT ( 'NONE',  ( -3.919472610059940187, 0.7958989338336417418, -6.945891362568889171 ) ) ;
#1008 = ORIENTED_EDGE ( 'NONE', *, *, #2697, .T. ) ;
#1009 = CARTESIAN_POINT ( 'NONE',  ( 2.497246393800304887, -0.4531249990440840425, -6.028886112499999506 ) ) ;
#1010 = CARTESIAN_POINT ( 'NONE',  ( 1.037888162277381603E-15, -0.5624999999999996669, 5.649999999999999467 ) ) ;
#1011 = AXIS2_PLACEMENT_3D ( 'NONE', #2584, #378, #1547 ) ;
#1012 = CARTESIAN_POINT ( 'NONE',  ( 5.810333748370049456, -0.8049153922493418323, -0.2875892189039507829 ) ) ;
#1013 = CIRCLE ( 'NONE', #643, 0.05000000000000062034 ) ;
#1014 = CARTESIAN_POINT ( 'NONE',  ( 2.497246393800309328, -0.7343749990440838760, 6.028886112499997729 ) ) ;
#1015 = ADVANCED_FACE ( 'NONE', ( #2843 ), #417, .T. ) ;
#1016 = DIRECTION ( 'NONE',  ( 0.000000000000000000, 0.000000000000000000, -1.000000000000000000 ) ) ;
#1017 = CARTESIAN_POINT ( 'NONE',  ( 8.005497092239235002, -0.7830435502941116566, 0.08546343097452789583 ) ) ;
#1018 = CARTESIAN_POINT ( 'NONE',  ( 3.929366889167727361, -0.7829987773376653193, -6.975460783295961420 ) ) ;
#1019 = CARTESIAN_POINT ( 'NONE',  ( -2.497246393800305331, 1.053125000955915880, -6.028886112499999506 ) ) ;
#1020 = ORIENTED_EDGE ( 'NONE', *, *, #78, .T. ) ;
#1021 = DIRECTION ( 'NONE',  ( -0.9807866783896098672, 0.1950832937323858374, 0.000000000000000000 ) ) ;
#1022 = CARTESIAN_POINT ( 'NONE',  ( -4.056059636889284725, -0.7959416612222368625, 6.866908941194456162 ) ) ;
#1023 = CARTESIAN_POINT ( 'NONE',  ( -1.159323919943110015, 1.028886112499977301, -5.916370154591673369 ) ) ;
#1024 = VERTEX_POINT ( 'NONE', #2397 ) ;
#1025 = CARTESIAN_POINT ( 'NONE',  ( 6.028886112499999506, 0.9062500009559157910, -7.383256080097054254E-16 ) ) ;
#1026 = AXIS2_PLACEMENT_3D ( 'NONE', #2114, #389, #2578 ) ;
#1027 = CARTESIAN_POINT ( 'NONE',  ( -3.483889549348989756E-16, -0.6896234110514141147, -5.689623411051430324 ) ) ;
#1028 = CARTESIAN_POINT ( 'NONE',  ( -3.771014744809327635, 0.6499999999999857003, -4.207368274162679000 ) ) ;
#1029 = CARTESIAN_POINT ( 'NONE',  ( -3.838811857374262004, -0.7584545103082036555, -6.999999999999998224 ) ) ;
#1030 = EDGE_CURVE ( 'NONE', #2826, #1821, #2545, .T. ) ;
#1031 = DIRECTION ( 'NONE',  ( 2.146163712481656393E-16, 0.000000000000000000, -1.000000000000000000 ) ) ;
#1032 =( BOUNDED_SURFACE ( )  B_SPLINE_SURFACE ( 3, 2, ( 
 ( #1525, #192, #1084 ),
 ( #865, #2637, #1799 ),
 ( #2670, #444, #1332 ),
 ( #667, #2454, #1133 ),
 ( #2438, #2233, #1782 ),
 ( #2219, #239, #1992 ) ),
 .UNSPECIFIED., .F., .F., .T. ) 
 B_SPLINE_SURFACE_WITH_KNOTS ( ( 4, 2, 4 ),
 ( 3, 3 ),
 ( 0.000000000000000000, 0.0002359440298829062923, 0.0004718880597658125847 ),
 ( 0.000000000000000000, 1.000000000000000000 ),
 .UNSPECIFIED. ) 
 GEOMETRIC_REPRESENTATION_ITEM ( )  RATIONAL_B_SPLINE_SURFACE ( (
 ( 1.000000000000000000, 0.8184713421158638091, 1.000000000000000000),
 ( 1.000000000000000000, 0.8281713033095761123, 1.000000000000000000),
 ( 1.000000000000000000, 0.8333394354237718682, 1.000000000000000000),
 ( 1.000000000000000000, 0.8333656076812320235, 1.000000000000000000),
 ( 1.000000000000000000, 0.8282338511422470129, 1.000000000000000000),
 ( 1.000000000000000000, 0.8184713421158609226, 1.000000000000000000) ) ) 
 REPRESENTATION_ITEM ( '' )  SURFACE ( )  );
#1033 = FACE_OUTER_BOUND ( 'NONE', #1457, .T. ) ;
#1034 = CARTESIAN_POINT ( 'NONE',  ( -3.840346820237567904, -0.8043841666693336556, -6.966989533786493105 ) ) ;
#1035 = CARTESIAN_POINT ( 'NONE',  ( -2.497246393800307107, 1.334375000955915658, 6.028886112499998617 ) ) ;
#1036 = ORIENTED_EDGE ( 'NONE', *, *, #891, .T. ) ;
#1037 = DIRECTION ( 'NONE',  ( -0.000000000000000000, 1.000000000000000000, -0.000000000000000000 ) ) ;
#1038 = CARTESIAN_POINT ( 'NONE',  ( -4.113416514040622474, 0.8043841666693316572, -6.809332672561769328 ) ) ;
#1039 = ORIENTED_EDGE ( 'NONE', *, *, #246, .T. ) ;
#1040 = CARTESIAN_POINT ( 'NONE',  ( -4.263066253150150864, 1.375000000955915791, 4.263066253150152640 ) ) ;
#1041 = CIRCLE ( 'NONE', #1367, 19.28381708273946060 ) ;
#1042 = CARTESIAN_POINT ( 'NONE',  ( 5.026040886021551302, -0.8494551478140883738, 2.998504736430878559 ) ) ;
#1043 = CARTESIAN_POINT ( 'NONE',  ( -3.918887774801331769, 0.7959416568390527136, 6.946105164683751276 ) ) ;
#1044 = CARTESIAN_POINT ( 'NONE',  ( -5.720749849095837725, 0.7150233827264351749, 0.1316977979199386306 ) ) ;
#1045 = CARTESIAN_POINT ( 'NONE',  ( -1.502314598737159426E-15, 18.09333333333334082, 7.000000000000000000 ) ) ;
#1046 = CARTESIAN_POINT ( 'NONE',  ( -7.938566201357353691, -0.7738560230093167736, -0.2500000000000019429 ) ) ;
#1047 = CYLINDRICAL_SURFACE ( 'NONE', #2401, 0.5000000000000004441 ) ;
#1048 = CARTESIAN_POINT ( 'NONE',  ( 3.995153313703992737, 1.968750000000000000, -3.995153313703993625 ) ) ;
#1049 = CARTESIAN_POINT ( 'NONE',  ( -6.028886112499999506, 1.943750000955915658, 0.000000000000000000 ) ) ;
#1050 = EDGE_LOOP ( 'NONE', ( #1953, #1976, #1001, #1315 ) ) ;
#1051 = CARTESIAN_POINT ( 'NONE',  ( -4.078157140494594657, 0.7498365998540356125, 6.889558729919968982 ) ) ;
#1052 = DIRECTION ( 'NONE',  ( 0.000000000000000000, -0.000000000000000000, 1.000000000000000000 ) ) ;
#1053 = EDGE_CURVE ( 'NONE', #282, #65, #2423, .T. ) ;
#1054 = DIRECTION ( 'NONE',  ( -0.000000000000000000, 1.000000000000000000, -0.000000000000000000 ) ) ;
#1055 = ORIENTED_EDGE ( 'NONE', *, *, #1794, .F. ) ;
#1056 = CARTESIAN_POINT ( 'NONE',  ( -2.497246393800305331, 1.140625000955915791, -6.028886112499999506 ) ) ;
#1057 = CARTESIAN_POINT ( 'NONE',  ( -1.491583780174751210E-15, 18.09333333333334082, 6.950000000000000178 ) ) ;
#1058 = AXIS2_PLACEMENT_3D ( 'NONE', #1591, #943, #2083 ) ;
#1059 = AXIS2_PLACEMENT_3D ( 'NONE', #155, #2565, #2363 ) ;
#1060 = DIRECTION ( 'NONE',  ( -0.4903933391947991605, -0.1950832937323896121, -0.8493861791787626903 ) ) ;
#1061 = B_SPLINE_CURVE_WITH_KNOTS ( 'NONE', 3,
 ( #1110, #1323, #2000, #1805, #2196, #932 ),
 .UNSPECIFIED., .F., .F.,
 ( 4, 2, 4 ),
 ( 0.000000000000000000, 0.0002618488026665099361, 0.0005236976053330198722 ),
 .UNSPECIFIED. ) ;
#1062 = CARTESIAN_POINT ( 'NONE',  ( -3.995153313703991849, -2.681249998088169217, 3.995153313703993625 ) ) ;
#1063 = CARTESIAN_POINT ( 'NONE',  ( 5.649999999999999467, 1.921875000000000222, -2.340306627407988227 ) ) ;
#1064 = DIRECTION ( 'NONE',  ( 0.000000000000000000, 0.000000000000000000, -1.000000000000000000 ) ) ;
#1065 = CARTESIAN_POINT ( 'NONE',  ( 6.028886112500001282, 0.02187500095591566468, 2.497246393800303998 ) ) ;
#1066 = VERTEX_POINT ( 'NONE', #2183 ) ;
#1067 = CARTESIAN_POINT ( 'NONE',  ( -3.752776749732567918, -0.7738560230093215475, -6.999999999999998224 ) ) ;
#1068 = CARTESIAN_POINT ( 'NONE',  ( -7.938566201357353691, -0.7738560230093167736, -0.2500000000000019429 ) ) ;
#1069 = DIRECTION ( 'NONE',  ( 0.000000000000000000, -0.000000000000000000, 1.000000000000000000 ) ) ;
#1070 = EDGE_LOOP ( 'NONE', ( #2760, #160, #321, #881 ) ) ;
#1071 = CARTESIAN_POINT ( 'NONE',  ( 6.028886112499999506, -1.296874999044083987, -2.497246393800306219 ) ) ;
#1072 = EDGE_CURVE ( 'NONE', #2826, #1807, #437, .T. ) ;
#1073 = CARTESIAN_POINT ( 'NONE',  ( 4.142488181435565409, 0.7738560230093187720, 6.725000000000000533 ) ) ;
#1074 = CARTESIAN_POINT ( 'NONE',  ( -5.575230324768836176, -0.9975261799847602306, -2.306025916556694533 ) ) ;
#1075 = CARTESIAN_POINT ( 'NONE',  ( 6.028886112499999506, 0.9531250009559157910, -2.497246393800306219 ) ) ;
#1076 = DIRECTION ( 'NONE',  ( 0.000000000000000000, -1.000000000000000000, 0.000000000000000000 ) ) ;
#1077 = CARTESIAN_POINT ( 'NONE',  ( -3.995153313703993625, -1.593749999999999778, -3.995153313703993625 ) ) ;
#1078 = CARTESIAN_POINT ( 'NONE',  ( -3.691628040048527127E-16, -1.243749999044084564, -6.028886112499999506 ) ) ;
#1079 = ORIENTED_EDGE ( 'NONE', *, *, #270, .T. ) ;
#1080 = CARTESIAN_POINT ( 'NONE',  ( 7.982110473831988351, 0.7582659171152773547, -0.1745791076953107646 ) ) ;
#1081 = CARTESIAN_POINT ( 'NONE',  ( 0.000000000000000000, 18.09333333333334082, 0.000000000000000000 ) ) ;
#1082 = CARTESIAN_POINT ( 'NONE',  ( -4.263066253150152640, -0.3999999990440842867, -4.263066253150152640 ) ) ;
#1083 = ORIENTED_EDGE ( 'NONE', *, *, #1855, .T. ) ;
#1084 = CARTESIAN_POINT ( 'NONE',  ( 3.752776749732567030, -0.7738560230093161074, 7.000000000000000000 ) ) ;
#1085 = CARTESIAN_POINT ( 'NONE',  ( 0.000000000000000000, -1.199999999999999734, 0.000000000000000000 ) ) ;
#1086 = VERTEX_POINT ( 'NONE', #1759 ) ;
#1088 = EDGE_CURVE ( 'NONE', #911, #1860, #514, .T. ) ;
#1087 = CARTESIAN_POINT ( 'NONE',  ( -1.688499328963045665, -0.6669278380243296445, -5.415069389984880743 ) ) ;
#1089 = CARTESIAN_POINT ( 'NONE',  ( -0.5727554522091278244, 0.8251080982793355112, 5.804002877541657668 ) ) ;
#1090 = EDGE_CURVE ( 'NONE', #362, #2465, #134, .T. ) ;
#1091 = CARTESIAN_POINT ( 'NONE',  ( 3.995153313703993625, 1.031250000000000222, 3.995153313703992737 ) ) ;
#1092 = CARTESIAN_POINT ( 'NONE',  ( 6.028886112499999506, -0.6343749990440845643, -2.497246393800306219 ) ) ;
#1093 =( BOUNDED_CURVE ( )  B_SPLINE_CURVE ( 2, ( #2455, #2493, #710, #1351, #2685, #2708, #698, #2032, #1848 ),
 .UNSPECIFIED., .F., .F. ) 
 B_SPLINE_CURVE_WITH_KNOTS ( ( 3, 2, 2, 2, 3 ),
 ( 0.4583333333333333148, 0.4791666666666666852, 0.5000000000000000000, 0.5208333333333333703, 0.5278962328285571326 ),
 .UNSPECIFIED. ) 
 CURVE ( )  GEOMETRIC_REPRESENTATION_ITEM ( )  RATIONAL_B_SPLINE_CURVE ( ( 1.000000000000000000, 0.9238795325112867385, 1.000000000000000000, 0.9238795325112867385, 1.000000000000000000, 0.9238795325112867385, 1.000000000000000000, 0.9741937018526929393, 0.9658850635605740198 ) ) 
 REPRESENTATION_ITEM ( '' )  );
#1094 = ORIENTED_EDGE ( 'NONE', *, *, #1483, .F. ) ;
#1095 = LINE ( 'NONE', #889, #2724 ) ;
#1096 = CARTESIAN_POINT ( 'NONE',  ( 1.037888162277381603E-15, 0.4125000019118312822, 5.649999999999999467 ) ) ;
#1097 = CARTESIAN_POINT ( 'NONE',  ( 4.263066253150151752, 0.9125000009559155467, -4.263066253150152640 ) ) ;
#1098 = VERTEX_POINT ( 'NONE', #487 ) ;
#1099 = CARTESIAN_POINT ( 'NONE',  ( 6.028886112499999506, -2.046874999044084209, -2.497246393800306219 ) ) ;
#1100 = ORIENTED_EDGE ( 'NONE', *, *, #2649, .F. ) ;
#1101 = CARTESIAN_POINT ( 'NONE',  ( -3.927374447313982664, -0.7498361086696828659, 6.976614753953799486 ) ) ;
#1102 = VECTOR ( 'NONE', #2055, 1000.000000000000000 ) ;
#1103 = DIRECTION ( 'NONE',  ( 1.224646799147353947E-16, 0.000000000000000000, -1.000000000000000000 ) ) ;
#1104 = VECTOR ( 'NONE', #2123, 1000.000000000000114 ) ;
#1105 = ADVANCED_FACE ( 'NONE', ( #1311 ), #2198, .F. ) ;
#1106 = CARTESIAN_POINT ( 'NONE',  ( -2.340306627407989115, -0.6093749999999996669, 5.649999999999998579 ) ) ;
#1107 = CARTESIAN_POINT ( 'NONE',  ( -2.497246393800307107, -0.9156249990440842312, 6.028886112499998617 ) ) ;
#1108 = EDGE_LOOP ( 'NONE', ( #2549, #1393, #2557, #581, #1932 ) ) ;
#1109 = DIRECTION ( 'NONE',  ( 0.1950832937323927763, -0.9807866783896082019, 0.000000000000000000 ) ) ;
#1110 = CARTESIAN_POINT ( 'NONE',  ( 3.752776749732564365, 0.7738560230093195491, -6.999999999999998224 ) ) ;
#1111 =( BOUNDED_SURFACE ( )  B_SPLINE_SURFACE ( 3, 2, ( 
 ( #2723, #1396, #506 ),
 ( #520, #926, #300 ),
 ( #1600, #492, #724 ),
 ( #1615, #1630, #2508 ),
 ( #1410, #1450, #1906 ),
 ( #2784, #2132, #2524 ) ),
 .UNSPECIFIED., .F., .F., .T. ) 
 B_SPLINE_SURFACE_WITH_KNOTS ( ( 4, 2, 4 ),
 ( 3, 3 ),
 ( 0.000000000000000000, 0.0002359440298829064821, 0.0004718880597658129642 ),
 ( 0.000000000000000000, 1.000000000000000000 ),
 .UNSPECIFIED. ) 
 GEOMETRIC_REPRESENTATION_ITEM ( )  RATIONAL_B_SPLINE_SURFACE ( (
 ( 1.000000000000000000, 0.8184713421158640312, 1.000000000000000000),
 ( 1.000000000000000000, 0.8281713033094960652, 1.000000000000000000),
 ( 1.000000000000000000, 0.8333394354238790047, 1.000000000000000000),
 ( 1.000000000000000000, 0.8333656076811295499, 1.000000000000000000),
 ( 1.000000000000000000, 0.8282338511423225080, 1.000000000000000000),
 ( 1.000000000000000000, 0.8184713421158642532, 1.000000000000000000) ) ) 
 REPRESENTATION_ITEM ( '' )  SURFACE ( )  );
#1112 = CARTESIAN_POINT ( 'NONE',  ( -6.028886112499999506, 0.4437500009559156022, 0.000000000000000000 ) ) ;
#1113 = VERTEX_POINT ( 'NONE', #261 ) ;
#1114 = CARTESIAN_POINT ( 'NONE',  ( -5.866348777218510335, -1.028886112499975525, 1.390474660510663707 ) ) ;
#1115 = CARTESIAN_POINT ( 'NONE',  ( 1.107488412014558138E-15, -0.8687499990440842312, 6.028886112499999506 ) ) ;
#1116 = FACE_OUTER_BOUND ( 'NONE', #2326, .T. ) ;
#1117 = ORIENTED_EDGE ( 'NONE', *, *, #1460, .F. ) ;
#1118 = DIRECTION ( 'NONE',  ( 1.000000000000000000, -0.000000000000000000, 1.224646799147353207E-16 ) ) ;
#1119 = EDGE_CURVE ( 'NONE', #174, #825, #2494, .T. ) ;
#1120 = CARTESIAN_POINT ( 'NONE',  ( -3.995153313703993625, -0.09374999999999965306, -3.995153313703993625 ) ) ;
#1121 = CARTESIAN_POINT ( 'NONE',  ( -2.340306627407987339, 1.584375001911831227, -5.649999999999999467 ) ) ;
#1122 = ORIENTED_EDGE ( 'NONE', *, *, #1942, .F. ) ;
#1123 = EDGE_CURVE ( 'NONE', #2743, #1835, #451, .T. ) ;
#1124 = CARTESIAN_POINT ( 'NONE',  ( 5.646411740452377259, 0.9275507829384848080, 1.832569487173131506 ) ) ;
#1125 = DIRECTION ( 'NONE',  ( 1.000000000000000000, -2.705321355174408963E-15, 0.000000000000000000 ) ) ;
#1126 = CARTESIAN_POINT ( 'NONE',  ( 6.028886112499999506, -0.6812499990440845643, -7.383256080097054254E-16 ) ) ;
#1127 = ORIENTED_EDGE ( 'NONE', *, *, #2630, .T. ) ;
#1128 = CIRCLE ( 'NONE', #1871, 19.28381708273946060 ) ;
#1129 = CARTESIAN_POINT ( 'NONE',  ( -3.691628040048527127E-16, 0.2562500009559156577, -6.028886112499999506 ) ) ;
#1130 = CARTESIAN_POINT ( 'NONE',  ( 0.000000000000000000, 0.000000000000000000, 0.000000000000000000 ) ) ;
#1131 = ORIENTED_EDGE ( 'NONE', *, *, #535, .T. ) ;
#1132 = PLANE ( 'NONE',  #2212 ) ;
#1133 = CARTESIAN_POINT ( 'NONE',  ( 4.078238385684341161, -0.7498361086696756495, 6.889513418524670030 ) ) ;
#1134 = CARTESIAN_POINT ( 'NONE',  ( 1.107488412014558138E-15, -0.03124999904408412577, 6.028886112499999506 ) ) ;
#1135 = VECTOR ( 'NONE', #1076, 1000.000000000000000 ) ;
#1136 = CARTESIAN_POINT ( 'NONE',  ( -4.263066253150150864, -0.1249999990440842090, 4.263066253150152640 ) ) ;
#1137 = CARTESIAN_POINT ( 'NONE',  ( -2.340306627407989115, 1.115625001911831671, 5.649999999999998579 ) ) ;
#1138 = CARTESIAN_POINT ( 'NONE',  ( -3.752776749732567918, 0.7738560230093195491, -6.999999999999998224 ) ) ;
#1139 = CARTESIAN_POINT ( 'NONE',  ( -4.055582066881594727, 0.7958989338336424080, 6.867308531033649466 ) ) ;
#1140 = DIRECTION ( 'NONE',  ( -0.9807866783896080909, -0.1950832937323946914, 0.000000000000000000 ) ) ;
#1141 = CARTESIAN_POINT ( 'NONE',  ( -5.866348777218510335, -1.028886112499975525, 1.390474660510663707 ) ) ;
#1142 = ORIENTED_EDGE ( 'NONE', *, *, #2273, .T. ) ;
#1143 = EDGE_CURVE ( 'NONE', #2704, #1763, #313, .T. ) ;
#1144 = CARTESIAN_POINT ( 'NONE',  ( -6.028886112499997729, -0.2593749990440845643, 2.497246393800309328 ) ) ;
#1145 = EDGE_LOOP ( 'NONE', ( #1688, #311, #2694, #527, #2775, #2087, #2312, #1079, #1628, #2574, #2759 ) ) ;
#1146 = CARTESIAN_POINT ( 'NONE',  ( -3.842962554817588305, 0.7921354493315593270, -6.998828755514517219 ) ) ;
#1147 = DIRECTION ( 'NONE',  ( 0.000000000000000000, 1.000000000000000000, 0.000000000000000000 ) ) ;
#1148 = CARTESIAN_POINT ( 'NONE',  ( -3.691628040048527127E-16, -0.4062499990440840425, -6.028886112499999506 ) ) ;
#1149 = CARTESIAN_POINT ( 'NONE',  ( 5.650000000000000355, -1.696874998088168773, 2.340306627407986007 ) ) ;
#1150 = CARTESIAN_POINT ( 'NONE',  ( -8.005612832998304285, 0.7498361086695204403, -0.08710133542913545135 ) ) ;
#1151 = FACE_OUTER_BOUND ( 'NONE', #2156, .T. ) ;
#1152 = CIRCLE ( 'NONE', #2372, 19.28381708273946060 ) ;
#1153 = CARTESIAN_POINT ( 'NONE',  ( 7.975001146223325676, -0.7959202560010305572, 4.582855492682019504E-14 ) ) ;
#1154 = CIRCLE ( 'NONE', #1432, 6.235355339059353241 ) ;
#1155 = ORIENTED_EDGE ( 'NONE', *, *, #1444, .F. ) ;
#1156 = CARTESIAN_POINT ( 'NONE',  ( -3.691628040048527127E-16, -0.4937499990440843423, -6.028886112499999506 ) ) ;
#1157 = CARTESIAN_POINT ( 'NONE',  ( -2.810356874863586540, -0.6499999999999849232, -4.901468579508286183 ) ) ;
#1158 = VERTEX_POINT ( 'NONE', #2085 ) ;
#1159 = EDGE_CURVE ( 'NONE', #1524, #2569, #2170, .T. ) ;
#1160 = CARTESIAN_POINT ( 'NONE',  ( -3.184569205432931316, -0.9700061486822094681, 5.094132503272940760 ) ) ;
#1161 = CARTESIAN_POINT ( 'NONE',  ( -4.152614648042566081, 0.8199775699195027689, -6.741439512908513620 ) ) ;
#1162 = CARTESIAN_POINT ( 'NONE',  ( -5.649999999999998579, -2.203125000000000000, 2.340306627407990891 ) ) ;
#1163 = CARTESIAN_POINT ( 'NONE',  ( -2.340306627407989115, 0.3656250019118312267, 5.649999999999998579 ) ) ;
#1164 = AXIS2_PLACEMENT_3D ( 'NONE', #2143, #809, #1069 ) ;
#1165 = CARTESIAN_POINT ( 'NONE',  ( 7.953377713323436460, -0.8045375713930628114, 0.1583246995799516832 ) ) ;
#1166 = DIRECTION ( 'NONE',  ( 0.000000000000000000, -0.000000000000000000, 1.000000000000000000 ) ) ;
#1167 = FACE_OUTER_BOUND ( 'NONE', #1705, .T. ) ;
#1168 = ORIENTED_EDGE ( 'NONE', *, *, #748, .T. ) ;
#1169 = DIRECTION ( 'NONE',  ( 0.000000000000000000, 0.000000000000000000, -1.000000000000000000 ) ) ;
#1170 = CARTESIAN_POINT ( 'NONE',  ( 3.929366889167708266, 0.7829987773374790239, 6.975460783296060008 ) ) ;
#1171 = ORIENTED_EDGE ( 'NONE', *, *, #1465, .T. ) ;
#1172 = DIRECTION ( 'NONE',  ( 0.000000000000000000, 1.000000000000000000, 0.000000000000000000 ) ) ;
#1173 = CARTESIAN_POINT ( 'NONE',  ( 2.497246393800308883, 0.01562500095591591587, 6.028886112499997729 ) ) ;
#1174 = EDGE_CURVE ( 'NONE', #349, #1583, #2396, .T. ) ;
#1175 = CARTESIAN_POINT ( 'NONE',  ( -6.028886112499999506, 0.4843750009559159020, -2.497246393800304887 ) ) ;
#1176 = ADVANCED_FACE ( 'NONE', ( #1856 ), #947, .F. ) ;
#1177 = CARTESIAN_POINT ( 'NONE',  ( 2.340306627407990003, -1.040624998088168551, 5.649999999999998579 ) ) ;
#1178 = CARTESIAN_POINT ( 'NONE',  ( -7.914565200276248547, 0.8199775699195036571, -0.2255500208779827320 ) ) ;
#1179 = FACE_OUTER_BOUND ( 'NONE', #654, .T. ) ;
#1180 = CYLINDRICAL_SURFACE ( 'NONE', #1527, 0.5000000000000004441 ) ;
#1181 = CARTESIAN_POINT ( 'NONE',  ( 3.995153313703993625, -0.4687500000000000000, 3.995153313703992737 ) ) ;
#1182 = EDGE_LOOP ( 'NONE', ( #2268, #1541, #2747, #1538 ) ) ;
#1183 = FACE_OUTER_BOUND ( 'NONE', #1448, .T. ) ;
#1184 = CARTESIAN_POINT ( 'NONE',  ( 4.263066253150152640, -0.6874999990440843201, 4.263066253150151752 ) ) ;
#1185 = CARTESIAN_POINT ( 'NONE',  ( 6.028886112499999506, 0.1562500009559160408, -7.383256080097054254E-16 ) ) ;
#1186 = CARTESIAN_POINT ( 'NONE',  ( 3.995153313703992737, 0.6937500019118313377, -3.995153313703993625 ) ) ;
#1187 = ADVANCED_FACE ( 'NONE', ( #1843 ), #916, .T. ) ;
#1188 = CARTESIAN_POINT ( 'NONE',  ( -7.981583755178252026, 0.7584545103088096152, 0.1754914111648755437 ) ) ;
#1189 = LINE ( 'NONE', #931, #2753 ) ;
#1190 = CARTESIAN_POINT ( 'NONE',  ( -6.808064006308499394, -1.247163271729610168, 0.000000000000000000 ) ) ;
#1191 = CIRCLE ( 'NONE', #1335, 0.04999999999999965583 ) ;
#1192 = VERTEX_POINT ( 'NONE', #538 ) ;
#1193 = CARTESIAN_POINT ( 'NONE',  ( -7.895264931168134659, -0.7738560230093195491, 0.2249999999999949540 ) ) ;
#1194 = LINE ( 'NONE', #989, #2888 ) ;
#1195 = VERTEX_POINT ( 'NONE', #2531 ) ;
#1196 = CARTESIAN_POINT ( 'NONE',  ( -4.142771897803905645, 0.7584545103087916296, -6.824508588835092482 ) ) ;
#1197 = CARTESIAN_POINT ( 'NONE',  ( 2.577566660140602206, -0.8930628752981406571, 5.313046597422273365 ) ) ;
#1198 = DIRECTION ( 'NONE',  ( 0.4903933391948017140, -0.1950832937323720151, 0.8493861791787651327 ) ) ;
#1199 = CARTESIAN_POINT ( 'NONE',  ( -3.459627207591272669E-16, -0.7124999980881686623, -5.649999999999999467 ) ) ;
#1200 = DIRECTION ( 'NONE',  ( -0.5000000000000002220, 0.000000000000000000, 0.8660254037844384856 ) ) ;
#1201 = B_SPLINE_CURVE_WITH_KNOTS ( 'NONE', 3,
 ( #129, #553, #582, #1473 ),
 .UNSPECIFIED., .F., .F.,
 ( 4, 4 ),
 ( 0.0002392131686292639286, 0.0004790471078199076476 ),
 .UNSPECIFIED. ) ;
#1202 = CARTESIAN_POINT ( 'NONE',  ( 0.000000000000000000, 1.235355339059327928, 6.235355339059355018 ) ) ;
#1203 = EDGE_CURVE ( 'NONE', #200, #2459, #1349, .T. ) ;
#1204 = VERTEX_POINT ( 'NONE', #1882 ) ;
#1205 = CARTESIAN_POINT ( 'NONE',  ( 6.028886112499999506, -2.134374999044084564, -2.497246393800306219 ) ) ;
#1206 = ADVANCED_FACE ( 'NONE', ( #2758 ), #771, .F. ) ;
#1207 = ORIENTED_EDGE ( 'NONE', *, *, #1072, .F. ) ;
#1208 = CARTESIAN_POINT ( 'NONE',  ( -7.953719043561656044, -0.8044017859520032898, 0.1577335749960634137 ) ) ;
#1209 = CARTESIAN_POINT ( 'NONE',  ( -5.649999999999998579, 0.2718750019118313377, 2.340306627407990891 ) ) ;
#1210 = CARTESIAN_POINT ( 'NONE',  ( -5.477994031814932718, 0.6924411559936363147, -1.574121130097125398 ) ) ;
#1211 = DIRECTION ( 'NONE',  ( -1.000000000000000000, 0.000000000000000000, -2.254434462645341131E-16 ) ) ;
#1212 = CARTESIAN_POINT ( 'NONE',  ( -3.752776749732567918, -0.7738560230093216585, -6.999999999999998224 ) ) ;
#1213 = DIRECTION ( 'NONE',  ( 0.8660254037844383745, 0.000000000000000000, 0.5000000000000004441 ) ) ;
#1214 = CARTESIAN_POINT ( 'NONE',  ( 5.649999999999999467, 1.125000000000000222, -6.919254415182545337E-16 ) ) ;
#1215 = CARTESIAN_POINT ( 'NONE',  ( -4.263066253150152640, -0.3999999990440842867, -4.263066253150152640 ) ) ;
#1216 = ORIENTED_EDGE ( 'NONE', *, *, #1316, .T. ) ;
#1217 = AXIS2_PLACEMENT_3D ( 'NONE', #1057, #1975, #2162 ) ;
#1218 = ORIENTED_EDGE ( 'NONE', *, *, #1840, .F. ) ;
#1219 = FACE_OUTER_BOUND ( 'NONE', #706, .T. ) ;
#1220 = DIRECTION ( 'NONE',  ( -0.5000000000000001110, 0.000000000000000000, -0.8660254037844385966 ) ) ;
#1221 = AXIS2_PLACEMENT_3D ( 'NONE', #123, #1911, #2331 ) ;
#1222 = DIRECTION ( 'NONE',  ( 0.5000000000000002220, 0.000000000000000000, 0.8660254037844384856 ) ) ;
#1223 = CARTESIAN_POINT ( 'NONE',  ( 2.340306627407986895, -0.2343749999999998335, -5.649999999999999467 ) ) ;
#1224 = ORIENTED_EDGE ( 'NONE', *, *, #2410, .F. ) ;
#1225 = CARTESIAN_POINT ( 'NONE',  ( -6.028886112499999506, -0.2656249990440839315, -2.497246393800304887 ) ) ;
#1226 = EDGE_CURVE ( 'NONE', #2476, #1860, #2254, .T. ) ;
#1227 = CARTESIAN_POINT ( 'NONE',  ( 5.807461434893395058, -0.8144030636618472263, 0.4757286874371196572 ) ) ;
#1228 = CARTESIAN_POINT ( 'NONE',  ( 4.185789451624787105, 0.7738560230093187720, 6.750000000000000888 ) ) ;
#1229 = DIRECTION ( 'NONE',  ( 0.000000000000000000, 0.000000000000000000, 1.000000000000000000 ) ) ;
#1230 = CARTESIAN_POINT ( 'NONE',  ( 7.981841983480927105, -0.7583620419622714159, -0.1750441466246908107 ) ) ;
#1231 =( BOUNDED_SURFACE ( )  B_SPLINE_SURFACE ( 3, 2, ( 
 ( #1641, #1656, #936 ),
 ( #2720, #1834, #55 ),
 ( #1627, #530, #516 ),
 ( #2270, #1170, #1434 ),
 ( #2311, #324, #2091 ),
 ( #1611, #1392, #164 ) ),
 .UNSPECIFIED., .F., .F., .T. ) 
 B_SPLINE_SURFACE_WITH_KNOTS ( ( 4, 2, 4 ),
 ( 3, 3 ),
 ( 0.000000000000000000, 0.0002359440298829058045, 0.0004718880597658116089 ),
 ( 0.000000000000000000, 1.000000000000000000 ),
 .UNSPECIFIED. ) 
 GEOMETRIC_REPRESENTATION_ITEM ( )  RATIONAL_B_SPLINE_SURFACE ( (
 ( 1.000000000000000000, 0.8184713421158665847, 1.000000000000000000),
 ( 1.000000000000000000, 0.8281713033096255172, 1.000000000000000000),
 ( 1.000000000000000000, 0.8333394354237050328, 1.000000000000000000),
 ( 1.000000000000000000, 0.8333656076812961944, 1.000000000000000000),
 ( 1.000000000000000000, 0.8282338511421960536, 1.000000000000000000),
 ( 1.000000000000000000, 0.8184713421158638091, 1.000000000000000000) ) ) 
 REPRESENTATION_ITEM ( '' )  SURFACE ( )  );
#1232 = CARTESIAN_POINT ( 'NONE',  ( 5.650000000000000355, 1.828125000000000444, 2.340306627407986007 ) ) ;
#1233 = CARTESIAN_POINT ( 'NONE',  ( 6.028886112499999506, 0.8187500009559155467, -7.383256080097054254E-16 ) ) ;
#1234 = EDGE_LOOP ( 'NONE', ( #708, #2532, #2214, #1329, #1270, #1792, #966, #1312 ) ) ;
#1235 = TOROIDAL_SURFACE ( 'NONE', #1900, 6.791462024506332185, 0.05000000000000000278 ) ;
#1236 = CARTESIAN_POINT ( 'NONE',  ( 7.975001146223325676, 0.7959202560010308902, -4.777389351114304910E-14 ) ) ;
#1237 = DIRECTION ( 'NONE',  ( 0.000000000000000000, -1.000000000000000000, 0.000000000000000000 ) ) ;
#1238 = CARTESIAN_POINT ( 'NONE',  ( 6.062177826491070398, -18.09333333333334082, 3.500000000000002665 ) ) ;
#1239 = CARTESIAN_POINT ( 'NONE',  ( 7.982116279166723949, -0.7582638386379476625, -0.1745690525605950727 ) ) ;
#1240 = ORIENTED_EDGE ( 'NONE', *, *, #1123, .T. ) ;
#1241 = CARTESIAN_POINT ( 'NONE',  ( 4.263066253150152640, -0.6874999990440843201, 4.263066253150151752 ) ) ;
#1242 = AXIS2_PLACEMENT_3D ( 'NONE', #2742, #2267, #64 ) ;
#1243 = CARTESIAN_POINT ( 'NONE',  ( 7.914565200276248547, -0.8199775699195023249, 0.2255500208779835924 ) ) ;
#1244 = COLOUR_RGB ( '',0.8980392156862745390, 0.8980392156862745390, 0.8980392156862745390 ) ;
#1245 = EDGE_CURVE ( 'NONE', #2535, #2002, #2582, .T. ) ;
#1246 = CARTESIAN_POINT ( 'NONE',  ( 6.028886112499999506, -1.296874999044083987, -2.497246393800306219 ) ) ;
#1247 = CARTESIAN_POINT ( 'NONE',  ( -7.982110473831984798, -0.7582659171152804634, -0.1745791076953159271 ) ) ;
#1248 = CARTESIAN_POINT ( 'NONE',  ( 7.982644776421178534, -0.7921354493317521728, -0.1713111794926832077 ) ) ;
#1249 = CARTESIAN_POINT ( 'NONE',  ( 4.076762048438061115, -0.7830435502939658843, -6.890232136314309308 ) ) ;
#1250 = CARTESIAN_POINT ( 'NONE',  ( -6.028886112499999506, 0.4437500009559156022, 0.000000000000000000 ) ) ;
#1251 = ORIENTED_EDGE ( 'NONE', *, *, #588, .F. ) ;
#1252 = DIRECTION ( 'NONE',  ( -0.000000000000000000, -1.000000000000000000, -0.000000000000000000 ) ) ;
#1253 = DIRECTION ( 'NONE',  ( 0.000000000000000000, 0.000000000000000000, 1.000000000000000000 ) ) ;
#1254 = CARTESIAN_POINT ( 'NONE',  ( 2.497246393800305331, 0.9593750009559155467, -6.028886112499999506 ) ) ;
#1255 = ORIENTED_EDGE ( 'NONE', *, *, #135, .T. ) ;
#1256 = CARTESIAN_POINT ( 'NONE',  ( -3.691628040048527127E-16, 0.3437500009559160130, -6.028886112499999506 ) ) ;
#1257 = CARTESIAN_POINT ( 'NONE',  ( -2.161452500861530179, -0.6057926543861044122, 5.650000000000000355 ) ) ;
#1258 = CONICAL_SURFACE ( 'NONE', #2785, 5.000000000000000000, 0.7853981633974590482 ) ;
#1259 = CARTESIAN_POINT ( 'NONE',  ( 5.205394171142025073, -0.8444477819840724431, 2.664100883121571339 ) ) ;
#1260 = EDGE_CURVE ( 'NONE', #234, #1158, #121, .T. ) ;
#1261 = CARTESIAN_POINT ( 'NONE',  ( -5.616072369396895247, 0.7001632059419918841, -1.016848733312747832 ) ) ;
#1262 = CYLINDRICAL_SURFACE ( 'NONE', #388, 5.649999999999999467 ) ;
#1263 = CIRCLE ( 'NONE', #2513, 19.23679202833525892 ) ;
#1264 = DIRECTION ( 'NONE',  ( -0.4903933391948072651, 0.1950832937323669636, -0.8493861791787632454 ) ) ;
#1265 = FACE_OUTER_BOUND ( 'NONE', #2491, .T. ) ;
#1266 = CARTESIAN_POINT ( 'NONE',  ( -2.497246393800307107, -0.1656249990440844810, 6.028886112499998617 ) ) ;
#1267 = EDGE_LOOP ( 'NONE', ( #399, #731, #601, #2618 ) ) ;
#1268 =( NAMED_UNIT ( * ) SI_UNIT ( $, .STERADIAN. ) SOLID_ANGLE_UNIT ( ) );
#1269 = DIRECTION ( 'NONE',  ( -0.000000000000000000, 1.000000000000000000, -0.000000000000000000 ) ) ;
#1270 = ORIENTED_EDGE ( 'NONE', *, *, #2317, .T. ) ;
#1271 = CARTESIAN_POINT ( 'NONE',  ( 4.263066253150151752, 0.2500000009559159020, -4.263066253150152640 ) ) ;
#1272 = AXIS2_PLACEMENT_3D ( 'NONE', #2421, #1060, #2176 ) ;
#1273 = CARTESIAN_POINT ( 'NONE',  ( 6.028886112500001282, 0.1093750009559159991, 2.497246393800304443 ) ) ;
#1274 = CARTESIAN_POINT ( 'NONE',  ( -7.975001146223325676, 0.7959202560010321115, 4.694652499166996229E-14 ) ) ;
#1275 = CARTESIAN_POINT ( 'NONE',  ( -5.649999999999999467, 0.000000000000000000, 0.000000000000000000 ) ) ;
#1276 = CARTESIAN_POINT ( 'NONE',  ( -2.340306627407987339, 1.359375000000000666, -5.649999999999999467 ) ) ;
#1277 = CARTESIAN_POINT ( 'NONE',  ( -6.028886112499999506, 0.3968750009559155467, -2.497246393800304887 ) ) ;
#1278 = B_SPLINE_CURVE_WITH_KNOTS ( 'NONE', 3,
 ( #105, #158, #817, #789, #2555, #1712 ),
 .UNSPECIFIED., .F., .F.,
 ( 4, 2, 4 ),
 ( 0.000000000000000000, 0.0002618488026665106950, 0.0005236976053330213900 ),
 .UNSPECIFIED. ) ;
#1279 = ORIENTED_EDGE ( 'NONE', *, *, #1316, .F. ) ;
#1280 = ADVANCED_FACE ( 'NONE', ( #1167 ), #264, .T. ) ;
#1281 = CARTESIAN_POINT ( 'NONE',  ( -3.926820533396682134, 0.7498782287194710738, 6.976798871765851118 ) ) ;
#1282 = SURFACE_STYLE_USAGE ( .BOTH. , #2603 ) ;
#1283 = CARTESIAN_POINT ( 'NONE',  ( -4.056059636889287390, 0.7959416612222366405, -6.866908941194456162 ) ) ;
#1284 = ORIENTED_EDGE ( 'NONE', *, *, #2286, .F. ) ;
#1285 = CARTESIAN_POINT ( 'NONE',  ( 2.497246393800309328, -0.7343749990440838760, 6.028886112499997729 ) ) ;
#1286 = PRODUCT_CONTEXT ( 'NONE', #640, 'mechanical' ) ;
#1287 = AXIS2_PLACEMENT_3D ( 'NONE', #1744, #2794, #336 ) ;
#1288 = AXIS2_PLACEMENT_3D ( 'NONE', #2879, #1559, #224 ) ;
#1289 = CARTESIAN_POINT ( 'NONE',  ( -2.497246393800305331, 1.053125000955915880, -6.028886112499999506 ) ) ;
#1290 = CARTESIAN_POINT ( 'NONE',  ( 4.185789451624787105, -0.7738560230093193271, 6.750000000000000888 ) ) ;
#1291 = DIRECTION ( 'NONE',  ( -0.8660254037844385966, -0.000000000000000000, 0.5000000000000001110 ) ) ;
#1292 = CARTESIAN_POINT ( 'NONE',  ( -5.649999999999999467, -1.546874999999999778, -2.340306627407986895 ) ) ;
#1293 = FACE_OUTER_BOUND ( 'NONE', #2194, .T. ) ;
#1294 = CARTESIAN_POINT ( 'NONE',  ( 5.649999999999999467, 1.396875001911831449, -2.340306627407988227 ) ) ;
#1295 = EDGE_LOOP ( 'NONE', ( #1730, #1240, #450, #2809 ) ) ;
#1296 = CARTESIAN_POINT ( 'NONE',  ( 5.295393018292887888, 0.9889857314867146476, -2.871128818989112652 ) ) ;
#1297 = ADVANCED_FACE ( 'NONE', ( #1670 ), #2218, .T. ) ;
#1298 = DIRECTION ( 'NONE',  ( -0.5000000000000002220, 0.000000000000000000, 0.8660254037844384856 ) ) ;
#1299 = PLANE ( 'NONE',  #1164 ) ;
#1300 = ORIENTED_EDGE ( 'NONE', *, *, #1053, .F. ) ;
#1301 = ADVANCED_FACE ( 'NONE', ( #1293 ), #2406, .T. ) ;
#1302 = FACE_OUTER_BOUND ( 'NONE', #1556, .T. ) ;
#1303 = ORIENTED_EDGE ( 'NONE', *, *, #1625, .T. ) ;
#1304 = CARTESIAN_POINT ( 'NONE',  ( -4.142513669501254547, 0.7583620419617141950, 6.824955853375234582 ) ) ;
#1305 = DIRECTION ( 'NONE',  ( 0.8660254037844434816, 0.000000000000000000, 0.4999999999999917288 ) ) ;
#1306 = CARTESIAN_POINT ( 'NONE',  ( 5.650000000000000355, -1.921875000000000000, 2.340306627407986007 ) ) ;
#1307 = CARTESIAN_POINT ( 'NONE',  ( -3.995153313703991849, 1.068750001911831227, 3.995153313703993625 ) ) ;
#1308 = ORIENTED_EDGE ( 'NONE', *, *, #1661, .T. ) ;
#1309 = CARTESIAN_POINT ( 'NONE',  ( -0.7772453435680450884, 1.028886112499976635, -5.991239174161997916 ) ) ;
#1310 = CARTESIAN_POINT ( 'NONE',  ( 4.182365856182861386, 0.8082804653835412578, -6.755929841249969314 ) ) ;
#1311 = FACE_OUTER_BOUND ( 'NONE', #2086, .T. ) ;
#1312 = ORIENTED_EDGE ( 'NONE', *, *, #2538, .F. ) ;
#1313 = CARTESIAN_POINT ( 'NONE',  ( 1.107488412014558138E-15, -1.531249999044084209, 6.028886112499999506 ) ) ;
#1314 = EDGE_CURVE ( 'NONE', #1158, #2370, #1620, .T. ) ;
#1315 = ORIENTED_EDGE ( 'NONE', *, *, #870, .T. ) ;
#1316 = EDGE_CURVE ( 'NONE', #2063, #743, #2539, .T. ) ;
#1317 = AXIS2_PLACEMENT_3D ( 'NONE', #2386, #1947, #2417 ) ;
#1318 = CARTESIAN_POINT ( 'NONE',  ( 8.317142229842483691E-16, -1.199999999999999734, -6.791462024506332185 ) ) ;
#1319 = CARTESIAN_POINT ( 'NONE',  ( 5.650000000000000355, 0.3281250000000002776, 2.340306627407986007 ) ) ;
#1320 = CARTESIAN_POINT ( 'NONE',  ( 1.107488412014558138E-15, -0.8687499990440842312, 6.028886112499999506 ) ) ;
#1321 = CARTESIAN_POINT ( 'NONE',  ( -8.673617379884035472E-16, 1.247163271729610168, 0.000000000000000000 ) ) ;
#1322 = CARTESIAN_POINT ( 'NONE',  ( -3.463093681047895474E-17, 1.250000000000000000, -6.791462024506332185 ) ) ;
#1323 = CARTESIAN_POINT ( 'NONE',  ( 3.839865294681829688, 0.7582659171152801303, -6.999999999999998224 ) ) ;
#1324 = APPLICATION_CONTEXT ( 'automotive_design' ) ;
#1325 = CARTESIAN_POINT ( 'NONE',  ( -4.263066253150150864, 0.5375000009559156577, 4.263066253150152640 ) ) ;
#1326 = ORIENTED_EDGE ( 'NONE', *, *, #2630, .F. ) ;
#1327 = CARTESIAN_POINT ( 'NONE',  ( 4.113416514040618921, -0.8043841666693313242, -6.809332672561769328 ) ) ;
#1328 = CARTESIAN_POINT ( 'NONE',  ( -5.701921837743030075, -0.8270647552592537144, 1.244797415548291264 ) ) ;
#1329 = ORIENTED_EDGE ( 'NONE', *, *, #1625, .F. ) ;
#1330 = CARTESIAN_POINT ( 'NONE',  ( -4.152614648042563417, -0.8199775699194984391, 6.741439512908513620 ) ) ;
#1331 = AXIS2_PLACEMENT_3D ( 'NONE', #1861, #967, #2272 ) ;
#1332 = CARTESIAN_POINT ( 'NONE',  ( 3.926726209781344235, -0.7498787235419764885, 6.976851722274250100 ) ) ;
#1333 = CARTESIAN_POINT ( 'NONE',  ( 3.840359845055588028, 0.8043815759689687539, 6.966989533786494881 ) ) ;
#1334 = EDGE_CURVE ( 'NONE', #2569, #144, #1490, .T. ) ;
#1335 = AXIS2_PLACEMENT_3D ( 'NONE', #2422, #1929, #2777 ) ;
#1336 = CARTESIAN_POINT ( 'NONE',  ( 3.995153313703993625, 0.2812500000000002220, 3.995153313703992737 ) ) ;
#1337 = CARTESIAN_POINT ( 'NONE',  ( 2.497246393800304887, -2.040624999044084564, -6.028886112499999506 ) ) ;
#1338 = ORIENTED_EDGE ( 'NONE', *, *, #2697, .F. ) ;
#1339 = CARTESIAN_POINT ( 'NONE',  ( 3.071856230197879789, 0.8741249295998388957, 5.017124173340394400 ) ) ;
#1340 = CARTESIAN_POINT ( 'NONE',  ( 4.152614648042562528, 0.8199775699195022138, -6.741439512908515397 ) ) ;
#1341 = CARTESIAN_POINT ( 'NONE',  ( -6.028886112499999506, -0.3062499990440846198, 0.000000000000000000 ) ) ;
#1342 = ORIENTED_EDGE ( 'NONE', *, *, #623, .T. ) ;
#1343 = LINE ( 'NONE', #807, #29 ) ;
#1344 = FACE_OUTER_BOUND ( 'NONE', #1969, .T. ) ;
#1345 = CARTESIAN_POINT ( 'NONE',  ( -4.263066253150150864, 0.5375000009559156577, 4.263066253150152640 ) ) ;
#1346 = CARTESIAN_POINT ( 'NONE',  ( -6.018876556301846925, -18.09333333333334082, 3.474999999999999201 ) ) ;
#1347 = ORIENTED_EDGE ( 'NONE', *, *, #2885, .F. ) ;
#1348 = CARTESIAN_POINT ( 'NONE',  ( -3.759623940616412696, -0.8082804653835418129, 6.999999999999999112 ) ) ;
#1349 = B_SPLINE_CURVE_WITH_KNOTS ( 'NONE', 3,
 ( #1637, #1665, #2546, #742, #2062, #985 ),
 .UNSPECIFIED., .F., .F.,
 ( 4, 2, 4 ),
 ( 0.000000000000000000, 0.0002618488026665102613, 0.0005236976053330205227 ),
 .UNSPECIFIED. ) ;
#1350 =( BOUNDED_SURFACE ( )  B_SPLINE_SURFACE ( 3, 2, ( 
 ( #483, #2485, #76 ),
 ( #257, #537, #1188 ),
 ( #2689, #2727, #318 ),
 ( #288, #1415, #1150 ),
 ( #2739, #2499, #1828 ),
 ( #1178, #1370, #1649 ) ),
 .UNSPECIFIED., .F., .F., .F. ) 
 B_SPLINE_SURFACE_WITH_KNOTS ( ( 4, 2, 4 ),
 ( 3, 3 ),
 ( -2.168404344971008868E-19, 0.0002359440298829058316, 0.0004718880597658118800 ),
 ( 0.000000000000000000, 1.000000000000000000 ),
 .UNSPECIFIED. ) 
 GEOMETRIC_REPRESENTATION_ITEM ( )  RATIONAL_B_SPLINE_SURFACE ( (
 ( 1.000000000000000000, 0.8184713421158640312, 1.000000000000000000),
 ( 1.000000000000000000, 0.8281713033094927345, 1.000000000000000000),
 ( 1.000000000000000000, 0.8333394354238834456, 1.000000000000000000),
 ( 1.000000000000000000, 0.8333656076811251090, 1.000000000000000000),
 ( 1.000000000000000000, 0.8282338511423248395, 1.000000000000000000),
 ( 1.000000000000000000, 0.8184713421158640312, 1.000000000000000000) ) ) 
 REPRESENTATION_ITEM ( '' )  SURFACE ( )  );
#1351 = CARTESIAN_POINT ( 'NONE',  ( -5.649999999999998579, -0.4781249980881688844, 2.340306627407990891 ) ) ;
#1352 = ADVANCED_FACE ( 'NONE', ( #1265 ), #1991, .T. ) ;
#1353 = CARTESIAN_POINT ( 'NONE',  ( -0.6715999100493477147, -0.9354928984442332229, 5.935492898444251431 ) ) ;
#1354 = CARTESIAN_POINT ( 'NONE',  ( -5.649999999999999467, 0.7500000000000002220, 0.000000000000000000 ) ) ;
#1355 = CARTESIAN_POINT ( 'NONE',  ( 1.037888162277381603E-15, 1.162500001911831227, 5.649999999999999467 ) ) ;
#1356 = EDGE_CURVE ( 'NONE', #672, #2605, #1191, .T. ) ;
#1357 = CARTESIAN_POINT ( 'NONE',  ( 5.651382753725584962, 0.9764142548800542887, -1.970673684858193164 ) ) ;
#1358 = DIRECTION ( 'NONE',  ( 0.000000000000000000, 1.000000000000000000, 0.000000000000000000 ) ) ;
#1359 = CARTESIAN_POINT ( 'NONE',  ( -5.472025333305942318, -0.9945927159666179129, 3.054107172994363850 ) ) ;
#1360 = EDGE_LOOP ( 'NONE', ( #1563, #56, #616, #2451 ) ) ;
#1361 = AXIS2_PLACEMENT_3D ( 'NONE', #2158, #2827, #584 ) ;
#1362 = CARTESIAN_POINT ( 'NONE',  ( 3.761950552233678913, -0.8199775699195032130, -6.966989533786493105 ) ) ;
#1363 = CARTESIAN_POINT ( 'NONE',  ( 6.028886112500001282, 1.521875000955915658, 2.497246393800303998 ) ) ;
#1364 = VERTEX_POINT ( 'NONE', #1067 ) ;
#1365 = CARTESIAN_POINT ( 'NONE',  ( -3.929366889167731802, 0.7829987773376519966, -6.975460783295995171 ) ) ;
#1366 = CARTESIAN_POINT ( 'NONE',  ( -2.497246393800306663, -0.8281249990440839870, 6.028886112499998617 ) ) ;
#1367 = AXIS2_PLACEMENT_3D ( 'NONE', #2741, #258, #1606 ) ;
#1368 = CARTESIAN_POINT ( 'NONE',  ( -6.028886112499999506, 0.5312500009559159020, 0.000000000000000000 ) ) ;
#1369 = CARTESIAN_POINT ( 'NONE',  ( 5.649999999999999467, 0.6468750019118312267, -2.340306627407988227 ) ) ;
#1370 = CARTESIAN_POINT ( 'NONE',  ( -7.941989796799278523, 0.8082804653835423681, -0.2440701587500335723 ) ) ;
#1371 = CARTESIAN_POINT ( 'NONE',  ( -7.938566201357355467, 0.7738560230093195491, 0.2499999999999972522 ) ) ;
#1372 = CARTESIAN_POINT ( 'NONE',  ( 7.914565200276248547, -0.8199775699195031020, -0.2255500208779767368 ) ) ;
#1373 = CARTESIAN_POINT ( 'NONE',  ( -3.459627207591272669E-16, 0.5625000000000003331, -5.649999999999999467 ) ) ;
#1374 = EDGE_CURVE ( 'NONE', #2225, #2681, #1201, .T. ) ;
#1375 = CARTESIAN_POINT ( 'NONE',  ( 0.000000000000000000, 1.250000000000000000, 0.000000000000000000 ) ) ;
#1376 = EDGE_LOOP ( 'NONE', ( #2829, #1284, #2189, #846 ) ) ;
#1377 = DIRECTION ( 'NONE',  ( 0.000000000000000000, 1.000000000000000000, 0.000000000000000000 ) ) ;
#1378 = CARTESIAN_POINT ( 'NONE',  ( 6.028886112499999506, 0.1156250009559155190, -2.497246393800306219 ) ) ;
#1379 = ORIENTED_EDGE ( 'NONE', *, *, #209, .F. ) ;
#1380 = DIRECTION ( 'NONE',  ( 1.000000000000000000, 0.000000000000000000, 0.000000000000000000 ) ) ;
#1381 = CARTESIAN_POINT ( 'NONE',  ( -8.673617379884035472E-16, 1.199999999999999734, 6.791462024506332185 ) ) ;
#1382 = CARTESIAN_POINT ( 'NONE',  ( 6.028886112499999506, 0.9062500009559157910, -7.383256080097054254E-16 ) ) ;
#1383 = CARTESIAN_POINT ( 'NONE',  ( -5.649999999999998579, -1.228124998088168773, 2.340306627407990891 ) ) ;
#1384 = CIRCLE ( 'NONE', #1287, 19.23679202833525892 ) ;
#1385 = CARTESIAN_POINT ( 'NONE',  ( 7.914565200276248547, -0.8199775699194976619, 0.2255500208779836757 ) ) ;
#1386 = CARTESIAN_POINT ( 'NONE',  ( -4.142239373815421288, -0.7582638386379456641, -6.825430947439401486 ) ) ;
#1387 = CIRCLE ( 'NONE', #358, 0.05000000000000025951 ) ;
#1388 = DIRECTION ( 'NONE',  ( 0.4903933391948080422, -0.1950832937323881966, 0.8493861791787578053 ) ) ;
#1389 = ORIENTED_EDGE ( 'NONE', *, *, #2394, .F. ) ;
#1390 = EDGE_CURVE ( 'NONE', #776, #1204, #679, .T. ) ;
#1391 = CARTESIAN_POINT ( 'NONE',  ( 2.497246393800309328, -0.8218749990440841202, 6.028886112499997729 ) ) ;
#1392 = CARTESIAN_POINT ( 'NONE',  ( 3.759623940616409588, 0.8082804653835378161, 7.000000000000001776 ) ) ;
#1393 = ORIENTED_EDGE ( 'NONE', *, *, #2503, .F. ) ;
#1394 = CARTESIAN_POINT ( 'NONE',  ( -7.914565200276250323, -0.8199775699195014367, 0.2255500208779749882 ) ) ;
#1395 = EDGE_CURVE ( 'NONE', #187, #428, #1384, .T. ) ;
#1396 = CARTESIAN_POINT ( 'NONE',  ( 7.941989796799278523, 0.8082804653835375941, -0.2440701587500282155 ) ) ;
#1397 = CARTESIAN_POINT ( 'NONE',  ( -3.691628040048527127E-16, 1.843750000955916013, -6.028886112499999506 ) ) ;
#1398 = CARTESIAN_POINT ( 'NONE',  ( 2.340306627407990003, -0.2906249980881686623, 5.649999999999998579 ) ) ;
#1399 = TOROIDAL_SURFACE ( 'NONE', #2275, 19.23679202833525892, 0.05000000000000000278 ) ;
#1400 = LINE ( 'NONE', #2279, #2679 ) ;
#1401 = CARTESIAN_POINT ( 'NONE',  ( 2.174655499521478408, 0.8688974988201931815, -5.480139902818981668 ) ) ;
#1402 = CARTESIAN_POINT ( 'NONE',  ( 0.5422625093151142162, 1.028886112499977967, -6.028886112500000394 ) ) ;
#1403 = CARTESIAN_POINT ( 'NONE',  ( -6.033589924159406870, 18.09333333333334082, -3.483494766893248329 ) ) ;
#1404 = VERTEX_POINT ( 'NONE', #2588 ) ;
#1405 = CARTESIAN_POINT ( 'NONE',  ( -8.673617379884035472E-16, 1.250000000000000000, 6.791462024506332185 ) ) ;
#1406 = AXIS2_PLACEMENT_3D ( 'NONE', #2702, #259, #469 ) ;
#1407 = DIRECTION ( 'NONE',  ( -0.000000000000000000, -1.000000000000000000, -0.000000000000000000 ) ) ;
#1408 = ORIENTED_EDGE ( 'NONE', *, *, #2625, .F. ) ;
#1409 = CARTESIAN_POINT ( 'NONE',  ( 6.033589924159404205, 18.09333333333334082, -3.483494766893248773 ) ) ;
#1410 = CARTESIAN_POINT ( 'NONE',  ( 7.953610879967543568, 0.8044448143617992653, 0.1579209308894974073 ) ) ;
#1411 = ADVANCED_FACE ( 'NONE', ( #1219 ), #2810, .T. ) ;
#1412 = CARTESIAN_POINT ( 'NONE',  ( -3.995153313703991849, -2.156250000000000000, 3.995153313703993625 ) ) ;
#1413 = CARTESIAN_POINT ( 'NONE',  ( -2.340306627407987339, -1.415624998088169217, -5.649999999999999467 ) ) ;
#1414 = TOROIDAL_SURFACE ( 'NONE', #626, 19.23679202833525892, 0.05000000000000000278 ) ;
#1415 = CARTESIAN_POINT ( 'NONE',  ( -8.005609686020184412, 0.7829987773374804672, -0.08479884483933319839 ) ) ;
#1416 = CARTESIAN_POINT ( 'NONE',  ( -3.752776749732567918, -0.7738560230093215475, -6.999999999999998224 ) ) ;
#1417 = DIRECTION ( 'NONE',  ( -0.000000000000000000, -1.000000000000000000, -0.000000000000000000 ) ) ;
#1418 = ORIENTED_EDGE ( 'NONE', *, *, #1480, .F. ) ;
#1419 = DIRECTION ( 'NONE',  ( 0.000000000000000000, 0.000000000000000000, 1.000000000000000000 ) ) ;
#1420 = CARTESIAN_POINT ( 'NONE',  ( -3.752776749732567918, 0.7738560230093206593, -6.949999999999999289 ) ) ;
#1421 = ORIENTED_EDGE ( 'NONE', *, *, #665, .F. ) ;
#1422 = LINE ( 'NONE', #1629, #1102 ) ;
#1423 = CARTESIAN_POINT ( 'NONE',  ( 5.518937800409896788, -0.7851093239769828536, -1.775702414654508399 ) ) ;
#1424 = EDGE_CURVE ( 'NONE', #961, #1024, #1765, .T. ) ;
#1425 = CARTESIAN_POINT ( 'NONE',  ( -4.263066253150152640, 1.187500000955916013, -4.263066253150152640 ) ) ;
#1426 = CARTESIAN_POINT ( 'NONE',  ( 2.340306627407986895, -0.7593749980881687733, -5.649999999999999467 ) ) ;
#1427 = DIRECTION ( 'NONE',  ( 0.000000000000000000, -1.000000000000000000, 0.000000000000000000 ) ) ;
#1428 = DIRECTION ( 'NONE',  ( 0.8660254037844385966, -0.000000000000000000, 0.5000000000000001110 ) ) ;
#1429 = DIRECTION ( 'NONE',  ( -0.8660254037844384856, 0.000000000000000000, 0.5000000000000003331 ) ) ;
#1430 = CIRCLE ( 'NONE', #405, 6.808064006308498506 ) ;
#1431 = ORIENTED_EDGE ( 'NONE', *, *, #2305, .T. ) ;
#1432 = AXIS2_PLACEMENT_3D ( 'NONE', #694, #1377, #879 ) ;
#1433 = CARTESIAN_POINT ( 'NONE',  ( 1.107488412014558138E-15, -2.368749999044084564, 6.028886112499999506 ) ) ;
#1434 = CARTESIAN_POINT ( 'NONE',  ( 3.927374447313943584, 0.7498361086695441990, 6.976614753953824355 ) ) ;
#1435 = ORIENTED_EDGE ( 'NONE', *, *, #662, .F. ) ;
#1436 = CARTESIAN_POINT ( 'NONE',  ( -6.028886112499997729, -0.1718749990440842368, 2.497246393800309328 ) ) ;
#1437 = CARTESIAN_POINT ( 'NONE',  ( 0.7633579551878654224, -0.9179276705988448359, 5.880904199233771834 ) ) ;
#1438 = CARTESIAN_POINT ( 'NONE',  ( -6.028886112499997729, -2.421874999044084653, 2.497246393800309328 ) ) ;
#1439 = CARTESIAN_POINT ( 'NONE',  ( -4.076242796852629802, -0.7829987773376559934, -6.890661938456623226 ) ) ;
#1440 = CARTESIAN_POINT ( 'NONE',  ( 7.975001146223325676, -0.7959202560010305572, 4.582855492682019504E-14 ) ) ;
#1441 = CARTESIAN_POINT ( 'NONE',  ( 3.995153313703992737, 1.218750000000000222, -3.995153313703993625 ) ) ;
#1442 = CARTESIAN_POINT ( 'NONE',  ( 2.130932162361361293, 1.028886112499977301, -5.665743761561047087 ) ) ;
#1443 = ORIENTED_EDGE ( 'NONE', *, *, #30, .T. ) ;
#1444 = EDGE_CURVE ( 'NONE', #1364, #144, #499, .T. ) ;
#1445 = ORIENTED_EDGE ( 'NONE', *, *, #1226, .T. ) ;
#1446 = CARTESIAN_POINT ( 'NONE',  ( -4.263066253150150864, -2.462499999044085008, 4.263066253150152640 ) ) ;
#1447 = CARTESIAN_POINT ( 'NONE',  ( -5.287447555987829340, -1.028886112499977745, -2.896612866810767795 ) ) ;
#1448 = EDGE_LOOP ( 'NONE', ( #650, #1714, #236, #1997 ) ) ;
#1449 = CARTESIAN_POINT ( 'NONE',  ( -6.028886112499999506, 0.4843750009559159020, -2.497246393800304887 ) ) ;
#1450 = CARTESIAN_POINT ( 'NONE',  ( 7.982644776421381039, 0.7921354493318089052, 0.1713111794927828502 ) ) ;
#1451 = CARTESIAN_POINT ( 'NONE',  ( 2.497246393800304887, -1.953124999044083987, -6.028886112499999506 ) ) ;
#1452 = CARTESIAN_POINT ( 'NONE',  ( 0.000000000000000000, 18.09333333333334082, 0.000000000000000000 ) ) ;
#1453 = CARTESIAN_POINT ( 'NONE',  ( 7.938566201357355467, -0.7738560230093215475, -0.2499999999999973077 ) ) ;
#1454 = CIRCLE ( 'NONE', #2890, 6.808064006308498506 ) ;
#1455 = CARTESIAN_POINT ( 'NONE',  ( 2.340306627407986895, 2.015625000000000000, -5.649999999999999467 ) ) ;
#1456 = DIRECTION ( 'NONE',  ( -0.000000000000000000, -1.000000000000000000, -0.000000000000000000 ) ) ;
#1457 = EDGE_LOOP ( 'NONE', ( #1083, #490, #539, #2298 ) ) ;
#1458 = CIRCLE ( 'NONE', #1601, 0.04999999999999965583 ) ;
#1459 = CARTESIAN_POINT ( 'NONE',  ( -8.673617379884035472E-16, 1.247163271729610168, 0.000000000000000000 ) ) ;
#1460 = EDGE_CURVE ( 'NONE', #1570, #2065, #871, .T. ) ;
#1461 = CARTESIAN_POINT ( 'NONE',  ( 0.000000000000000000, 1.249999999999973355, 0.000000000000000000 ) ) ;
#1462 = CARTESIAN_POINT ( 'NONE',  ( 7.982110473831988351, -0.7582659171152800193, 0.1745791076953162602 ) ) ;
#1463 = ORIENTED_EDGE ( 'NONE', *, *, #1604, .F. ) ;
#1464 = CARTESIAN_POINT ( 'NONE',  ( 6.028886112499999506, 0.1562500009559160408, -7.383256080097054254E-16 ) ) ;
#1465 = EDGE_CURVE ( 'NONE', #2840, #2793, #2817, .T. ) ;
#1466 = CARTESIAN_POINT ( 'NONE',  ( 2.589523528451452616, -0.7252178593614689861, -5.120357172497622678 ) ) ;
#1467 = CARTESIAN_POINT ( 'NONE',  ( -3.691628040048527127E-16, -1.906249999044083987, -6.028886112499999506 ) ) ;
#1468 = CARTESIAN_POINT ( 'NONE',  ( 5.649999999999999467, -2.353124998088168773, -2.340306627407988227 ) ) ;
#1469 = CARTESIAN_POINT ( 'NONE',  ( -4.142245179150154222, -0.7582659171152801303, 6.825420892304685516 ) ) ;
#1470 = CARTESIAN_POINT ( 'NONE',  ( 4.152614648042562528, -0.8199775699195014367, -6.741439512908513620 ) ) ;
#1471 = ORIENTED_EDGE ( 'NONE', *, *, #2807, .T. ) ;
#1472 = AXIS2_PLACEMENT_3D ( 'NONE', #283, #57, #736 ) ;
#1473 = CARTESIAN_POINT ( 'NONE',  ( -7.914565200276248547, 0.8199775699195027689, 0.2255500208779772364 ) ) ;
#1474 = FACE_OUTER_BOUND ( 'NONE', #434, .T. ) ;
#1475 = DIRECTION ( 'NONE',  ( 1.000000000000000000, 0.000000000000000000, 0.000000000000000000 ) ) ;
#1476 = DIRECTION ( 'NONE',  ( -0.5000000000000002220, 0.000000000000000000, 0.8660254037844385966 ) ) ;
#1477 = ORIENTED_EDGE ( 'NONE', *, *, #2807, .F. ) ;
#1478 = CARTESIAN_POINT ( 'NONE',  ( -4.263066253150150864, 0.6250000009559160130, 4.263066253150152640 ) ) ;
#1479 = CARTESIAN_POINT ( 'NONE',  ( -3.752776749732567918, 0.7738560230093195491, -6.999999999999998224 ) ) ;
#1480 = EDGE_CURVE ( 'NONE', #2476, #1158, #254, .T. ) ;
#1481 = CARTESIAN_POINT ( 'NONE',  ( -3.752776749732565698, 1.250000000000000000, 6.499999999999999112 ) ) ;
#1482 = CARTESIAN_POINT ( 'NONE',  ( -3.759623940616406923, 0.8082804653835371500, 6.999999999999997335 ) ) ;
#1483 = EDGE_CURVE ( 'NONE', #1583, #586, #355, .T. ) ;
#1484 = CARTESIAN_POINT ( 'NONE',  ( -6.028886112499997729, -1.671874999044084209, 2.497246393800309328 ) ) ;
#1485 = CARTESIAN_POINT ( 'NONE',  ( -2.340306627407987339, -2.165624998088168329, -5.649999999999999467 ) ) ;
#1486 = CARTESIAN_POINT ( 'NONE',  ( 7.895264931168132883, 0.7738560230093169956, 0.2250000000000028644 ) ) ;
#1487 = CARTESIAN_POINT ( 'NONE',  ( -5.649999999999999467, 2.203125000000000000, -2.340306627407986895 ) ) ;
#1488 = CARTESIAN_POINT ( 'NONE',  ( -2.497246393800307107, 0.5843750009559155467, 6.028886112499998617 ) ) ;
#1489 = ORIENTED_EDGE ( 'NONE', *, *, #678, .F. ) ;
#1490 = B_SPLINE_CURVE_WITH_KNOTS ( 'NONE', 3,
 ( #419, #2191, #2823, #198, #1034, #2154 ),
 .UNSPECIFIED., .F., .F.,
 ( 4, 2, 4 ),
 ( 0.000000000000000000, 0.0002395235539099547996, 0.0004790471078199095992 ),
 .UNSPECIFIED. ) ;
#1491 = DIRECTION ( 'NONE',  ( -0.5000000000000002220, 0.000000000000000000, 0.8660254037844383745 ) ) ;
#1492 = CARTESIAN_POINT ( 'NONE',  ( -4.152614648042566081, 0.8199775699195027689, -6.741439512908513620 ) ) ;
#1493 = ORIENTED_EDGE ( 'NONE', *, *, #822, .T. ) ;
#1494 = CARTESIAN_POINT ( 'NONE',  ( 4.263066253150152640, 1.562500000955916013, 4.263066253150151752 ) ) ;
#1495 =( LENGTH_UNIT ( ) NAMED_UNIT ( * ) SI_UNIT ( .MILLI., .METRE. ) );
#1496 = CARTESIAN_POINT ( 'NONE',  ( 2.497246393800309328, -1.484374999044084209, 6.028886112499997729 ) ) ;
#1497 = EDGE_CURVE ( 'NONE', #252, #2323, #1954, .T. ) ;
#1498 = CARTESIAN_POINT ( 'NONE',  ( -4.055582062184484471, -0.7958989382166445914, -6.867308521757840900 ) ) ;
#1499 = AXIS2_PLACEMENT_3D ( 'NONE', #1581, #2461, #1551 ) ;
#1500 = DIRECTION ( 'NONE',  ( 0.000000000000000000, -1.000000000000000000, 0.000000000000000000 ) ) ;
#1501 = CARTESIAN_POINT ( 'NONE',  ( 4.182365856182861386, -0.8082804653835404807, -6.755929841249967538 ) ) ;
#1502 = CARTESIAN_POINT ( 'NONE',  ( -6.028886112499999506, 1.896875000955915436, -2.497246393800304887 ) ) ;
#1503 = ORIENTED_EDGE ( 'NONE', *, *, #1030, .T. ) ;
#1504 = AXIS2_PLACEMENT_3D ( 'NONE', #1318, #1118, #1103 ) ;
#1505 = CARTESIAN_POINT ( 'NONE',  ( -7.941989796799279411, -0.8082804653835365949, 0.2440701587500254954 ) ) ;
#1506 = EDGE_LOOP ( 'NONE', ( #128, #1418, #1471, #1489 ) ) ;
#1507 = CARTESIAN_POINT ( 'NONE',  ( -6.028886112499999506, 1.943750000955915658, 0.000000000000000000 ) ) ;
#1508 = CARTESIAN_POINT ( 'NONE',  ( -5.703133840977907099, -1.020345406862115389, 2.042039788418152924 ) ) ;
#1509 = AXIS2_PLACEMENT_3D ( 'NONE', #984, #1428, #1636 ) ;
#1510 = DIRECTION ( 'NONE',  ( 0.000000000000000000, 0.000000000000000000, 1.000000000000000000 ) ) ;
#1511 = CARTESIAN_POINT ( 'NONE',  ( -3.926726209781332244, 0.7498787235421134900, 6.976851722274254541 ) ) ;
#1512 = CARTESIAN_POINT ( 'NONE',  ( 2.497246393800309328, 1.428125000955915436, 6.028886112499997729 ) ) ;
#1513 = CARTESIAN_POINT ( 'NONE',  ( -0.2872522327055588298, 0.8287341175744564747, 5.828734117574053464 ) ) ;
#1514 = DIRECTION ( 'NONE',  ( -0.5000000000000002220, 0.000000000000000000, 0.8660254037844384856 ) ) ;
#1515 = EDGE_CURVE ( 'NONE', #1086, #1807, #2750, .T. ) ;
#1516 = CARTESIAN_POINT ( 'NONE',  ( -1.326453476033661483, -0.9439427859652124164, 5.832838748851520094 ) ) ;
#1517 = CARTESIAN_POINT ( 'NONE',  ( 3.995153313703993625, -0.4687500000000000000, 3.995153313703992737 ) ) ;
#1518 = DIRECTION ( 'NONE',  ( -0.8660254037844384856, 0.000000000000000000, -0.5000000000000002220 ) ) ;
#1519 = CARTESIAN_POINT ( 'NONE',  ( -6.028886112499997729, -0.2593749990440845643, 2.497246393800309328 ) ) ;
#1520 = ORIENTED_EDGE ( 'NONE', *, *, #2751, .T. ) ;
#1521 = CARTESIAN_POINT ( 'NONE',  ( 5.533813167053061477, 0.9233086378388186688, 2.136528406531625901 ) ) ;
#1522 = FACE_OUTER_BOUND ( 'NONE', #719, .T. ) ;
#1523 = CARTESIAN_POINT ( 'NONE',  ( -8.005493934817385693, -0.7498787235421306985, -0.08778120976028697120 ) ) ;
#1524 = VERTEX_POINT ( 'NONE', #201 ) ;
#1525 = CARTESIAN_POINT ( 'NONE',  ( 3.761950552233682465, -0.8199775699194979950, 6.966989533786494881 ) ) ;
#1526 = DIRECTION ( 'NONE',  ( -0.4903933391948044895, -0.1950832937323932481, 0.8493861791787585824 ) ) ;
#1527 = AXIS2_PLACEMENT_3D ( 'NONE', #1686, #1626, #1169 ) ;
#1528 = AXIS2_PLACEMENT_3D ( 'NONE', #35, #1427, #2306 ) ;
#1529 = CARTESIAN_POINT ( 'NONE',  ( -7.895264931168131106, -0.7738560230093165515, -0.2250000000000027534 ) ) ;
#1530 = CARTESIAN_POINT ( 'NONE',  ( 2.340306627407986895, -0.2343749999999998057, -5.649999999999999467 ) ) ;
#1531 = DIRECTION ( 'NONE',  ( -0.8660254037844385966, -0.000000000000000000, 0.5000000000000001110 ) ) ;
#1532 = CARTESIAN_POINT ( 'NONE',  ( 2.340306627407990003, 1.209375001911831671, 5.649999999999998579 ) ) ;
#1533 = ORIENTED_EDGE ( 'NONE', *, *, #391, .T. ) ;
#1534 = CARTESIAN_POINT ( 'NONE',  ( 5.106237769617249178, 0.9107494591027264219, 2.994447656246571388 ) ) ;
#1535 = CARTESIAN_POINT ( 'NONE',  ( 3.842472403522078750, 0.7922304210780615197, -6.998835598174912853 ) ) ;
#1536 = EDGE_CURVE ( 'NONE', #441, #2352, #1095, .T. ) ;
#1537 = CARTESIAN_POINT ( 'NONE',  ( 3.995153313703993625, -0.2437499980881686623, 3.995153313703992737 ) ) ;
#1538 = ORIENTED_EDGE ( 'NONE', *, *, #2503, .T. ) ;
#1539 = CARTESIAN_POINT ( 'NONE',  ( -2.497246393800305331, 1.803125000955915436, -6.028886112499999506 ) ) ;
#1540 = CARTESIAN_POINT ( 'NONE',  ( 7.975001146223325676, 0.7959202560010308902, -4.777389351114304910E-14 ) ) ;
#1541 = ORIENTED_EDGE ( 'NONE', *, *, #2203, .T. ) ;
#1542 = CARTESIAN_POINT ( 'NONE',  ( -4.185789451624785329, -0.7738560230093165515, 6.749999999999999112 ) ) ;
#1543 = AXIS2_PLACEMENT_3D ( 'NONE', #762, #541, #721 ) ;
#1544 = B_SPLINE_CURVE_WITH_KNOTS ( 'NONE', 3,
 ( #2772, #1469, #997, #2376, #392, #2118 ),
 .UNSPECIFIED., .F., .F.,
 ( 4, 2, 4 ),
 ( 0.000000000000000000, 0.0002618488026665105324, 0.0005236976053330210648 ),
 .UNSPECIFIED. ) ;
#1545 = CARTESIAN_POINT ( 'NONE',  ( -3.003704670554027789, 0.7907890820793688214, 4.959327141204062706 ) ) ;
#1546 = CARTESIAN_POINT ( 'NONE',  ( 2.340306627407990003, 0.2343750000000001943, 5.649999999999998579 ) ) ;
#1547 = DIRECTION ( 'NONE',  ( 0.000000000000000000, 0.000000000000000000, 1.000000000000000000 ) ) ;
#1548 = CARTESIAN_POINT ( 'NONE',  ( 6.028886112499999506, -1.431249999044084342, -7.383256080097054254E-16 ) ) ;
#1549 = DIRECTION ( 'NONE',  ( 0.000000000000000000, 0.000000000000000000, 1.000000000000000000 ) ) ;
#1550 = CARTESIAN_POINT ( 'NONE',  ( 5.907195268597861038, 0.9401292782749086641, 0.8988062283720048562 ) ) ;
#1551 = DIRECTION ( 'NONE',  ( 0.000000000000000000, 0.000000000000000000, 1.000000000000000000 ) ) ;
#1552 = CARTESIAN_POINT ( 'NONE',  ( 6.028886112499999506, 0.8187500009559155467, -7.383256080097054254E-16 ) ) ;
#1553 = VERTEX_POINT ( 'NONE', #1138 ) ;
#1554 = AXIS2_PLACEMENT_3D ( 'NONE', #660, #2868, #1549 ) ;
#1555 = AXIS2_PLACEMENT_3D ( 'NONE', #2624, #619, #401 ) ;
#1556 = EDGE_LOOP ( 'NONE', ( #1122, #1008, #921, #1379, #2381, #978, #2398, #2547 ) ) ;
#1557 = CARTESIAN_POINT ( 'NONE',  ( -4.152614648042563417, 0.8199775699195022138, 6.741439512908514509 ) ) ;
#1558 = CIRCLE ( 'NONE', #1504, 0.04999999999999969746 ) ;
#1559 = DIRECTION ( 'NONE',  ( -0.4903933391947990494, -0.1950832937323886684, 0.8493861791787629123 ) ) ;
#1560 = CARTESIAN_POINT ( 'NONE',  ( -4.263066253150150864, 0.6250000009559160130, 4.263066253150152640 ) ) ;
#1561 = CARTESIAN_POINT ( 'NONE',  ( 2.340306627407986895, -0.9843750000000000000, -5.649999999999999467 ) ) ;
#1562 = CARTESIAN_POINT ( 'NONE',  ( -4.263066253150150864, -0.9624999990440843423, 4.263066253150152640 ) ) ;
#1563 = ORIENTED_EDGE ( 'NONE', *, *, #2717, .F. ) ;
#1564 = CARTESIAN_POINT ( 'NONE',  ( 0.6405249410323128334, 0.8401469924411638646, 5.840146992442088347 ) ) ;
#1565 = CARTESIAN_POINT ( 'NONE',  ( 4.142513669501246554, 0.7583620419617947972, -6.824955853375246129 ) ) ;
#1566 = B_SPLINE_CURVE_WITH_KNOTS ( 'NONE', 3,
 ( #126, #1695, #2364, #1664, #2567, #579 ),
 .UNSPECIFIED., .F., .F.,
 ( 4, 2, 4 ),
 ( 0.000000000000000000, 0.0002395235539099540949, 0.0004790471078199081897 ),
 .UNSPECIFIED. ) ;
#1567 = CARTESIAN_POINT ( 'NONE',  ( -3.691628040048527127E-16, 0.2562500009559156577, -6.028886112499999506 ) ) ;
#1568 = VERTEX_POINT ( 'NONE', #661 ) ;
#1569 = CARTESIAN_POINT ( 'NONE',  ( 4.263066253150151752, -1.999999999044084209, -4.263066253150152640 ) ) ;
#1570 = VERTEX_POINT ( 'NONE', #1756 ) ;
#1572 = EDGE_CURVE ( 'NONE', #441, #1596, #2614, .T. ) ;
#1571 = CARTESIAN_POINT ( 'NONE',  ( -3.761950552233684686, -0.8199775699195022138, 6.966989533786493993 ) ) ;
#1573 = CARTESIAN_POINT ( 'NONE',  ( -6.028886112499999506, -0.9687499990440840980, 0.000000000000000000 ) ) ;
#1574 = TOROIDAL_SURFACE ( 'NONE', #960, 6.791462024506332185, 0.05000000000000000278 ) ;
#1575 = ADVANCED_FACE ( 'NONE', ( #2661 ), #827, .F. ) ;
#1576 = AXIS2_PLACEMENT_3D ( 'NONE', #608, #1264, #2152 ) ;
#1577 = CARTESIAN_POINT ( 'NONE',  ( -3.995153313703993625, 0.6562500000000001110, -3.995153313703993625 ) ) ;
#1578 = CARTESIAN_POINT ( 'NONE',  ( -2.497246393800307107, -2.415624999044085008, 6.028886112499998617 ) ) ;
#1579 = EDGE_LOOP ( 'NONE', ( #1787, #2054, #867, #15 ) ) ;
#1580 = CARTESIAN_POINT ( 'NONE',  ( 8.005611451222844011, 0.7498365998540335031, 0.08700831933324507106 ) ) ;
#1581 = CARTESIAN_POINT ( 'NONE',  ( 0.000000000000000000, -1.199999999999999734, 6.791462024506332185 ) ) ;
#1582 = CARTESIAN_POINT ( 'NONE',  ( 6.028886112499999506, -0.6343749990440844533, -2.497246393800306219 ) ) ;
#1583 = VERTEX_POINT ( 'NONE', #7 ) ;
#1584 = CARTESIAN_POINT ( 'NONE',  ( -4.263066253150152640, 0.3500000009559155467, -4.263066253150152640 ) ) ;
#1585 = VERTEX_POINT ( 'NONE', #1322 ) ;
#1586 = DIRECTION ( 'NONE',  ( 0.8660254037844383745, 0.000000000000000000, 0.5000000000000004441 ) ) ;
#1587 = CARTESIAN_POINT ( 'NONE',  ( -2.497246393800305331, -0.3593749990440839870, -6.028886112499999506 ) ) ;
#1588 = ADVANCED_FACE ( 'NONE', ( #905 ), #1574, .T. ) ;
#1589 = CARTESIAN_POINT ( 'NONE',  ( -6.028886112499999506, 1.984375000955916013, -2.497246393800304887 ) ) ;
#1590 = CARTESIAN_POINT ( 'NONE',  ( 6.028886112500001282, -2.228124999044084564, 2.497246393800303998 ) ) ;
#1591 = CARTESIAN_POINT ( 'NONE',  ( -3.564751500415516575E-17, 1.199999999999999734, -6.791462024506332185 ) ) ;
#1592 = FACE_OUTER_BOUND ( 'NONE', #1579, .T. ) ;
#1593 = CARTESIAN_POINT ( 'NONE',  ( 4.113568977923380388, 0.8044448143617959346, -6.809068608423454627 ) ) ;
#1594 = DIRECTION ( 'NONE',  ( 0.8660254037844383745, 0.000000000000000000, 0.5000000000000004441 ) ) ;
#1595 = CARTESIAN_POINT ( 'NONE',  ( 2.340306627407990003, -0.2906249980881687178, 5.649999999999998579 ) ) ;
#1596 = VERTEX_POINT ( 'NONE', #2238 ) ;
#1597 = CARTESIAN_POINT ( 'NONE',  ( 6.028886112499999506, 1.615625000955915658, -2.497246393800306219 ) ) ;
#1598 = ORIENTED_EDGE ( 'NONE', *, *, #2046, .T. ) ;
#1599 = CARTESIAN_POINT ( 'NONE',  ( -4.185789451624787105, 0.7738560230093197712, -6.749999999999999112 ) ) ;
#1600 = CARTESIAN_POINT ( 'NONE',  ( 7.974947417375149783, 0.7959416568390251800, -0.07919621478362116884 ) ) ;
#1601 = AXIS2_PLACEMENT_3D ( 'NONE', #1073, #1526, #1594 ) ;
#1602 = CARTESIAN_POINT ( 'NONE',  ( 4.263066253150151752, 1.000000000955916013, -4.263066253150152640 ) ) ;
#1603 = CARTESIAN_POINT ( 'NONE',  ( 2.340306627407990003, -1.790624998088168773, 5.649999999999998579 ) ) ;
#1604 = EDGE_CURVE ( 'NONE', #1066, #735, #544, .T. ) ;
#1605 = FACE_OUTER_BOUND ( 'NONE', #1771, .T. ) ;
#1606 = DIRECTION ( 'NONE',  ( 1.000000000000000000, 0.000000000000000000, 0.000000000000000000 ) ) ;
#1607 = CARTESIAN_POINT ( 'NONE',  ( -3.752776749732565698, 1.250000000000000000, 6.999999999999999112 ) ) ;
#1608 = EDGE_LOOP ( 'NONE', ( #2357, #2209, #1094, #2559, #513 ) ) ;
#1609 = EDGE_CURVE ( 'NONE', #282, #2323, #758, .T. ) ;
#1610 = CARTESIAN_POINT ( 'NONE',  ( 4.263066253150152640, -0.02499999904408438042, 4.263066253150151752 ) ) ;
#1611 = CARTESIAN_POINT ( 'NONE',  ( 3.761950552233682910, 0.8199775699194988832, 6.966989533786495770 ) ) ;
#1612 = ORIENTED_EDGE ( 'NONE', *, *, #1515, .T. ) ;
#1613 = CARTESIAN_POINT ( 'NONE',  ( -3.840041902044169841, 0.8044448143618310176, -6.966989539312868018 ) ) ;
#1614 = CIRCLE ( 'NONE', #1554, 6.791462024506332185 ) ;
#1615 = CARTESIAN_POINT ( 'NONE',  ( 7.975054666559912242, 0.7958989382166374860, 0.07858283210528525797 ) ) ;
#1616 =( BOUNDED_SURFACE ( )  B_SPLINE_SURFACE ( 3, 2, ( 
 ( #1908, #1482, #2163 ),
 ( #620, #370, #2148 ),
 ( #1043, #168, #1511 ),
 ( #2387, #898, #868 ),
 ( #1764, #2641, #1304 ),
 ( #1557, #182, #2452 ) ),
 .UNSPECIFIED., .F., .F., .T. ) 
 B_SPLINE_SURFACE_WITH_KNOTS ( ( 4, 2, 4 ),
 ( 3, 3 ),
 ( 0.000000000000000000, 0.0002359440298829056960, 0.0004718880597658113921 ),
 ( 0.000000000000000000, 1.000000000000000000 ),
 .UNSPECIFIED. ) 
 GEOMETRIC_REPRESENTATION_ITEM ( )  RATIONAL_B_SPLINE_SURFACE ( (
 ( 1.000000000000000000, 0.8184713421158638091, 1.000000000000000000),
 ( 1.000000000000000000, 0.8281713033095876586, 1.000000000000000000),
 ( 1.000000000000000000, 0.8333394354237542156, 1.000000000000000000),
 ( 1.000000000000000000, 0.8333656076812492319, 1.000000000000000000),
 ( 1.000000000000000000, 0.8282338511422278060, 1.000000000000000000),
 ( 1.000000000000000000, 0.8184713421158669178, 1.000000000000000000) ) ) 
 REPRESENTATION_ITEM ( '' )  SURFACE ( )  );
#1617 = AXIS2_PLACEMENT_3D ( 'NONE', #2299, #2722, #2707 ) ;
#1618 = CARTESIAN_POINT ( 'NONE',  ( -4.263066253150150864, 0.6250000009559160130, 4.263066253150152640 ) ) ;
#1619 = CARTESIAN_POINT ( 'NONE',  ( 2.340306627407986895, -0.009374998088168681395, -5.649999999999999467 ) ) ;
#1620 = CIRCLE ( 'NONE', #1896, 19.23679202833525892 ) ;
#1621 = CARTESIAN_POINT ( 'NONE',  ( 0.000000000000000000, 1.250000000000000000, 0.000000000000000000 ) ) ;
#1622 = CARTESIAN_POINT ( 'NONE',  ( 1.108254876417137158, 0.9239151416533891714, -5.846506972442423233 ) ) ;
#1623 = AXIS2_PLACEMENT_3D ( 'NONE', #2368, #808, #823 ) ;
#1624 = ORIENTED_EDGE ( 'NONE', *, *, #588, .T. ) ;
#1625 = EDGE_CURVE ( 'NONE', #2884, #282, #376, .T. ) ;
#1626 = DIRECTION ( 'NONE',  ( 0.000000000000000000, -1.000000000000000000, 0.000000000000000000 ) ) ;
#1627 = CARTESIAN_POINT ( 'NONE',  ( 4.056059642573746515, 0.7959416568390446090, 6.866908949900128789 ) ) ;
#1628 = ORIENTED_EDGE ( 'NONE', *, *, #2276, .T. ) ;
#1629 = CARTESIAN_POINT ( 'NONE',  ( 4.185789451624787105, 1.250000000000000000, 6.750000000000000888 ) ) ;
#1630 = CARTESIAN_POINT ( 'NONE',  ( 8.005609686020187965, 0.7829987773375272075, 0.08479884483933640416 ) ) ;
#1631 =( BOUNDED_CURVE ( )  B_SPLINE_CURVE ( 2, ( #1010, #1257, #2749 ),
 .UNSPECIFIED., .F., .F. ) 
 B_SPLINE_CURVE_WITH_KNOTS ( ( 3, 3 ),
 ( 0.6250000000000000000, 0.6443537680059576722 ),
 .UNSPECIFIED. ) 
 CURVE ( )  GEOMETRIC_REPRESENTATION_ITEM ( )  RATIONAL_B_SPLINE_CURVE ( ( 1.000000000000000000, 0.9292855423224832823, 0.9899558406665124322 ) ) 
 REPRESENTATION_ITEM ( '' )  );
#1632 = CARTESIAN_POINT ( 'NONE',  ( -4.263066253150152640, 1.937500000955915791, -4.263066253150152640 ) ) ;
#1633 = CARTESIAN_POINT ( 'NONE',  ( -3.459627207591272669E-16, 0.7875000019118313377, -5.649999999999999467 ) ) ;
#1634 = CIRCLE ( 'NONE', #2045, 19.23679202833526247 ) ;
#1635 = FACE_OUTER_BOUND ( 'NONE', #645, .T. ) ;
#1636 = DIRECTION ( 'NONE',  ( 0.5000000000000001110, 0.000000000000000000, -0.8660254037844385966 ) ) ;
#1637 = CARTESIAN_POINT ( 'NONE',  ( 4.185789451624783553, -0.7738560230093211034, -6.750000000000000000 ) ) ;
#1638 = ORIENTED_EDGE ( 'NONE', *, *, #180, .F. ) ;
#1639 = CARTESIAN_POINT ( 'NONE',  ( 6.028886112499999506, -2.181249999044084564, -7.383256080097054254E-16 ) ) ;
#1640 = AXIS2_PLACEMENT_3D ( 'NONE', #1842, #1429, #320 ) ;
#1641 = CARTESIAN_POINT ( 'NONE',  ( 4.152614648042565193, 0.8199775699194973289, 6.741439512908514509 ) ) ;
#1642 = ORIENTED_EDGE ( 'NONE', *, *, #840, .F. ) ;
#1643 = PLANE ( 'NONE',  #1331 ) ;
#1644 = EDGE_CURVE ( 'NONE', #93, #2352, #688, .T. ) ;
#1645 = CARTESIAN_POINT ( 'NONE',  ( 3.835074308937552967, -0.8733929320851658851, 4.464510513379754464 ) ) ;
#1646 = CARTESIAN_POINT ( 'NONE',  ( 6.028886112500001282, 0.8593750009559160130, 2.497246393800303998 ) ) ;
#1647 = CARTESIAN_POINT ( 'NONE',  ( 3.995153313703993625, -0.2437499980881686623, 3.995153313703992737 ) ) ;
#1648 = CIRCLE ( 'NONE', #760, 20.50376903021599873 ) ;
#1649 = CARTESIAN_POINT ( 'NONE',  ( -7.938566201357355467, 0.7738560230093217696, -0.2500000000000026645 ) ) ;
#1650 =( BOUNDED_SURFACE ( )  B_SPLINE_SURFACE ( 3, 2, ( 
 ( #1385, #2265, #275 ),
 ( #1165, #2049, #48 ),
 ( #2566, #1017, #1923 ),
 ( #2820, #1893, #1694 ),
 ( #2137, #1248, #1230 ),
 ( #2756, #2318, #332 ) ),
 .UNSPECIFIED., .F., .F., .T. ) 
 B_SPLINE_SURFACE_WITH_KNOTS ( ( 4, 2, 4 ),
 ( 3, 3 ),
 ( -5.149960319306146062E-19, 0.0002359440298829060755, 0.0004718880597658126389 ),
 ( 0.000000000000000000, 1.000000000000000000 ),
 .UNSPECIFIED. ) 
 GEOMETRIC_REPRESENTATION_ITEM ( )  RATIONAL_B_SPLINE_SURFACE ( (
 ( 1.000000000000000000, 0.8184713421158639202, 1.000000000000000000),
 ( 1.000000000000000000, 0.8281713033094763032, 1.000000000000000000),
 ( 1.000000000000000000, 0.8333394354239053170, 1.000000000000000000),
 ( 1.000000000000000000, 0.8333656076811032376, 1.000000000000000000),
 ( 1.000000000000000000, 0.8282338511423400496, 1.000000000000000000),
 ( 1.000000000000000000, 0.8184713421158646973, 1.000000000000000000) ) ) 
 REPRESENTATION_ITEM ( '' )  SURFACE ( )  );
#1651 = LINE ( 'NONE', #63, #1879 ) ;
#1652 = CARTESIAN_POINT ( 'NONE',  ( 3.100142558550492922, 1.028886112499770800, -5.170743067892516365 ) ) ;
#1653 = CARTESIAN_POINT ( 'NONE',  ( 0.000000000000000000, 1.250000000000000000, 0.000000000000000000 ) ) ;
#1654 = ORIENTED_EDGE ( 'NONE', *, *, #195, .F. ) ;
#1655 = CARTESIAN_POINT ( 'NONE',  ( -3.691628040048527127E-16, -1.993749999044084342, -6.028886112499999506 ) ) ;
#1656 = CARTESIAN_POINT ( 'NONE',  ( 4.182365856182865826, 0.8082804653835361508, 6.755929841249971091 ) ) ;
#1657 = ORIENTED_EDGE ( 'NONE', *, *, #246, .F. ) ;
#1658 = CARTESIAN_POINT ( 'NONE',  ( 4.152614648042562528, 0.8199775699195027689, -6.741439512908514509 ) ) ;
#1659 = CARTESIAN_POINT ( 'NONE',  ( 1.878323398217509599, -0.9030595629534301505, 5.609111997198501953 ) ) ;
#1660 = CARTESIAN_POINT ( 'NONE',  ( -5.445361955629325124, 0.7378163040165021114, 1.831560363134431713 ) ) ;
#1661 = EDGE_CURVE ( 'NONE', #1819, #1585, #2301, .T. ) ;
#1662 = DIRECTION ( 'NONE',  ( -0.000000000000000000, -1.000000000000000000, -0.000000000000000000 ) ) ;
#1663 = CARTESIAN_POINT ( 'NONE',  ( 7.938566201357355467, 0.7738560230093169956, 0.2500000000000028311 ) ) ;
#1664 = CARTESIAN_POINT ( 'NONE',  ( 3.918887770104260149, -0.7959416612222328657, 6.946105155408036858 ) ) ;
#1665 = CARTESIAN_POINT ( 'NONE',  ( 4.142245179150149781, -0.7582659171152814626, -6.825420892304685516 ) ) ;
#1666 = AXIS2_PLACEMENT_3D ( 'NONE', #2886, #2395, #2072 ) ;
#1667 = ORIENTED_EDGE ( 'NONE', *, *, #1572, .T. ) ;
#1668 = B_SPLINE_CURVE_WITH_KNOTS ( 'NONE', 3,
 ( #2655, #1961, #2217, #2847, #1087, #1797, #1977, #2006 ),
 .UNSPECIFIED., .F., .F.,
 ( 4, 2, 2, 4 ),
 ( 0.000000000000000000, 0.0007406014537497417928, 0.001481202907499483586, 0.002962405814998967171 ),
 .UNSPECIFIED. ) ;
#1669 = AXIS2_PLACEMENT_3D ( 'NONE', #1486, #550, #2543 ) ;
#1670 = FACE_OUTER_BOUND ( 'NONE', #40, .T. ) ;
#1671 = CARTESIAN_POINT ( 'NONE',  ( 6.062177826491067734, 18.09333333333334082, -3.500000000000000888 ) ) ;
#1672 = CARTESIAN_POINT ( 'NONE',  ( 3.995153313703992737, -0.2812499999999998335, -3.995153313703993625 ) ) ;
#1673 = VERTEX_POINT ( 'NONE', #62 ) ;
#1674 = CARTESIAN_POINT ( 'NONE',  ( -4.263066253150150864, -0.1249999990440842090, 4.263066253150152640 ) ) ;
#1675 = CARTESIAN_POINT ( 'NONE',  ( 7.975001146223346993, 0.7959202560011264804, 0.07879021039565604900 ) ) ;
#1676 = CARTESIAN_POINT ( 'NONE',  ( 1.107488412014558138E-15, -2.281249999044084209, 6.028886112499999506 ) ) ;
#1677 = CARTESIAN_POINT ( 'NONE',  ( 1.037888162277381603E-15, 0.1875000000000001665, 5.649999999999999467 ) ) ;
#1678 = EDGE_CURVE ( 'NONE', #1086, #1821, #1400, .T. ) ;
#1679 = DIRECTION ( 'NONE',  ( 0.000000000000000000, 0.000000000000000000, -1.000000000000000000 ) ) ;
#1680 = CARTESIAN_POINT ( 'NONE',  ( 3.761950552233682910, -0.8199775699195017697, -6.966989533786493993 ) ) ;
#1681 = CARTESIAN_POINT ( 'NONE',  ( 6.028886112499999506, 0.8656250009559154357, -2.497246393800306219 ) ) ;
#1682 = EDGE_LOOP ( 'NONE', ( #456, #2408, #476, #2721, #531 ) ) ;
#1683 = ORIENTED_EDGE ( 'NONE', *, *, #1480, .T. ) ;
#1684 = CARTESIAN_POINT ( 'NONE',  ( -3.771014744809327635, 0.6499999999999857003, -4.207368274162679000 ) ) ;
#1685 = CARTESIAN_POINT ( 'NONE',  ( 0.000000000000000000, -1.249999999999973355, -6.250000000000000000 ) ) ;
#1686 = CARTESIAN_POINT ( 'NONE',  ( 3.752776749732564365, 1.250000000000000000, -6.499999999999999112 ) ) ;
#1687 = CARTESIAN_POINT ( 'NONE',  ( -7.938566201357357244, -0.7738560230093159964, 0.2499999999999945877 ) ) ;
#1688 = ORIENTED_EDGE ( 'NONE', *, *, #2273, .F. ) ;
#1689 = CARTESIAN_POINT ( 'NONE',  ( -3.691628040048527127E-16, 1.093750000955916013, -6.028886112499999506 ) ) ;
#1690 = CARTESIAN_POINT ( 'NONE',  ( -4.185789451624787993, 0.7738560230093212144, -6.749999999999999112 ) ) ;
#1691 = FACE_OUTER_BOUND ( 'NONE', #567, .T. ) ;
#1692 = CARTESIAN_POINT ( 'NONE',  ( -4.263066253150150864, -0.8749999990440839870, 4.263066253150152640 ) ) ;
#1693 = CARTESIAN_POINT ( 'NONE',  ( -4.078238385684366030, -0.7498361086696788691, -6.889513418524653154 ) ) ;
#1694 = CARTESIAN_POINT ( 'NONE',  ( 8.005612832998306061, -0.7498361086695566335, -0.08710133542913296723 ) ) ;
#1695 = CARTESIAN_POINT ( 'NONE',  ( 4.113410001631613966, -0.8043815759689725287, 6.809343952385058074 ) ) ;
#1696 = CARTESIAN_POINT ( 'NONE',  ( -6.028886112499999506, -0.3531249990440842867, -2.497246393800304887 ) ) ;
#1697 = EDGE_CURVE ( 'NONE', #2793, #2271, #2800, .T. ) ;
#1698 = ORIENTED_EDGE ( 'NONE', *, *, #13, .F. ) ;
#1699 = AXIS2_PLACEMENT_3D ( 'NONE', #1085, #2832, #1510 ) ;
#1700 = CARTESIAN_POINT ( 'NONE',  ( 7.975001146223329229, 0.7959202560011334748, -0.07899467507224935958 ) ) ;
#1701 = CARTESIAN_POINT ( 'NONE',  ( 3.927454310728246245, 0.7498365998540325039, 6.976567049253211472 ) ) ;
#1702 = FILL_AREA_STYLE_COLOUR ( '', #1244 ) ;
#1703 = EDGE_CURVE ( 'NONE', #743, #1404, #1430, .T. ) ;
#1704 = FACE_OUTER_BOUND ( 'NONE', #307, .T. ) ;
#1705 = EDGE_LOOP ( 'NONE', ( #1760, #2246, #975, #2894 ) ) ;
#1706 = CARTESIAN_POINT ( 'NONE',  ( 2.497246393800304887, 1.046875000955916013, -6.028886112499999506 ) ) ;
#1707 = CARTESIAN_POINT ( 'NONE',  ( 5.041565991094874022, -0.7697743476897062065, -2.812305488136698894 ) ) ;
#1708 = B_SPLINE_CURVE_WITH_KNOTS ( 'NONE', 3,
 ( #1028, #1725, #1877, #2802, #814, #329, #1210, #1261, #2081, #995, #1044, #2754, #767, #1891, #1660, #2540, #169, #1963, #869, #1545, #625, #1767, #1739, #2610, #2656, #1089, #1513, #2389 ),
 .UNSPECIFIED., .F., .F.,
 ( 4, 2, 2, 2, 2, 2, 2, 2, 2, 2, 2, 2, 2, 4 ),
 ( 4.723389945882796472E-17, 0.001738625329256150709, 0.002607937993884201344, 0.003477250658512251978, 0.004346563323140302179, 0.005215875987768353247, 0.006085188652396404316, 0.006954501317024454517, 0.008693126646280557521, 0.01043175197553666139, 0.01130106464016471073, 0.01217037730479276179, 0.01303968996942081113, 0.01390900263404886220 ),
 .UNSPECIFIED. ) ;
#1709 = CARTESIAN_POINT ( 'NONE',  ( 6.028886112500001282, -1.390624999044083987, 2.497246393800303998 ) ) ;
#1710 = CARTESIAN_POINT ( 'NONE',  ( -5.649999999999998579, -2.728124998088168773, 2.340306627407990891 ) ) ;
#1711 = CARTESIAN_POINT ( 'NONE',  ( 7.975001146223331006, -0.7959202560011361394, 0.07899467507225017837 ) ) ;
#1712 = CARTESIAN_POINT ( 'NONE',  ( -7.938566201357353691, 0.7738560230093212144, -0.2500000000000019429 ) ) ;
#1713 = CARTESIAN_POINT ( 'NONE',  ( 1.107488412014558138E-15, -0.1187499990440844672, 6.028886112499999506 ) ) ;
#1714 = ORIENTED_EDGE ( 'NONE', *, *, #2076, .F. ) ;
#1715 = AXIS2_PLACEMENT_3D ( 'NONE', #2481, #491, #1380 ) ;
#1716 = CARTESIAN_POINT ( 'NONE',  ( -3.919472610059935747, -0.7958989338336420749, 6.945891362568889171 ) ) ;
#1717 = AXIS2_PLACEMENT_3D ( 'NONE', #2516, #1388, #277 ) ;
#1718 = LINE ( 'NONE', #412, #371 ) ;
#1719 = ORIENTED_EDGE ( 'NONE', *, *, #2151, .T. ) ;
#1720 = CARTESIAN_POINT ( 'NONE',  ( 6.028886112499999506, 1.703125000955916235, -2.497246393800306219 ) ) ;
#1721 = CARTESIAN_POINT ( 'NONE',  ( -4.142245179150154222, 0.7582659171152814626, -6.825420892304683740 ) ) ;
#1722 = AXIS2_PLACEMENT_3D ( 'NONE', #139, #1031, #2804 ) ;
#1723 = ADVANCED_FACE ( 'NONE', ( #930 ), #1350, .T. ) ;
#1724 = CARTESIAN_POINT ( 'NONE',  ( -7.914565200276250323, -0.8199775699195014367, 0.2255500208779749882 ) ) ;
#1725 = CARTESIAN_POINT ( 'NONE',  ( -4.209016569840844824, 0.6575390446873166095, -3.824916434173919466 ) ) ;
#1726 = CARTESIAN_POINT ( 'NONE',  ( -4.113568977923407921, -0.8044448143617715097, -6.809068608423503477 ) ) ;
#1727 = CARTESIAN_POINT ( 'NONE',  ( 7.636107957525398285E-16, 1.235355339059327928, -6.235355339059355018 ) ) ;
#1728 = CARTESIAN_POINT ( 'NONE',  ( -5.649999999999999467, 1.453125000000000444, -2.340306627407986895 ) ) ;
#1729 = DIRECTION ( 'NONE',  ( -0.000000000000000000, -1.000000000000000000, -0.000000000000000000 ) ) ;
#1730 = ORIENTED_EDGE ( 'NONE', *, *, #443, .F. ) ;
#1731 = DIRECTION ( 'NONE',  ( -1.000000000000000000, 0.000000000000000000, 0.000000000000000000 ) ) ;
#1732 = FACE_OUTER_BOUND ( 'NONE', #2502, .T. ) ;
#1733 =( BOUNDED_SURFACE ( )  B_SPLINE_SURFACE ( 3, 2, ( 
 ( #2066, #70, #1599 ),
 ( #2521, #312, #1196 ),
 ( #1874, #764, #2748 ),
 ( #2536, #1365, #253 ),
 ( #1613, #1146, #2031 ),
 ( #28, #925, #1822 ) ),
 .UNSPECIFIED., .F., .F., .F. ) 
 B_SPLINE_SURFACE_WITH_KNOTS ( ( 4, 2, 4 ),
 ( 3, 3 ),
 ( -2.710505431213761085E-20, 0.0002359440298829060213, 0.0004718880597658120426 ),
 ( 0.000000000000000000, 1.000000000000000000 ),
 .UNSPECIFIED. ) 
 GEOMETRIC_REPRESENTATION_ITEM ( )  RATIONAL_B_SPLINE_SURFACE ( (
 ( 1.000000000000000000, 0.8184713421158642532, 1.000000000000000000),
 ( 1.000000000000000000, 0.8281713033095302601, 1.000000000000000000),
 ( 1.000000000000000000, 0.8333394354238317092, 1.000000000000000000),
 ( 1.000000000000000000, 0.8333656076811695179, 1.000000000000000000),
 ( 1.000000000000000000, 0.8282338511422943084, 1.000000000000000000),
 ( 1.000000000000000000, 0.8184713421158588131, 1.000000000000000000) ) ) 
 REPRESENTATION_ITEM ( '' )  SURFACE ( )  );
#1734 = CARTESIAN_POINT ( 'NONE',  ( -8.005612832998304285, -0.7498361086695227717, 0.08710133542912659732 ) ) ;
#1735 = ORIENTED_EDGE ( 'NONE', *, *, #2744, .T. ) ;
#1736 = PLANE ( 'NONE',  #1317 ) ;
#1737 = ADVANCED_FACE ( 'NONE', ( #1635 ), #2251, .F. ) ;
#1738 = CARTESIAN_POINT ( 'NONE',  ( -6.028886112499997729, -1.009374999044084342, 2.497246393800309328 ) ) ;
#1739 = CARTESIAN_POINT ( 'NONE',  ( -1.973592399000667186, 0.8061526933392025862, 5.468038218355650848 ) ) ;
#1740 = CARTESIAN_POINT ( 'NONE',  ( -6.062177826491068622, 18.09333333333334082, 3.500000000000000444 ) ) ;
#1741 = CARTESIAN_POINT ( 'NONE',  ( -3.995153313703991849, -1.406250000000000000, 3.995153313703993625 ) ) ;
#1742 = CARTESIAN_POINT ( 'NONE',  ( 4.263066253150152640, 0.7250000009559156577, 4.263066253150151752 ) ) ;
#1743 = VERTEX_POINT ( 'NONE', #2512 ) ;
#1744 = CARTESIAN_POINT ( 'NONE',  ( -6.062177826491070398, 18.09333333333334082, -3.500000000000000888 ) ) ;
#1745 = CARTESIAN_POINT ( 'NONE',  ( -8.348528994598896321E-12, 0.8322676964118645992, 5.832267696411885360 ) ) ;
#1746 = FACE_BOUND ( 'NONE', #228, .T. ) ;
#1747 = ORIENTED_EDGE ( 'NONE', *, *, #1697, .F. ) ;
#1748 = CARTESIAN_POINT ( 'NONE',  ( -6.028886112499997729, -2.421874999044084653, 2.497246393800309328 ) ) ;
#1749 = VECTOR ( 'NONE', #372, 1000.000000000000000 ) ;
#1750 = CARTESIAN_POINT ( 'NONE',  ( -4.076762048438062891, -0.7830435502939815384, 6.890232136314274669 ) ) ;
#1751 = ADVANCED_FACE ( 'NONE', ( #2036 ), #2293, .T. ) ;
#1752 = CARTESIAN_POINT ( 'NONE',  ( 3.995153313703992737, -1.781249999999999778, -3.995153313703993625 ) ) ;
#1753 = DIRECTION ( 'NONE',  ( -0.5000000000000002220, 5.410642710348817925E-15, -0.8660254037844385966 ) ) ;
#1754 = CARTESIAN_POINT ( 'NONE',  ( 6.028886112500001282, -0.7281249990440845643, 2.497246393800303998 ) ) ;
#1755 = ORIENTED_EDGE ( 'NONE', *, *, #2343, .T. ) ;
#1756 = CARTESIAN_POINT ( 'NONE',  ( 7.654042494670957606E-16, -1.249999999999973355, 6.250000000000000000 ) ) ;
#1757 = CARTESIAN_POINT ( 'NONE',  ( 3.759623940616406923, 0.8082804653835405917, -6.999999999999999112 ) ) ;
#1758 = CIRCLE ( 'NONE', #211, 19.28381708273946060 ) ;
#1759 = CARTESIAN_POINT ( 'NONE',  ( 7.938566201357355467, 0.7738560230093169956, -0.2499999999999973077 ) ) ;
#1760 = ORIENTED_EDGE ( 'NONE', *, *, #1927, .T. ) ;
#1761 = CARTESIAN_POINT ( 'NONE',  ( 2.497246393800304887, -1.953124999044083987, -6.028886112499999506 ) ) ;
#1762 = DIRECTION ( 'NONE',  ( 0.1950832937323927763, -0.9807866783896082019, 0.000000000000000000 ) ) ;
#1763 = VERTEX_POINT ( 'NONE', #956 ) ;
#1764 = CARTESIAN_POINT ( 'NONE',  ( -4.113568977923390158, 0.8044448143617942693, 6.809068608423453739 ) ) ;
#1765 = CIRCLE ( 'NONE', #71, 19.28381708273945705 ) ;
#1766 = AXIS2_PLACEMENT_3D ( 'NONE', #410, #2182, #1253 ) ;
#1767 = CARTESIAN_POINT ( 'NONE',  ( -2.239397294552066153, 0.8023173273951235140, 5.360432438679185729 ) ) ;
#1768 = DIRECTION ( 'NONE',  ( -0.4903933391947911113, -0.1950832937323853100, 0.8493861791787683524 ) ) ;
#1769 = CARTESIAN_POINT ( 'NONE',  ( -5.649999999999998579, 0.04687500000000004163, 2.340306627407990891 ) ) ;
#1770 = CARTESIAN_POINT ( 'NONE',  ( 2.497246393800304887, -0.5406249990440844533, -6.028886112499999506 ) ) ;
#1771 = EDGE_LOOP ( 'NONE', ( #395, #2435, #2635, #2426, #986 ) ) ;
#1772 = EDGE_CURVE ( 'NONE', #2605, #2826, #73, .T. ) ;
#1773 = CARTESIAN_POINT ( 'NONE',  ( 3.347280609382625727, 0.8783581224312773106, 4.842936593127225464 ) ) ;
#1774 = CARTESIAN_POINT ( 'NONE',  ( 3.838811857374334835, 0.7584545103087889650, -6.999999999999998224 ) ) ;
#1775 = CARTESIAN_POINT ( 'NONE',  ( 3.995153313703992737, -0.05624999808816872476, -3.995153313703993625 ) ) ;
#1776 = EDGE_LOOP ( 'NONE', ( #552, #335, #612, #1055 ) ) ;
#1777 = CARTESIAN_POINT ( 'NONE',  ( 3.840359845055585808, -0.8043815759689730838, -6.966989533786492217 ) ) ;
#1778 = EDGE_LOOP ( 'NONE', ( #2040, #1308, #1698, #193, #2255 ) ) ;
#1779 = DIRECTION ( 'NONE',  ( 0.5000000000000001110, -2.705321355174408963E-15, -0.8660254037844385966 ) ) ;
#1780 = VECTOR ( 'NONE', #1269, 1000.000000000000000 ) ;
#1781 = B_SPLINE_CURVE_WITH_KNOTS ( 'NONE', 3,
 ( #559, #2094, #1675, #1889 ),
 .UNSPECIFIED., .F., .F.,
 ( 4, 4 ),
 ( 0.000000000000000000, 0.0002392131686292648773 ),
 .UNSPECIFIED. ) ;
#1782 = CARTESIAN_POINT ( 'NONE',  ( 4.142513669501195928, -0.7583620419623470221, 6.824955853375339387 ) ) ;
#1783 = CARTESIAN_POINT ( 'NONE',  ( -8.673617379884035472E-16, 1.247163271729610168, 0.000000000000000000 ) ) ;
#1784 = CARTESIAN_POINT ( 'NONE',  ( 5.649999999999999467, -1.124999999999999778, -6.919254415182545337E-16 ) ) ;
#1785 = AXIS2_PLACEMENT_3D ( 'NONE', #232, #1358, #2412 ) ;
#1786 = CARTESIAN_POINT ( 'NONE',  ( 1.107488412014558138E-15, -1.618749999044084564, 6.028886112499999506 ) ) ;
#1787 = ORIENTED_EDGE ( 'NONE', *, *, #1826, .T. ) ;
#1788 = CARTESIAN_POINT ( 'NONE',  ( 4.539749964578724928, 0.8983256983977819798, 3.779323709673760412 ) ) ;
#1789 = ADVANCED_FACE ( 'NONE', ( #1605 ), #1650, .T. ) ;
#1790 = DIRECTION ( 'NONE',  ( -0.000000000000000000, 0.000000000000000000, -1.000000000000000000 ) ) ;
#1791 = CARTESIAN_POINT ( 'NONE',  ( 2.497246393800308883, -0.07187499904408442553, 6.028886112499997729 ) ) ;
#1792 = ORIENTED_EDGE ( 'NONE', *, *, #2666, .T. ) ;
#1793 = CARTESIAN_POINT ( 'NONE',  ( 4.263066253150151752, -1.249999999044083987, -4.263066253150152640 ) ) ;
#1794 = EDGE_CURVE ( 'NONE', #1066, #911, #2683, .T. ) ;
#1795 = CARTESIAN_POINT ( 'NONE',  ( 2.497246393800309328, 0.6781250009559155467, 6.028886112499997729 ) ) ;
#1796 = EDGE_LOOP ( 'NONE', ( #408, #924, #413, #2814, #934 ) ) ;
#1797 = CARTESIAN_POINT ( 'NONE',  ( -0.9811150622390785170, -0.6768967061116512030, -5.612870111631623971 ) ) ;
#1798 = AXIS2_PLACEMENT_3D ( 'NONE', #2177, #627, #1514 ) ;
#1799 = CARTESIAN_POINT ( 'NONE',  ( 3.838811857374449854, -0.7584545103093591756, 7.000000000000000000 ) ) ;
#1800 = CARTESIAN_POINT ( 'NONE',  ( 4.263066253150151752, 0.2500000009559159020, -4.263066253150152640 ) ) ;
#1801 = CARTESIAN_POINT ( 'NONE',  ( 5.650000000000000355, -1.171875000000000000, 2.340306627407986007 ) ) ;
#1802 = CARTESIAN_POINT ( 'NONE',  ( -6.028886112499999506, -1.103124999044084342, -2.497246393800304887 ) ) ;
#1803 = ORIENTED_EDGE ( 'NONE', *, *, #464, .T. ) ;
#1804 = CARTESIAN_POINT ( 'NONE',  ( 5.881928623606905937, 0.9640200116548581777, -1.036630713235691115 ) ) ;
#1805 = CARTESIAN_POINT ( 'NONE',  ( 4.078157140494594657, 0.7498365998540360566, -6.889558729919968982 ) ) ;
#1806 = CARTESIAN_POINT ( 'NONE',  ( -4.263066253150150864, -0.9624999990440843423, 4.263066253150152640 ) ) ;
#1807 = VERTEX_POINT ( 'NONE', #1663 ) ;
#1808 = ORIENTED_EDGE ( 'NONE', *, *, #464, .F. ) ;
#1809 = CARTESIAN_POINT ( 'NONE',  ( -5.866348777218510335, -1.028886112499975525, 1.390474660510663707 ) ) ;
#1810 = EDGE_CURVE ( 'NONE', #1807, #1024, #2033, .T. ) ;
#1811 = CARTESIAN_POINT ( 'NONE',  ( 6.028886112499999506, -0.5468749990440840980, -2.497246393800306219 ) ) ;
#1812 = AXIS2_PLACEMENT_3D ( 'NONE', #38, #1417, #933 ) ;
#1813 = AXIS2_PLACEMENT_3D ( 'NONE', #2600, #1729, #790 ) ;
#1814 = CARTESIAN_POINT ( 'NONE',  ( -6.028886112499999506, -0.2187499990440842923, 0.000000000000000000 ) ) ;
#1815 = CARTESIAN_POINT ( 'NONE',  ( -4.263066253150150864, -2.462499999044085008, 4.263066253150152640 ) ) ;
#1816 = DIRECTION ( 'NONE',  ( -0.000000000000000000, -1.000000000000000000, -0.000000000000000000 ) ) ;
#1817 = CARTESIAN_POINT ( 'NONE',  ( -7.975001146223331006, -0.7959202560011374716, -0.07899467507225071961 ) ) ;
#1818 = CARTESIAN_POINT ( 'NONE',  ( 2.497246393800305331, -0.5406249990440844533, -6.028886112499999506 ) ) ;
#1819 = VERTEX_POINT ( 'NONE', #816 ) ;
#1820 = CARTESIAN_POINT ( 'NONE',  ( -2.497246393800305331, -0.4468749990440842867, -6.028886112499999506 ) ) ;
#1821 = VERTEX_POINT ( 'NONE', #1453 ) ;
#1822 = CARTESIAN_POINT ( 'NONE',  ( -3.752776749732567918, 0.7738560230093177728, -6.999999999999999112 ) ) ;
#1823 = CARTESIAN_POINT ( 'NONE',  ( -5.287447555987829340, -1.028886112499977745, -2.896612866810768239 ) ) ;
#1824 = EDGE_CURVE ( 'NONE', #1914, #2776, #622, .T. ) ;
#1825 = CARTESIAN_POINT ( 'NONE',  ( 4.263066253150151752, -0.4999999990440840980, -4.263066253150152640 ) ) ;
#1826 = EDGE_CURVE ( 'NONE', #2704, #2488, #1901, .T. ) ;
#1827 = CARTESIAN_POINT ( 'NONE',  ( 3.995153313703992737, -1.556249998088168551, -3.995153313703993625 ) ) ;
#1828 = CARTESIAN_POINT ( 'NONE',  ( -7.981841983480878255, 0.7583620419617594921, -0.1750441466247792122 ) ) ;
#1829 = CARTESIAN_POINT ( 'NONE',  ( -2.457906040097755735E-11, 0.9753284975449285632, -5.975328497544948547 ) ) ;
#1830 = CARTESIAN_POINT ( 'NONE',  ( 4.076242796852542760, 0.7829987773376182458, -6.890661938456664970 ) ) ;
#1831 = DIRECTION ( 'NONE',  ( -0.5000000000000001110, 0.000000000000000000, -0.8660254037844385966 ) ) ;
#1832 = ORIENTED_EDGE ( 'NONE', *, *, #195, .T. ) ;
#1833 = CARTESIAN_POINT ( 'NONE',  ( 4.263066253150151752, 1.662500000955915658, -4.263066253150152640 ) ) ;
#1834 = CARTESIAN_POINT ( 'NONE',  ( 4.139933223169243171, 0.7922304210782976641, 6.827096513878344375 ) ) ;
#1835 = VERTEX_POINT ( 'NONE', #1727 ) ;
#1836 = DIRECTION ( 'NONE',  ( 0.000000000000000000, -0.7071067811865398012, -0.7071067811865551223 ) ) ;
#1837 = CARTESIAN_POINT ( 'NONE',  ( 2.497246393800308883, -0.7343749990440838760, 6.028886112499997729 ) ) ;
#1838 = CARTESIAN_POINT ( 'NONE',  ( 2.497246393800304887, 1.796875000955916457, -6.028886112499999506 ) ) ;
#1839 = CARTESIAN_POINT ( 'NONE',  ( -3.995153313703991849, -1.181249998088168551, 3.995153313703993625 ) ) ;
#1840 = EDGE_CURVE ( 'NONE', #2271, #1673, #435, .T. ) ;
#1841 = DIRECTION ( 'NONE',  ( -0.8660254037844383745, 0.000000000000000000, 0.5000000000000004441 ) ) ;
#1842 = CARTESIAN_POINT ( 'NONE',  ( 6.018876556301845149, -18.09333333333334082, -3.475000000000000977 ) ) ;
#1843 = FACE_OUTER_BOUND ( 'NONE', #1376, .T. ) ;
#1844 = ORIENTED_EDGE ( 'NONE', *, *, #1395, .F. ) ;
#1845 = CARTESIAN_POINT ( 'NONE',  ( -3.691628040048527127E-16, -1.243749999044084564, -6.028886112499999506 ) ) ;
#1846 = DIRECTION ( 'NONE',  ( 0.8660254037844384856, -0.000000000000000000, -0.5000000000000003331 ) ) ;
#1847 = ORIENTED_EDGE ( 'NONE', *, *, #805, .T. ) ;
#1848 = CARTESIAN_POINT ( 'NONE',  ( -2.810356874863586540, -0.6499999999999849232, -4.901468579508286183 ) ) ;
#1849 = AXIS2_PLACEMENT_3D ( 'NONE', #2079, #1172, #2043 ) ;
#1850 = CARTESIAN_POINT ( 'NONE',  ( 4.263066253150151752, 0.2500000009559159020, -4.263066253150152640 ) ) ;
#1851 = CARTESIAN_POINT ( 'NONE',  ( 3.995153313703993625, -0.9937499980881688844, 3.995153313703992737 ) ) ;
#1852 = AXIS2_PLACEMENT_3D ( 'NONE', #1403, #52, #2308 ) ;
#1853 = CARTESIAN_POINT ( 'NONE',  ( 6.062177826491071286, 18.09333333333334082, 3.500000000000002665 ) ) ;
#1854 = CARTESIAN_POINT ( 'NONE',  ( 2.669260315214918577, 0.8414196232370647621, -5.225899072801317935 ) ) ;
#1855 = EDGE_CURVE ( 'NONE', #200, #1098, #782, .T. ) ;
#1856 = FACE_OUTER_BOUND ( 'NONE', #1883, .T. ) ;
#1857 = EDGE_LOOP ( 'NONE', ( #1408, #262, #792, #24, #1279 ) ) ;
#1858 = DIRECTION ( 'NONE',  ( -0.8660254037844387076, 0.000000000000000000, -0.5000000000000003331 ) ) ;
#1859 = CARTESIAN_POINT ( 'NONE',  ( 2.340306627407990003, -0.5156249999999995559, 5.649999999999998579 ) ) ;
#1860 = VERTEX_POINT ( 'NONE', #104 ) ;
#1861 = CARTESIAN_POINT ( 'NONE',  ( 4.041451884327378785, 1.250000000000000000, -6.999999999999998224 ) ) ;
#1862 = LINE ( 'NONE', #939, #2197 ) ;
#1863 = CARTESIAN_POINT ( 'NONE',  ( 4.263066253150151752, 1.750000000955916013, -4.263066253150152640 ) ) ;
#1864 = CARTESIAN_POINT ( 'NONE',  ( 3.995153313703993625, -1.743749998088168773, 3.995153313703992737 ) ) ;
#1865 = DIRECTION ( 'NONE',  ( 0.000000000000000000, -0.000000000000000000, 1.000000000000000000 ) ) ;
#1866 = CARTESIAN_POINT ( 'NONE',  ( 0.000000000000000000, -1.247163271729610168, 0.000000000000000000 ) ) ;
#1867 = CARTESIAN_POINT ( 'NONE',  ( -4.185789451624787993, -0.7738560230093232128, -6.749999999999999112 ) ) ;
#1868 = DIRECTION ( 'NONE',  ( 0.000000000000000000, 0.000000000000000000, -1.000000000000000000 ) ) ;
#1869 = ORIENTED_EDGE ( 'NONE', *, *, #876, .T. ) ;
#1870 = DIRECTION ( 'NONE',  ( 0.000000000000000000, 1.000000000000000000, 0.000000000000000000 ) ) ;
#1871 = AXIS2_PLACEMENT_3D ( 'NONE', #634, #1052, #1475 ) ;
#1872 = CARTESIAN_POINT ( 'NONE',  ( -7.953719043561656044, 0.8044017859520038449, -0.1577335749960691036 ) ) ;
#1873 = ORIENTED_EDGE ( 'NONE', *, *, #1772, .T. ) ;
#1874 = CARTESIAN_POINT ( 'NONE',  ( -4.056059642573739410, 0.7959416568390280666, -6.866908949900172310 ) ) ;
#1875 = ADVANCED_FACE ( 'NONE', ( #769 ), #1047, .T. ) ;
#1876 = CARTESIAN_POINT ( 'NONE',  ( -3.995153313703993625, 0.1312500019118312267, -3.995153313703993625 ) ) ;
#1877 = CARTESIAN_POINT ( 'NONE',  ( -4.586023485392733079, 0.6650071134718248400, -3.374853918012681753 ) ) ;
#1878 = CARTESIAN_POINT ( 'NONE',  ( 2.340306627407986895, 0.7406250019118313377, -5.649999999999999467 ) ) ;
#1879 = VECTOR ( 'NONE', #2530, 1000.000000000000000 ) ;
#1880 = CARTESIAN_POINT ( 'NONE',  ( -3.752776749732567918, 1.250000000000000000, -6.499999999999999112 ) ) ;
#1881 = CARTESIAN_POINT ( 'NONE',  ( 4.113410001631609525, 0.8043815759689730838, -6.809343952385058074 ) ) ;
#1882 = CARTESIAN_POINT ( 'NONE',  ( 7.914565200276248547, 0.8199775699195034351, -0.2255500208779771809 ) ) ;
#1883 = EDGE_LOOP ( 'NONE', ( #2716, #2734, #1171 ) ) ;
#1884 = ORIENTED_EDGE ( 'NONE', *, *, #628, .T. ) ;
#1885 = DIRECTION ( 'NONE',  ( 0.000000000000000000, 1.000000000000000000, 0.000000000000000000 ) ) ;
#1886 = ORIENTED_EDGE ( 'NONE', *, *, #135, .F. ) ;
#1887 = CARTESIAN_POINT ( 'NONE',  ( 6.028886112500001282, 0.1093750009559159853, 2.497246393800303998 ) ) ;
#1888 = FACE_OUTER_BOUND ( 'NONE', #556, .T. ) ;
#1889 = CARTESIAN_POINT ( 'NONE',  ( 7.975001146223325676, 0.7959202560010308902, -4.777389351114304910E-14 ) ) ;
#1890 = EDGE_CURVE ( 'NONE', #2141, #1860, #1544, .T. ) ;
#1891 = CARTESIAN_POINT ( 'NONE',  ( -5.527277218645552992, 0.7338920743895872567, 1.552161435479487039 ) ) ;
#1892 = CARTESIAN_POINT ( 'NONE',  ( -7.982116279166722173, -0.7582638386379467743, 0.1745690525605935739 ) ) ;
#1893 = CARTESIAN_POINT ( 'NONE',  ( 8.005609686020187965, -0.7829987773375211013, -0.08479884483933282369 ) ) ;
#1894 = CARTESIAN_POINT ( 'NONE',  ( 4.185789451624783553, -0.7738560230093194381, -6.749999999999999112 ) ) ;
#1895 = CARTESIAN_POINT ( 'NONE',  ( -4.263066253150152640, 1.850000000955915658, -4.263066253150152640 ) ) ;
#1896 = AXIS2_PLACEMENT_3D ( 'NONE', #142, #1531, #1753 ) ;
#1897 = ORIENTED_EDGE ( 'NONE', *, *, #1314, .T. ) ;
#1898 = ORIENTED_EDGE ( 'NONE', *, *, #1855, .F. ) ;
#1899 = CARTESIAN_POINT ( 'NONE',  ( -3.839865294681831021, 0.7582659171152801303, 6.999999999999999112 ) ) ;
#1900 = AXIS2_PLACEMENT_3D ( 'NONE', #1006, #1870, #794 ) ;
#1901 = CIRCLE ( 'NONE', #546, 0.04999999999999965583 ) ;
#1902 = CARTESIAN_POINT ( 'NONE',  ( -2.497246393800305331, -1.196874999044084564, -6.028886112499999506 ) ) ;
#1903 = LINE ( 'NONE', #114, #1780 ) ;
#1904 = ORIENTED_EDGE ( 'NONE', *, *, #628, .F. ) ;
#1905 = CARTESIAN_POINT ( 'NONE',  ( 4.263066253150151752, -0.4999999990440840980, -4.263066253150152640 ) ) ;
#1906 = CARTESIAN_POINT ( 'NONE',  ( 7.981841983480932434, 0.7583620419623102737, 0.1750441466246891176 ) ) ;
#1907 = ADVANCED_FACE ( 'NONE', ( #2348 ), #2166, .T. ) ;
#1908 = CARTESIAN_POINT ( 'NONE',  ( -3.761950552233680245, 0.8199775699194981060, 6.966989533786493105 ) ) ;
#1909 = EDGE_CURVE ( 'NONE', #735, #2605, #1959, .T. ) ;
#1910 = CARTESIAN_POINT ( 'NONE',  ( 0.000000000000000000, 1.250000000000000000, -5.649999999999999467 ) ) ;
#1911 = DIRECTION ( 'NONE',  ( -0.9807866783896090901, 0.1950832937323892791, 0.000000000000000000 ) ) ;
#1912 = CARTESIAN_POINT ( 'NONE',  ( 1.037888162277381603E-15, 0.1875000000000001665, 5.649999999999999467 ) ) ;
#1913 = FACE_OUTER_BOUND ( 'NONE', #498, .T. ) ;
#1914 = VERTEX_POINT ( 'NONE', #2615 ) ;
#1915 = CARTESIAN_POINT ( 'NONE',  ( -6.033589924159405982, 18.09333333333334082, 3.483494766893247885 ) ) ;
#1916 = CARTESIAN_POINT ( 'NONE',  ( -3.691628040048527127E-16, 1.006250000955915658, -6.028886112499999506 ) ) ;
#1917 = ORIENTED_EDGE ( 'NONE', *, *, #2558, .F. ) ;
#1918 = CARTESIAN_POINT ( 'NONE',  ( 1.107488412014558138E-15, 0.7187500009559159020, 6.028886112499999506 ) ) ;
#1919 = CARTESIAN_POINT ( 'NONE',  ( -3.839876905351303549, 0.7582638386379522144, -6.999999999999998224 ) ) ;
#1920 = CARTESIAN_POINT ( 'NONE',  ( 3.557587136873915146, -0.7404043628778275155, -4.520899070163865829 ) ) ;
#1921 = CARTESIAN_POINT ( 'NONE',  ( 4.263066253150151752, -1.249999999044083987, -4.263066253150152640 ) ) ;
#1922 = CARTESIAN_POINT ( 'NONE',  ( -3.459627207591272669E-16, -2.212499998088168773, -5.649999999999999467 ) ) ;
#1923 = CARTESIAN_POINT ( 'NONE',  ( 8.005493934817387469, -0.7498787235420965036, 0.08778120976029037126 ) ) ;
#1924 = CARTESIAN_POINT ( 'NONE',  ( 3.839328313979601948, -0.7583620419617064234, -6.999999999999998224 ) ) ;
#1925 = CARTESIAN_POINT ( 'NONE',  ( -4.263066253150150864, 1.287500000955915436, 4.263066253150152640 ) ) ;
#1926 = EDGE_LOOP ( 'NONE', ( #2852, #681, #1944, #2012 ) ) ;
#1927 = EDGE_CURVE ( 'NONE', #2776, #2826, #2542, .T. ) ;
#1928 = AXIS2_PLACEMENT_3D ( 'NONE', #996, #2769, #2819 ) ;
#1929 = DIRECTION ( 'NONE',  ( -0.4903933391948087639, 0.1950832937323879190, 0.8493861791787575832 ) ) ;
#1930 = CARTESIAN_POINT ( 'NONE',  ( -3.840359845055587140, -0.8043815759689736389, 6.966989533786492217 ) ) ;
#1931 = CARTESIAN_POINT ( 'NONE',  ( -7.981583755178284889, -0.7584545103091943075, -0.1754914111648233355 ) ) ;
#1932 = ORIENTED_EDGE ( 'NONE', *, *, #822, .F. ) ;
#1933 = CARTESIAN_POINT ( 'NONE',  ( 6.028886112500001282, 1.609375000955916013, 2.497246393800303998 ) ) ;
#1934 = CARTESIAN_POINT ( 'NONE',  ( 4.609169032593923632, -0.8593801987796417796, 3.637712880265726145 ) ) ;
#1935 = CARTESIAN_POINT ( 'NONE',  ( -4.263066253150150864, -2.374999999044084653, 4.263066253150152640 ) ) ;
#1936 = CARTESIAN_POINT ( 'NONE',  ( -3.761950552233683354, 0.8199775699195027689, -6.966989533786493105 ) ) ;
#1937 = CARTESIAN_POINT ( 'NONE',  ( 3.752776749732567474, 1.250000000000000000, 6.500000000000000888 ) ) ;
#1938 = CARTESIAN_POINT ( 'NONE',  ( -5.649999999999999467, 2.250000000000000444, 0.000000000000000000 ) ) ;
#1939 = CARTESIAN_POINT ( 'NONE',  ( -4.263066253150150864, -0.2124999990440845365, 4.263066253150152640 ) ) ;
#1940 = ORIENTED_EDGE ( 'NONE', *, *, #766, .T. ) ;
#1941 = DIRECTION ( 'NONE',  ( 0.000000000000000000, 0.000000000000000000, -1.000000000000000000 ) ) ;
#1942 = EDGE_CURVE ( 'NONE', #2859, #65, #2471, .T. ) ;
#1943 = AXIS2_PLACEMENT_3D ( 'NONE', #689, #215, #1109 ) ;
#1944 = ORIENTED_EDGE ( 'NONE', *, *, #2456, .F. ) ;
#1945 = CARTESIAN_POINT ( 'NONE',  ( 4.263066253150152640, 0.8125000009559160130, 4.263066253150151752 ) ) ;
#1946 = CIRCLE ( 'NONE', #1928, 6.250000000000000000 ) ;
#1947 = DIRECTION ( 'NONE',  ( 0.000000000000000000, 1.000000000000000000, 0.000000000000000000 ) ) ;
#1948 = CARTESIAN_POINT ( 'NONE',  ( 6.028886112500001282, 0.7718750009559156577, 2.497246393800303998 ) ) ;
#1949 = CARTESIAN_POINT ( 'NONE',  ( 6.028886112500001282, 0.8593750009559160130, 2.497246393800304443 ) ) ;
#1950 = CARTESIAN_POINT ( 'NONE',  ( 2.340306627407986895, -2.259374998088168773, -5.649999999999999467 ) ) ;
#1951 = CARTESIAN_POINT ( 'NONE',  ( -5.649999999999999467, 0.000000000000000000, 0.000000000000000000 ) ) ;
#1952 = CARTESIAN_POINT ( 'NONE',  ( 2.497246393800309328, -0.07187499904408441165, 6.028886112499997729 ) ) ;
#1953 = ORIENTED_EDGE ( 'NONE', *, *, #1678, .T. ) ;
#1954 = LINE ( 'NONE', #2841, #1104 ) ;
#1955 = SURFACE_STYLE_FILL_AREA ( #2126 ) ;
#1956 = CARTESIAN_POINT ( 'NONE',  ( -7.938566201357355467, -0.7738560230093167736, 0.2499999999999972522 ) ) ;
#1957 = ORIENTED_EDGE ( 'NONE', *, *, #13, .T. ) ;
#1958 = CARTESIAN_POINT ( 'NONE',  ( 6.028886112499999506, -1.343749999044083987, -7.383256080097054254E-16 ) ) ;
#1959 = B_SPLINE_CURVE_WITH_KNOTS ( 'NONE', 3,
 ( #2554, #125, #563, #344, #802, #2221 ),
 .UNSPECIFIED., .F., .F.,
 ( 4, 2, 4 ),
 ( 0.000000000000000000, 0.0002618488026665108576, 0.0005236976053330217153 ),
 .UNSPECIFIED. ) ;
#1960 = DIRECTION ( 'NONE',  ( -2.146163712481656393E-16, -0.000000000000000000, 1.000000000000000000 ) ) ;
#1961 = CARTESIAN_POINT ( 'NONE',  ( -2.597184132543013391, -0.6533761704301946915, -5.027587279407581100 ) ) ;
#1962 = ADVANCED_FACE ( 'NONE', ( #1344 ), #1032, .T. ) ;
#1963 = CARTESIAN_POINT ( 'NONE',  ( -4.134456410955049677, 0.7724229704268081864, 4.069824061845854324 ) ) ;
#1964 = DIRECTION ( 'NONE',  ( -0.5000000000000001110, 0.000000000000000000, -0.8660254037844387076 ) ) ;
#1965 = CARTESIAN_POINT ( 'NONE',  ( 7.895264931168132883, -0.7738560230093205483, 0.2250000000000031974 ) ) ;
#1966 = CARTESIAN_POINT ( 'NONE',  ( -2.340306627407987339, -1.640624999999999556, -5.649999999999999467 ) ) ;
#1967 = DIRECTION ( 'NONE',  ( 0.5000000000000001110, 0.000000000000000000, -0.8660254037844385966 ) ) ;
#1968 = CARTESIAN_POINT ( 'NONE',  ( -6.028886112499997729, -1.759374999044084786, 2.497246393800309328 ) ) ;
#1969 = EDGE_LOOP ( 'NONE', ( #82, #2199, #1463, #2030 ) ) ;
#1970 = CARTESIAN_POINT ( 'NONE',  ( 1.295017067228525720, 0.8487201423194080663, 5.739588199091296694 ) ) ;
#1971 = CARTESIAN_POINT ( 'NONE',  ( 3.761950552233679801, 0.8199775699195015477, -6.966989533786493105 ) ) ;
#1972 = DIRECTION ( 'NONE',  ( -0.9807866783896090901, 0.1950832937323886684, -4.230194617605771034E-15 ) ) ;
#1973 = EDGE_LOOP ( 'NONE', ( #1755, #1719 ) ) ;
#1974 = CARTESIAN_POINT ( 'NONE',  ( -4.263066253150150864, -1.624999999044084209, 4.263066253150152640 ) ) ;
#1975 = DIRECTION ( 'NONE',  ( 2.146163712481656393E-16, 0.000000000000000000, -1.000000000000000000 ) ) ;
#1976 = ORIENTED_EDGE ( 'NONE', *, *, #322, .T. ) ;
#1977 = CARTESIAN_POINT ( 'NONE',  ( -0.4945619965553063047, -0.6833871248091094586, -5.683387124809125446 ) ) ;
#1978 = DIRECTION ( 'NONE',  ( 1.000000000000000000, 0.000000000000000000, 0.000000000000000000 ) ) ;
#1979 = EDGE_CURVE ( 'NONE', #1763, #1743, #644, .T. ) ;
#1980 = CARTESIAN_POINT ( 'NONE',  ( -3.459627207591272669E-16, 0.5625000000000003331, -5.649999999999999467 ) ) ;
#1981 = CARTESIAN_POINT ( 'NONE',  ( -5.649999999999999467, 0.9281250019118313377, -2.340306627407986895 ) ) ;
#1982 = DIRECTION ( 'NONE',  ( 0.000000000000000000, 0.7071067811865398012, 0.7071067811865551223 ) ) ;
#1983 = CARTESIAN_POINT ( 'NONE',  ( 5.650000000000000355, 0.5531250019118314487, 2.340306627407986007 ) ) ;
#1984 = TOROIDAL_SURFACE ( 'NONE', #1849, 6.270710678118681436, 0.05000000000000000278 ) ;
#1985 = CARTESIAN_POINT ( 'NONE',  ( 6.028886112499999506, 0.1156250009559155328, -2.497246393800306219 ) ) ;
#1986 = ORIENTED_EDGE ( 'NONE', *, *, #714, .T. ) ;
#1987 = CARTESIAN_POINT ( 'NONE',  ( 2.497246393800304887, -1.203124999044084431, -6.028886112499999506 ) ) ;
#1988 = DIRECTION ( 'NONE',  ( 0.000000000000000000, 0.000000000000000000, -1.000000000000000000 ) ) ;
#1989 = ORIENTED_EDGE ( 'NONE', *, *, #665, .T. ) ;
#1990 = CARTESIAN_POINT ( 'NONE',  ( -3.840041902044159627, -0.8044448143617853875, 6.966989539313003910 ) ) ;
#1991 = TOROIDAL_SURFACE ( 'NONE', #2586, 19.23679202833525892, 0.05000000000000000278 ) ;
#1992 = CARTESIAN_POINT ( 'NONE',  ( 4.185789451624786217, -0.7738560230093169956, 6.750000000000003553 ) ) ;
#1993 = CARTESIAN_POINT ( 'NONE',  ( 4.113416514040622474, 0.8043841666693299919, 6.809332672561771105 ) ) ;
#1994 = EDGE_CURVE ( 'NONE', #2352, #1835, #1154, .T. ) ;
#1995 = CARTESIAN_POINT ( 'NONE',  ( 5.649999999999999467, -1.078125000000000000, -2.340306627407988227 ) ) ;
#1996 = CARTESIAN_POINT ( 'NONE',  ( 6.028886112500001282, -1.478124999044084564, 2.497246393800303998 ) ) ;
#1997 = ORIENTED_EDGE ( 'NONE', *, *, #940, .F. ) ;
#1998 = EDGE_CURVE ( 'NONE', #2856, #1098, #103, .T. ) ;
#1999 = CARTESIAN_POINT ( 'NONE',  ( -0.7751417181701401038, 1.010607749890064744, -5.973025407876244586 ) ) ;
#2000 = CARTESIAN_POINT ( 'NONE',  ( 3.926820533396679469, 0.7498782287194716289, -6.976798871765851118 ) ) ;
#2001 = CARTESIAN_POINT ( 'NONE',  ( -6.028886112499997729, -0.2593749990440845643, 2.497246393800308883 ) ) ;
#2002 = VERTEX_POINT ( 'NONE', #2243 ) ;
#2003 = CARTESIAN_POINT ( 'NONE',  ( 4.263066253150152640, 1.475000000955915658, 4.263066253150151752 ) ) ;
#2004 = CARTESIAN_POINT ( 'NONE',  ( -5.225518245670211392, -0.7624331306675896647, 2.450905169566689690 ) ) ;
#2005 = ORIENTED_EDGE ( 'NONE', *, *, #46, .T. ) ;
#2006 = CARTESIAN_POINT ( 'NONE',  ( -3.483889549348989756E-16, -0.6896234110514141147, -5.689623411051430324 ) ) ;
#2007 = CIRCLE ( 'NONE', #279, 0.05000000000000005135 ) ;
#2008 = CARTESIAN_POINT ( 'NONE',  ( -6.028886112499999506, 0.4843750009559159020, -2.497246393800305331 ) ) ;
#2009 = CARTESIAN_POINT ( 'NONE',  ( -3.995153313703991849, -0.6562499999999996669, 3.995153313703993625 ) ) ;
#2010 = AXIS2_PLACEMENT_3D ( 'NONE', #2676, #2038, #37 ) ;
#2011 = CARTESIAN_POINT ( 'NONE',  ( -3.691628040048527127E-16, -1.993749999044084342, -6.028886112499999506 ) ) ;
#2012 = ORIENTED_EDGE ( 'NONE', *, *, #446, .F. ) ;
#2013 = DIRECTION ( 'NONE',  ( 0.000000000000000000, 0.000000000000000000, 1.000000000000000000 ) ) ;
#2014 = EDGE_CURVE ( 'NONE', #1364, #1553, #707, .T. ) ;
#2015 = CARTESIAN_POINT ( 'NONE',  ( 6.028886112500001282, -0.7281249990440845643, 2.497246393800304443 ) ) ;
#2016 = ORIENTED_EDGE ( 'NONE', *, *, #1483, .T. ) ;
#2017 = CARTESIAN_POINT ( 'NONE',  ( -4.263066253150150864, -0.2124999990440845365, 4.263066253150152640 ) ) ;
#2018 = ORIENTED_EDGE ( 'NONE', *, *, #2291, .F. ) ;
#2019 = DIRECTION ( 'NONE',  ( -0.8660254037844384856, 0.000000000000000000, 0.5000000000000004441 ) ) ;
#2020 = CIRCLE ( 'NONE', #2382, 19.23679202833525537 ) ;
#2021 = CARTESIAN_POINT ( 'NONE',  ( -7.914565200276248547, 0.8199775699195027689, 0.2255500208779772364 ) ) ;
#2022 = CARTESIAN_POINT ( 'NONE',  ( 2.340306627407990003, -2.015625000000000000, 5.649999999999998579 ) ) ;
#2023 = CARTESIAN_POINT ( 'NONE',  ( -5.649999999999998579, 1.021875001911831449, 2.340306627407990891 ) ) ;
#2024 = CARTESIAN_POINT ( 'NONE',  ( 7.938566201357355467, 0.7738560230093169956, -0.2499999999999973077 ) ) ;
#2025 = CARTESIAN_POINT ( 'NONE',  ( 5.649999999999999467, 0.6000000019118312267, -6.919254415182545337E-16 ) ) ;
#2026 = DIRECTION ( 'NONE',  ( -0.000000000000000000, 1.000000000000000000, -0.000000000000000000 ) ) ;
#2027 = EDGE_LOOP ( 'NONE', ( #1338, #666, #109, #206 ) ) ;
#2028 = EDGE_CURVE ( 'NONE', #2370, #1002, #1343, .T. ) ;
#2029 = CARTESIAN_POINT ( 'NONE',  ( -6.028886112499999506, -0.3062499990440846198, 0.000000000000000000 ) ) ;
#2030 = ORIENTED_EDGE ( 'NONE', *, *, #2470, .F. ) ;
#2031 = CARTESIAN_POINT ( 'NONE',  ( -3.839328313979694318, 0.7583620419621253106, -6.999999999999999112 ) ) ;
#2032 = CARTESIAN_POINT ( 'NONE',  ( -3.463103792490036525, -0.6338207726278488607, -4.527202834917949836 ) ) ;
#2033 = CIRCLE ( 'NONE', #1669, 0.05000000000000034972 ) ;
#2034 = CARTESIAN_POINT ( 'NONE',  ( 2.497246393800304887, -0.4531249990440840425, -6.028886112499999506 ) ) ;
#2035 = CARTESIAN_POINT ( 'NONE',  ( -5.649999999999998579, -0.4781249980881688288, 2.340306627407990891 ) ) ;
#2036 = FACE_OUTER_BOUND ( 'NONE', #1182, .T. ) ;
#2037 = CARTESIAN_POINT ( 'NONE',  ( -2.457906040097755735E-11, 0.9753284975449285632, -5.975328497544948547 ) ) ;
#2038 = DIRECTION ( 'NONE',  ( 0.000000000000000000, 1.000000000000000000, 0.000000000000000000 ) ) ;
#2039 = DIRECTION ( 'NONE',  ( 0.8660254037844385966, -0.000000000000000000, 0.5000000000000001110 ) ) ;
#2040 = ORIENTED_EDGE ( 'NONE', *, *, #2572, .F. ) ;
#2041 = CARTESIAN_POINT ( 'NONE',  ( 1.107488412014558138E-15, 1.381250000955915658, 6.028886112499999506 ) ) ;
#2042 = ORIENTED_EDGE ( 'NONE', *, *, #78, .F. ) ;
#2043 = DIRECTION ( 'NONE',  ( 0.000000000000000000, 0.000000000000000000, 1.000000000000000000 ) ) ;
#2044 = CARTESIAN_POINT ( 'NONE',  ( -4.263066253150150864, -0.1249999990440842090, 4.263066253150152640 ) ) ;
#2045 = AXIS2_PLACEMENT_3D ( 'NONE', #2762, #1846, #2107 ) ;
#2046 = EDGE_CURVE ( 'NONE', #2520, #334, #2858, .T. ) ;
#2047 = CARTESIAN_POINT ( 'NONE',  ( -4.263066253150150864, 1.375000000955915791, 4.263066253150152640 ) ) ;
#2048 = CARTESIAN_POINT ( 'NONE',  ( -5.649999999999999467, 0.2250000019118313099, 0.000000000000000000 ) ) ;
#2049 = CARTESIAN_POINT ( 'NONE',  ( 7.982405626691291722, -0.7922304210785295897, 0.1717390842965371978 ) ) ;
#2050 = FACE_OUTER_BOUND ( 'NONE', #148, .T. ) ;
#2051 = DIRECTION ( 'NONE',  ( 1.224646799147353947E-16, 0.000000000000000000, -1.000000000000000000 ) ) ;
#2052 = ORIENTED_EDGE ( 'NONE', *, *, #1678, .F. ) ;
#2053 = CARTESIAN_POINT ( 'NONE',  ( -6.028886112499999506, -1.806249999044084120, 0.000000000000000000 ) ) ;
#2054 = ORIENTED_EDGE ( 'NONE', *, *, #46, .F. ) ;
#2055 = DIRECTION ( 'NONE',  ( 0.000000000000000000, -1.000000000000000000, 0.000000000000000000 ) ) ;
#2056 = FACE_OUTER_BOUND ( 'NONE', #1796, .T. ) ;
#2057 = ADVANCED_FACE ( 'NONE', ( #1474 ), #1004, .F. ) ;
#2058 = CARTESIAN_POINT ( 'NONE',  ( -6.028886112499999506, 2.031250000955915791, 0.000000000000000000 ) ) ;
#2059 = CARTESIAN_POINT ( 'NONE',  ( -2.340306627407989115, -1.134374998088168773, 5.649999999999998579 ) ) ;
#2060 = DIRECTION ( 'NONE',  ( 0.000000000000000000, 0.000000000000000000, -1.000000000000000000 ) ) ;
#2061 = CARTESIAN_POINT ( 'NONE',  ( 3.761950552233679801, 0.8199775699195025469, -6.966989533786493993 ) ) ;
#2062 = CARTESIAN_POINT ( 'NONE',  ( 3.839876905351297776, -0.7582638386379513262, -6.999999999999998224 ) ) ;
#2063 = VERTEX_POINT ( 'NONE', #2778 ) ;
#2064 = DIRECTION ( 'NONE',  ( 0.8660254037844452579, 0.000000000000000000, -0.4999999999999883982 ) ) ;
#2065 = VERTEX_POINT ( 'NONE', #1685 ) ;
#2066 = CARTESIAN_POINT ( 'NONE',  ( -4.152614648042565193, 0.8199775699195017697, -6.741439512908513620 ) ) ;
#2067 = DIRECTION ( 'NONE',  ( 0.000000000000000000, 0.000000000000000000, -1.000000000000000000 ) ) ;
#2068 = AXIS2_PLACEMENT_3D ( 'NONE', #1005, #1518, #630 ) ;
#2069 = CARTESIAN_POINT ( 'NONE',  ( 6.028886112500001282, 0.1093750009559159853, 2.497246393800303998 ) ) ;
#2070 = CARTESIAN_POINT ( 'NONE',  ( 5.649999999999999467, -0.8999999980881687733, -6.919254415182545337E-16 ) ) ;
#2071 = AXIS2_PLACEMENT_3D ( 'NONE', #1965, #1768, #210 ) ;
#2072 = DIRECTION ( 'NONE',  ( 0.000000000000000000, 0.000000000000000000, 1.000000000000000000 ) ) ;
#2073 = CARTESIAN_POINT ( 'NONE',  ( 4.686559397150112716, 0.7066446034932251097, -3.303414024809263605 ) ) ;
#2074 = CARTESIAN_POINT ( 'NONE',  ( -6.018876556301846925, 18.09333333333334082, 3.475000000000000089 ) ) ;
#2075 = ORIENTED_EDGE ( 'NONE', *, *, #322, .F. ) ;
#2076 = EDGE_CURVE ( 'NONE', #2488, #1553, #2192, .T. ) ;
#2077 = DIRECTION ( 'NONE',  ( -0.4903933391948098741, 0.1950832937323937755, -0.8493861791787553628 ) ) ;
#2078 = ORIENTED_EDGE ( 'NONE', *, *, #1536, .T. ) ;
#2079 = CARTESIAN_POINT ( 'NONE',  ( 0.000000000000000000, 1.200000000000000178, 0.000000000000000000 ) ) ;
#2080 = CYLINDRICAL_SURFACE ( 'NONE', #2330, 0.5000000000000004441 ) ;
#2081 = CARTESIAN_POINT ( 'NONE',  ( -5.663826491080951264, 0.7039560007422909216, -0.7342021225269750317 ) ) ;
#2082 = CARTESIAN_POINT ( 'NONE',  ( 5.649999999999999467, -0.1031249980881687595, -2.340306627407988227 ) ) ;
#2083 = DIRECTION ( 'NONE',  ( 1.224646799147361342E-16, 0.000000000000000000, -1.000000000000000000 ) ) ;
#2084 = CARTESIAN_POINT ( 'NONE',  ( 4.152614648042562528, 0.8199775699195027689, -6.741439512908514509 ) ) ;
#2085 = CARTESIAN_POINT ( 'NONE',  ( -4.185789451624785329, 0.7738560230093162184, 6.750000000000000000 ) ) ;
#2086 = EDGE_LOOP ( 'NONE', ( #2692, #325, #664, #2005 ) ) ;
#2087 = ORIENTED_EDGE ( 'NONE', *, *, #446, .T. ) ;
#2088 = ADVANCED_FACE ( 'NONE', ( #327 ), #2304, .F. ) ;
#2089 = CARTESIAN_POINT ( 'NONE',  ( -6.028886112499999506, -1.853124999044084564, -2.497246393800304887 ) ) ;
#2090 = B_SPLINE_CURVE_WITH_KNOTS ( 'NONE', 3,
 ( #690, #245, #1139, #50, #973, #511 ),
 .UNSPECIFIED., .F., .F.,
 ( 4, 2, 4 ),
 ( 1.084202172485504434E-19, 0.0002395235539099538780, 0.0004790471078199076476 ),
 .UNSPECIFIED. ) ;
#2091 = CARTESIAN_POINT ( 'NONE',  ( 3.839328313979629481, 0.7583620419616796671, 7.000000000000000888 ) ) ;
#2092 = ORIENTED_EDGE ( 'NONE', *, *, #1609, .T. ) ;
#2093 = CARTESIAN_POINT ( 'NONE',  ( -2.497246393800305331, 0.3906250009559161240, -6.028886112499999506 ) ) ;
#2094 = CARTESIAN_POINT ( 'NONE',  ( 7.953719043561656044, 0.8044017859520008473, 0.1577335749960694367 ) ) ;
#2095 = LINE ( 'NONE', #1910, #1749 ) ;
#2096 = AXIS2_PLACEMENT_3D ( 'NONE', #58, #1147, #2067 ) ;
#2097 = CARTESIAN_POINT ( 'NONE',  ( -4.142513669501254547, -0.7583620419615929586, -6.824955853375239023 ) ) ;
#2098 = CIRCLE ( 'NONE', #2619, 0.05000000000000034972 ) ;
#2099 = CARTESIAN_POINT ( 'NONE',  ( -2.340306627407987339, -0.1406249999999996947, -5.649999999999999467 ) ) ;
#2100 = CARTESIAN_POINT ( 'NONE',  ( 5.650000000000000355, 1.078125000000000222, 2.340306627407986007 ) ) ;
#2101 = LINE ( 'NONE', #106, #381 ) ;
#2102 = CYLINDRICAL_SURFACE ( 'NONE', #1813, 5.649999999999999467 ) ;
#2103 = ORIENTED_EDGE ( 'NONE', *, *, #482, .F. ) ;
#2104 = ORIENTED_EDGE ( 'NONE', *, *, #2014, .F. ) ;
#2105 = DIRECTION ( 'NONE',  ( -0.1950832937323844218, -0.9807866783896098672, 0.000000000000000000 ) ) ;
#2106 = FACE_OUTER_BOUND ( 'NONE', #298, .T. ) ;
#2107 = DIRECTION ( 'NONE',  ( 0.5000000000000002220, 2.705321355174408568E-15, 0.8660254037844384856 ) ) ;
#2108 = ORIENTED_EDGE ( 'NONE', *, *, #1072, .T. ) ;
#2109 = CARTESIAN_POINT ( 'NONE',  ( 4.263066253150151752, 1.750000000955916013, -4.263066253150152640 ) ) ;
#2110 = EDGE_CURVE ( 'NONE', #1195, #174, #1631, .T. ) ;
#2111 = CARTESIAN_POINT ( 'NONE',  ( -3.995153313703991849, 0.3187500019118313932, 3.995153313703993625 ) ) ;
#2112 = ADVANCED_FACE ( 'NONE', ( #1888 ), #558, .T. ) ;
#2113 = CARTESIAN_POINT ( 'NONE',  ( -4.263066253150150864, -1.624999999044084209, 4.263066253150152640 ) ) ;
#2114 = CARTESIAN_POINT ( 'NONE',  ( 4.142488181435561856, 0.7738560230093195491, -6.724999999999999645 ) ) ;
#2115 = AXIS2_PLACEMENT_3D ( 'NONE', #723, #2492, #504 ) ;
#2116 = CARTESIAN_POINT ( 'NONE',  ( 1.037888162277381603E-15, -2.587499998088169217, 5.649999999999999467 ) ) ;
#2117 = CARTESIAN_POINT ( 'NONE',  ( -4.281157724185765900, -0.6817730229550398313, 3.792800543497215404 ) ) ;
#2118 = CARTESIAN_POINT ( 'NONE',  ( -3.752776749732565698, -0.7738560230093197712, 6.999999999999999112 ) ) ;
#2119 = CARTESIAN_POINT ( 'NONE',  ( -3.459627207591272669E-16, 1.312500000000000222, -5.649999999999999467 ) ) ;
#2120 = CARTESIAN_POINT ( 'NONE',  ( 1.107488412014558138E-15, 0.6312500009559155467, 6.028886112499999506 ) ) ;
#2121 = AXIS2_PLACEMENT_3D ( 'NONE', #2392, #2627, #1967 ) ;
#2122 = ORIENTED_EDGE ( 'NONE', *, *, #909, .F. ) ;
#2123 = DIRECTION ( 'NONE',  ( 8.659560562355025303E-17, 0.7071067811865398012, -0.7071067811865551223 ) ) ;
#2124 = CIRCLE ( 'NONE', #1766, 6.270710678118681436 ) ;
#2125 = DIRECTION ( 'NONE',  ( 0.8660254037844385966, 0.000000000000000000, -0.5000000000000001110 ) ) ;
#2126 = FILL_AREA_STYLE ('',( #1702 ) ) ;
#2127 =( BOUNDED_SURFACE ( )  B_SPLINE_SURFACE ( 3, 2, ( 
 ( #824, #600, #2172 ),
 ( #147, #2159, #1931 ),
 ( #2796, #836, #1523 ),
 ( #2384, #383, #1734 ),
 ( #2604, #615, #2780 ),
 ( #177, #1505, #1687 ) ),
 .UNSPECIFIED., .F., .F., .F. ) 
 B_SPLINE_SURFACE_WITH_KNOTS ( ( 4, 2, 4 ),
 ( 3, 3 ),
 ( -2.710505431213761085E-20, 0.0002359440298829044492, 0.0004718880597658088984 ),
 ( 0.000000000000000000, 1.000000000000000000 ),
 .UNSPECIFIED. ) 
 GEOMETRIC_REPRESENTATION_ITEM ( )  RATIONAL_B_SPLINE_SURFACE ( (
 ( 1.000000000000000000, 0.8184713421158634761, 1.000000000000000000),
 ( 1.000000000000000000, 0.8281713033094769694, 1.000000000000000000),
 ( 1.000000000000000000, 0.8333394354239048729, 1.000000000000000000),
 ( 1.000000000000000000, 0.8333656076811027935, 1.000000000000000000),
 ( 1.000000000000000000, 0.8282338511423420480, 1.000000000000000000),
 ( 1.000000000000000000, 0.8184713421158644753, 1.000000000000000000) ) ) 
 REPRESENTATION_ITEM ( '' )  SURFACE ( )  );
#2128 = CARTESIAN_POINT ( 'NONE',  ( 7.938566201357355467, -0.7738560230093215475, -0.2499999999999973077 ) ) ;
#2129 = ORIENTED_EDGE ( 'NONE', *, *, #2416, .F. ) ;
#2130 = CARTESIAN_POINT ( 'NONE',  ( -6.028886112499999506, 1.984375000955916013, -2.497246393800304887 ) ) ;
#2131 = CARTESIAN_POINT ( 'NONE',  ( 0.000000000000000000, 0.000000000000000000, 0.000000000000000000 ) ) ;
#2132 = CARTESIAN_POINT ( 'NONE',  ( 7.941989796799278523, 0.8082804653835368169, 0.2440701587500345993 ) ) ;
#2133 = PRODUCT_RELATED_PRODUCT_CATEGORY ( 'part', '', ( #2256 ) ) ;
#2134 = DIRECTION ( 'NONE',  ( 0.8660254037844437036, 0.000000000000000000, -0.4999999999999913403 ) ) ;
#2135 = ADVANCED_FACE ( 'NONE', ( #2824 ), #2102, .F. ) ;
#2136 = CARTESIAN_POINT ( 'NONE',  ( -3.839575644778943087, -0.8045375713929395767, -6.966989495421405998 ) ) ;
#2137 = CARTESIAN_POINT ( 'NONE',  ( 7.953610879967378366, -0.8044448143618703195, -0.1579209308893851638 ) ) ;
#2138 = CARTESIAN_POINT ( 'NONE',  ( 4.056059642573734969, -0.7959416568390169644, -6.866908949900205172 ) ) ;
#2139 = CARTESIAN_POINT ( 'NONE',  ( 4.263066253150152640, 1.475000000955915658, 4.263066253150151752 ) ) ;
#2140 = AXIS2_PLACEMENT_3D ( 'NONE', #795, #2561, #1476 ) ;
#2141 = VERTEX_POINT ( 'NONE', #2774 ) ;
#2142 = DIRECTION ( 'NONE',  ( -0.000000000000000000, -0.000000000000000000, -1.000000000000000000 ) ) ;
#2143 = CARTESIAN_POINT ( 'NONE',  ( 0.000000000000000000, 1.250000000000000000, 0.000000000000000000 ) ) ;
#2144 = ORIENTED_EDGE ( 'NONE', *, *, #1942, .T. ) ;
#2145 = CARTESIAN_POINT ( 'NONE',  ( -7.975001146223325676, -0.7959202560010323335, -4.689905090275211299E-14 ) ) ;
#2146 = VECTOR ( 'NONE', #453, 1000.000000000000000 ) ;
#2147 = CARTESIAN_POINT ( 'NONE',  ( 0.7644444758628794467, -0.6992628386682430142, -5.699262838668256670 ) ) ;
#2148 = CARTESIAN_POINT ( 'NONE',  ( -3.838811857374350378, 0.7584545103086557383, 6.999999999999998224 ) ) ;
#2149 = CARTESIAN_POINT ( 'NONE',  ( 2.497246393800304887, -1.203124999044084431, -6.028886112499999506 ) ) ;
#2150 = CARTESIAN_POINT ( 'NONE',  ( 3.995153313703993625, -2.493749998088168773, 3.995153313703992737 ) ) ;
#2151 = EDGE_CURVE ( 'NONE', #2322, #696, #2825, .T. ) ;
#2152 = DIRECTION ( 'NONE',  ( -0.8660254037844383745, 0.000000000000000000, 0.5000000000000004441 ) ) ;
#2153 = CARTESIAN_POINT ( 'NONE',  ( 4.139933223169246723, -0.7922304210780597433, -6.827096513878186279 ) ) ;
#2154 = CARTESIAN_POINT ( 'NONE',  ( -3.761950552233683354, -0.8199775699195046563, -6.966989533786493993 ) ) ;
#2155 = DIRECTION ( 'NONE',  ( -0.000000000000000000, -0.000000000000000000, -1.000000000000000000 ) ) ;
#2156 = EDGE_LOOP ( 'NONE', ( #763, #2463, #834, #897 ) ) ;
#2157 = AXIS2_PLACEMENT_3D ( 'NONE', #496, #2713, #754 ) ;
#2158 = CARTESIAN_POINT ( 'NONE',  ( 0.000000000000000000, 0.6499999999999855893, 0.000000000000000000 ) ) ;
#2159 = CARTESIAN_POINT ( 'NONE',  ( -7.982405626691216227, -0.7922304210785277023, -0.1717390842964940656 ) ) ;
#2160 = EDGE_LOOP ( 'NONE', ( #1957, #292 ) ) ;
#2161 = CARTESIAN_POINT ( 'NONE',  ( -6.028886112499999506, 1.234375000955915791, -2.497246393800304887 ) ) ;
#2162 = DIRECTION ( 'NONE',  ( -1.000000000000000000, 0.000000000000000000, -2.146163712481656393E-16 ) ) ;
#2163 = CARTESIAN_POINT ( 'NONE',  ( -3.752776749732564809, 0.7738560230093162184, 6.999999999999998224 ) ) ;
#2164 = CARTESIAN_POINT ( 'NONE',  ( 4.263066253150152640, 0.06250000095591595750, 4.263066253150151752 ) ) ;
#2165 = CARTESIAN_POINT ( 'NONE',  ( -3.995153313703993625, -2.118749998088168773, -3.995153313703993625 ) ) ;
#2166 = CYLINDRICAL_SURFACE ( 'NONE', #454, 0.5000000000000004441 ) ;
#2167 = CARTESIAN_POINT ( 'NONE',  ( 1.037888162277381603E-15, -0.3374999980881687733, 5.649999999999999467 ) ) ;
#2168 = CARTESIAN_POINT ( 'NONE',  ( 2.497246393800304887, 0.2093750009559156022, -6.028886112499999506 ) ) ;
#2169 = DIRECTION ( 'NONE',  ( 0.000000000000000000, 0.000000000000000000, -1.000000000000000000 ) ) ;
#2170 = CIRCLE ( 'NONE', #1852, 19.28381708273945705 ) ;
#2171 = ADVANCED_FACE ( 'NONE', ( #1913 ), #229, .T. ) ;
#2172 = CARTESIAN_POINT ( 'NONE',  ( -7.938566201357353691, -0.7738560230093158854, -0.2500000000000034417 ) ) ;
#2173 = VERTEX_POINT ( 'NONE', #1936 ) ;
#2174 = APPLICATION_PROTOCOL_DEFINITION ( 'draft international standard', 'automotive_design', 1998, #1324 ) ;
#2175 = CARTESIAN_POINT ( 'NONE',  ( -6.028886112499999506, 0.3968750009559155467, -2.497246393800304887 ) ) ;
#2176 = DIRECTION ( 'NONE',  ( -0.8660254037844439257, 0.000000000000000000, 0.4999999999999908962 ) ) ;
#2177 = CARTESIAN_POINT ( 'NONE',  ( 4.041451884327380562, 1.250000000000000000, 7.000000000000000888 ) ) ;
#2178 = CARTESIAN_POINT ( 'NONE',  ( -3.995153313703991849, 0.09375000000000008327, 3.995153313703993625 ) ) ;
#2179 = CARTESIAN_POINT ( 'NONE',  ( 6.028886112499999506, -0.6812499990440845643, -7.383256080097054254E-16 ) ) ;
#2180 = ORIENTED_EDGE ( 'NONE', *, *, #678, .T. ) ;
#2181 = CARTESIAN_POINT ( 'NONE',  ( 3.651562617886794371, 1.020631461491598557, -4.830512056328676529 ) ) ;
#2182 = DIRECTION ( 'NONE',  ( -0.000000000000000000, -1.000000000000000000, -0.000000000000000000 ) ) ;
#2183 = CARTESIAN_POINT ( 'NONE',  ( 3.761950552233682910, -0.8199775699194994383, 6.966989533786494881 ) ) ;
#2184 = EDGE_LOOP ( 'NONE', ( #1168, #542, #204, #598 ) ) ;
#2185 = CARTESIAN_POINT ( 'NONE',  ( -6.028886112499999506, -1.718749999044083987, 0.000000000000000000 ) ) ;
#2186 = EDGE_CURVE ( 'NONE', #93, #2743, #691, .T. ) ;
#2187 = DIRECTION ( 'NONE',  ( -1.000000000000000000, 0.000000000000000000, -2.254434462645341131E-16 ) ) ;
#2188 = CARTESIAN_POINT ( 'NONE',  ( -5.876247408719872389, -0.8739034011861022133, 0.2784350308296102416 ) ) ;
#2189 = ORIENTED_EDGE ( 'NONE', *, *, #391, .F. ) ;
#2190 = CARTESIAN_POINT ( 'NONE',  ( -5.649999999999999467, -0.7499999999999997780, 0.000000000000000000 ) ) ;
#2191 = CARTESIAN_POINT ( 'NONE',  ( -4.113410001631614854, -0.8043815759689748601, -6.809343952385058074 ) ) ;
#2192 = B_SPLINE_CURVE_WITH_KNOTS ( 'NONE', 3,
 ( #1690, #1721, #992, #368, #1919, #1479 ),
 .UNSPECIFIED., .F., .F.,
 ( 4, 2, 4 ),
 ( 1.084202172485504434E-19, 0.0002618488026665105324, 0.0005236976053330209564 ),
 .UNSPECIFIED. ) ;
#2193 = CARTESIAN_POINT ( 'NONE',  ( -2.497246393800305331, -0.4468749990440842867, -6.028886112499999506 ) ) ;
#2194 = EDGE_LOOP ( 'NONE', ( #1207, #1503, #2052, #1612 ) ) ;
#2195 = CARTESIAN_POINT ( 'NONE',  ( -1.159323919943110015, 1.028886112499977301, -5.916370154591673369 ) ) ;
#2196 = CARTESIAN_POINT ( 'NONE',  ( 4.142239373815415959, 0.7582638386379475515, -6.825430947439403262 ) ) ;
#2197 = VECTOR ( 'NONE', #72, 1000.000000000000000 ) ;
#2198 = PLANE ( 'NONE',  #779 ) ;
#2199 = ORIENTED_EDGE ( 'NONE', *, *, #1909, .F. ) ;
#2200 = CARTESIAN_POINT ( 'NONE',  ( -6.028886112499997729, -0.9218749990440839870, 2.497246393800309328 ) ) ;
#2201 = ORIENTED_EDGE ( 'NONE', *, *, #2789, .T. ) ;
#2203 = EDGE_CURVE ( 'NONE', #428, #1002, #609, .T. ) ;
#2202 = CARTESIAN_POINT ( 'NONE',  ( -4.142771897803910974, -0.7584545103087106943, 6.824508588835080047 ) ) ;
#2204 =( BOUNDED_SURFACE ( )  B_SPLINE_SURFACE ( 3, 2, ( 
 ( #1971, #1757, #2632 ),
 ( #649, #1535, #1774 ),
 ( #703, #918, #485 ),
 ( #2690, #1830, #21 ),
 ( #1593, #2473, #1565 ),
 ( #1340, #1310, #2211 ) ),
 .UNSPECIFIED., .F., .F., .T. ) 
 B_SPLINE_SURFACE_WITH_KNOTS ( ( 4, 2, 4 ),
 ( 3, 3 ),
 ( -4.607859233063393845E-19, 0.0002359440298829048829, 0.0004718880597658102537 ),
 ( 0.000000000000000000, 1.000000000000000000 ),
 .UNSPECIFIED. ) 
 GEOMETRIC_REPRESENTATION_ITEM ( )  RATIONAL_B_SPLINE_SURFACE ( (
 ( 1.000000000000000000, 0.8184713421158634761, 1.000000000000000000),
 ( 1.000000000000000000, 0.8281713033095799981, 1.000000000000000000),
 ( 1.000000000000000000, 0.8333394354237628754, 1.000000000000000000),
 ( 1.000000000000000000, 0.8333656076812405722, 1.000000000000000000),
 ( 1.000000000000000000, 0.8282338511422371319, 1.000000000000000000),
 ( 1.000000000000000000, 0.8184713421158633651, 1.000000000000000000) ) ) 
 REPRESENTATION_ITEM ( '' )  SURFACE ( )  );
#2205 = CARTESIAN_POINT ( 'NONE',  ( 3.737549933205380093, 1.013950222076705154, -4.788582573094926076 ) ) ;
#2206 = EDGE_CURVE ( 'NONE', #2065, #1570, #1946, .T. ) ;
#2207 = CARTESIAN_POINT ( 'NONE',  ( -2.340306627407987339, -0.1406249999999996947, -5.649999999999999467 ) ) ;
#2208 = CARTESIAN_POINT ( 'NONE',  ( -6.028886112499997729, -1.009374999044084342, 2.497246393800309328 ) ) ;
#2209 = ORIENTED_EDGE ( 'NONE', *, *, #30, .F. ) ;
#2210 = CARTESIAN_POINT ( 'NONE',  ( -8.673617379884035472E-16, 1.199999999999999734, 0.000000000000000000 ) ) ;
#2211 = CARTESIAN_POINT ( 'NONE',  ( 4.185789451624783553, 0.7738560230093202152, -6.750000000000000888 ) ) ;
#2212 = AXIS2_PLACEMENT_3D ( 'NONE', #2682, #2019, #16 ) ;
#2213 = CARTESIAN_POINT ( 'NONE',  ( -2.497246393800305331, 0.3031250009559157688, -6.028886112499999506 ) ) ;
#2214 = ORIENTED_EDGE ( 'NONE', *, *, #1609, .F. ) ;
#2215 = CARTESIAN_POINT ( 'NONE',  ( -5.608446733407214779, -0.8111164001124960832, 1.555312889990366321 ) ) ;
#2216 = ORIENTED_EDGE ( 'NONE', *, *, #2711, .F. ) ;
#2217 = CARTESIAN_POINT ( 'NONE',  ( -2.376919621684324468, -0.6567594761807693526, -5.139089865922467304 ) ) ;
#2218 = TOROIDAL_SURFACE ( 'NONE', #2121, 19.23679202833525892, 0.05000000000000000278 ) ;
#2219 = CARTESIAN_POINT ( 'NONE',  ( 4.152614648042564305, -0.8199775699194988832, 6.741439512908518061 ) ) ;
#2220 = CARTESIAN_POINT ( 'NONE',  ( -4.152614648042566969, -0.8199775699195046563, -6.741439512908514509 ) ) ;
#2221 = CARTESIAN_POINT ( 'NONE',  ( 4.185789451624787105, -0.7738560230093193271, 6.750000000000000888 ) ) ;
#2222 = EDGE_CURVE ( 'NONE', #334, #2002, #669, .T. ) ;
#2223 = CARTESIAN_POINT ( 'NONE',  ( 5.649999999999999467, -0.3749999999999998890, -6.919254415182545337E-16 ) ) ;
#2224 = CARTESIAN_POINT ( 'NONE',  ( -5.649999999999999467, 1.678125001911831227, -2.340306627407986895 ) ) ;
#2225 = VERTEX_POINT ( 'NONE', #1274 ) ;
#2226 = CARTESIAN_POINT ( 'NONE',  ( 2.210079843031487634, 0.8614675113851335553, 5.438331740850922635 ) ) ;
#2227 = CARTESIAN_POINT ( 'NONE',  ( -6.808064006308499394, 1.247163271729610168, 0.000000000000000000 ) ) ;
#2228 = CARTESIAN_POINT ( 'NONE',  ( 4.263066253150151752, -0.5874999990440844533, -4.263066253150152640 ) ) ;
#2229 = VERTEX_POINT ( 'NONE', #2347 ) ;
#2230 = CARTESIAN_POINT ( 'NONE',  ( -2.497246393800307107, 0.5843750009559155467, 6.028886112499998617 ) ) ;
#2231 = ORIENTED_EDGE ( 'NONE', *, *, #940, .T. ) ;
#2232 = CARTESIAN_POINT ( 'NONE',  ( -3.752776749732569694, -0.7738560230093202152, 6.999999999999999112 ) ) ;
#2233 = CARTESIAN_POINT ( 'NONE',  ( 4.139682221603664836, -0.7921354493317641632, 6.827517576021638668 ) ) ;
#2234 = CARTESIAN_POINT ( 'NONE',  ( -4.263066253150152640, -0.3124999990440839315, -4.263066253150152640 ) ) ;
#2235 = CARTESIAN_POINT ( 'NONE',  ( 2.340306627407990003, 0.9843750000000002220, 5.649999999999998579 ) ) ;
#2236 = CARTESIAN_POINT ( 'NONE',  ( -2.497246393800305331, -1.946874999044084564, -6.028886112499999506 ) ) ;
#2237 = ADVANCED_FACE ( 'NONE', ( #2541 ), #1262, .F. ) ;
#2238 = CARTESIAN_POINT ( 'NONE',  ( 3.100142558550492922, 1.028886112499770800, -5.170743067892516365 ) ) ;
#2239 = CARTESIAN_POINT ( 'NONE',  ( 5.649999999999998579, 0.6240149106827505010, -1.198981336601178338 ) ) ;
#2240 =( NAMED_UNIT ( * ) PLANE_ANGLE_UNIT ( ) SI_UNIT ( $, .RADIAN. ) );
#2241 = CARTESIAN_POINT ( 'NONE',  ( -2.497246393800306663, 0.5843750009559155467, 6.028886112499998617 ) ) ;
#2242 = ORIENTED_EDGE ( 'NONE', *, *, #1572, .F. ) ;
#2243 = CARTESIAN_POINT ( 'NONE',  ( 3.761950552233682910, 0.8199775699194987721, 6.966989533786494881 ) ) ;
#2244 = CIRCLE ( 'NONE', #900, 0.05000000000000036360 ) ;
#2245 = CARTESIAN_POINT ( 'NONE',  ( 2.497246393800309328, -0.07187499904408441165, 6.028886112499997729 ) ) ;
#2246 = ORIENTED_EDGE ( 'NONE', *, *, #1772, .F. ) ;
#2247 = LINE ( 'NONE', #951, #447 ) ;
#2248 = CARTESIAN_POINT ( 'NONE',  ( -6.028886112499999506, -0.9977168761741003200, -1.543198494988580860 ) ) ;
#2249 = CARTESIAN_POINT ( 'NONE',  ( -2.497246393800305331, -0.3593749990440839870, -6.028886112499999506 ) ) ;
#2250 = CARTESIAN_POINT ( 'NONE',  ( 5.649999999999999467, -1.649999998088168551, -6.919254415182545337E-16 ) ) ;
#2251 = CYLINDRICAL_SURFACE ( 'NONE', #269, 5.649999999999999467 ) ;
#2252 = CARTESIAN_POINT ( 'NONE',  ( -4.078157140494599986, -0.7498365998540343913, -6.889558729919966318 ) ) ;
#2253 = FACE_OUTER_BOUND ( 'NONE', #2517, .T. ) ;
#2254 = LINE ( 'NONE', #1607, #592 ) ;
#2255 = ORIENTED_EDGE ( 'NONE', *, *, #1174, .F. ) ;
#2256 = PRODUCT ( 'M12 NUT FOR FOOTSWITCH', 'M12 NUT FOR FOOTSWITCH', '', ( #1286 ) ) ;
#2257 = ADVANCED_FACE ( 'NONE', ( #548 ), #308, .T. ) ;
#2258 = CARTESIAN_POINT ( 'NONE',  ( 6.028886112499999506, 0.06875000095591569937, -7.383256080097054254E-16 ) ) ;
#2259 = ORIENTED_EDGE ( 'NONE', *, *, #1374, .T. ) ;
#2260 = CARTESIAN_POINT ( 'NONE',  ( 7.277681186353970825E-16, 0.6499999999999855893, -5.649999999999999467 ) ) ;
#2261 = LINE ( 'NONE', #968, #196 ) ;
#2262 = VECTOR ( 'NONE', #2653, 1000.000000000000000 ) ;
#2263 = CARTESIAN_POINT ( 'NONE',  ( -2.497246393800305331, 1.890625000955916013, -6.028886112499999506 ) ) ;
#2264 = CARTESIAN_POINT ( 'NONE',  ( -3.995153313703993625, -1.368749998088168773, -3.995153313703993625 ) ) ;
#2265 = CARTESIAN_POINT ( 'NONE',  ( 7.941989796799279411, -0.8082804653835364839, 0.2440701587500345437 ) ) ;
#2266 = CARTESIAN_POINT ( 'NONE',  ( -4.142488181435562744, -0.7738560230093214365, 6.724999999999999645 ) ) ;
#2267 = DIRECTION ( 'NONE',  ( 0.8660254037844385966, -0.000000000000000000, 0.5000000000000001110 ) ) ;
#2268 = ORIENTED_EDGE ( 'NONE', *, *, #411, .F. ) ;
#2269 = CARTESIAN_POINT ( 'NONE',  ( -6.028886112499997729, 1.240625000955915658, 2.497246393800309328 ) ) ;
#2270 = CARTESIAN_POINT ( 'NONE',  ( 3.919472604375466407, 0.7958989382166232751, 6.945891353863197004 ) ) ;
#2271 = VERTEX_POINT ( 'NONE', #1677 ) ;
#2272 = DIRECTION ( 'NONE',  ( 1.000000000000000000, 0.000000000000000000, -0.000000000000000000 ) ) ;
#2273 = EDGE_CURVE ( 'NONE', #1914, #2645, #2853, .T. ) ;
#2274 = CARTESIAN_POINT ( 'NONE',  ( -2.497246393800306663, -0.07812499904408416740, 6.028886112499998617 ) ) ;
#2275 = AXIS2_PLACEMENT_3D ( 'NONE', #1346, #2418, #653 ) ;
#2276 = EDGE_CURVE ( 'NONE', #421, #743, #1648, .T. ) ;
#2277 = CARTESIAN_POINT ( 'NONE',  ( 6.028886112499999506, 1.656250000955916013, -7.383256080097054254E-16 ) ) ;
#2278 = CARTESIAN_POINT ( 'NONE',  ( 1.037888162277381603E-15, 0.4125000019118312822, 5.649999999999999467 ) ) ;
#2279 = CARTESIAN_POINT ( 'NONE',  ( 7.938566201357355467, 1.250000000000000000, -0.2499999999999973077 ) ) ;
#2280 = DIRECTION ( 'NONE',  ( -0.4903933391948026022, -0.1950832937323903060, -0.8493861791787603588 ) ) ;
#2281 = DIRECTION ( 'NONE',  ( 0.000000000000000000, -1.000000000000000000, 0.000000000000000000 ) ) ;
#2282 = EDGE_LOOP ( 'NONE', ( #1251, #907, #2446, #1598 ) ) ;
#2283 = CARTESIAN_POINT ( 'NONE',  ( 2.497246393800309328, -2.321874999044084564, 6.028886112499997729 ) ) ;
#2284 = ORIENTED_EDGE ( 'NONE', *, *, #748, .F. ) ;
#2285 = DIRECTION ( 'NONE',  ( 0.5000000000000002220, 0.000000000000000000, 0.8660254037844384856 ) ) ;
#2286 = EDGE_CURVE ( 'NONE', #1002, #2141, #2020, .T. ) ;
#2287 = CARTESIAN_POINT ( 'NONE',  ( -4.263066253150150864, -0.8749999990440839870, 4.263066253150152640 ) ) ;
#2288 = ADVANCED_FACE ( 'NONE', ( #184 ), #2613, .F. ) ;
#2289 = AXIS2_PLACEMENT_3D ( 'NONE', #842, #403, #1978 ) ;
#2290 = CARTESIAN_POINT ( 'NONE',  ( -4.263066253150152640, 0.4375000009559158465, -4.263066253150152640 ) ) ;
#2291 = EDGE_CURVE ( 'NONE', #1192, #2459, #2390, .T. ) ;
#2292 = CARTESIAN_POINT ( 'NONE',  ( 1.037888162277381603E-15, -1.837499998088168773, 5.649999999999999467 ) ) ;
#2293 = CYLINDRICAL_SURFACE ( 'NONE', #1528, 0.5000000000000000000 ) ;
#2294 = PLANE ( 'NONE',  #2663 ) ;
#2295 = ORIENTED_EDGE ( 'NONE', *, *, #2594, .T. ) ;
#2296 = DIRECTION ( 'NONE',  ( 0.8660254037844384856, -0.000000000000000000, -0.5000000000000003331 ) ) ;
#2297 = CARTESIAN_POINT ( 'NONE',  ( -6.073399712160348685, -1.028886112499977967, -0.07560257802910493041 ) ) ;
#2298 = ORIENTED_EDGE ( 'NONE', *, *, #1203, .F. ) ;
#2299 = CARTESIAN_POINT ( 'NONE',  ( -8.673617379884035472E-16, 1.199999999999999734, 0.000000000000000000 ) ) ;
#2300 = CARTESIAN_POINT ( 'NONE',  ( 3.537544349892849382, -0.8782856156642337986, 4.709928229680526712 ) ) ;
#2301 = CIRCLE ( 'NONE', #1058, 0.04999999999999969746 ) ;
#2302 = CARTESIAN_POINT ( 'NONE',  ( 6.028886112500001282, 1.609375000955916013, 2.497246393800303998 ) ) ;
#2303 = CARTESIAN_POINT ( 'NONE',  ( -5.649999999999998579, -1.978124998088168995, 2.340306627407990891 ) ) ;
#2304 = CONICAL_SURFACE ( 'NONE', #828, 5.000000000000000000, 0.7853981633974590482 ) ;
#2305 = EDGE_CURVE ( 'NONE', #2323, #1568, #330, .T. ) ;
#2306 = DIRECTION ( 'NONE',  ( 0.000000000000000000, 0.000000000000000000, -1.000000000000000000 ) ) ;
#2307 = DIRECTION ( 'NONE',  ( -0.000000000000000000, -1.000000000000000000, -0.000000000000000000 ) ) ;
#2308 = DIRECTION ( 'NONE',  ( 0.5000000000000001110, 0.000000000000000000, -0.8660254037844385966 ) ) ;
#2309 = ORIENTED_EDGE ( 'NONE', *, *, #2317, .F. ) ;
#2310 = CARTESIAN_POINT ( 'NONE',  ( 6.808064006308497618, 1.247163271729610168, -9.057718017087222171E-16 ) ) ;
#2311 = CARTESIAN_POINT ( 'NONE',  ( 3.840041902044168509, 0.8044448143617775049, 6.966989539313012791 ) ) ;
#2312 = ORIENTED_EDGE ( 'NONE', *, *, #519, .T. ) ;
#2313 = CARTESIAN_POINT ( 'NONE',  ( -4.263066253150152640, 1.937500000955915791, -4.263066253150152640 ) ) ;
#2314 = CARTESIAN_POINT ( 'NONE',  ( 0.3826667169973008709, -0.9227321046374759028, 5.922732104637495887 ) ) ;
#2315 = CARTESIAN_POINT ( 'NONE',  ( 1.107488412014558138E-15, -0.7812499990440838760, 6.028886112499999506 ) ) ;
#2316 = CARTESIAN_POINT ( 'NONE',  ( -3.918887774801357082, -0.7959416568390191848, -6.946105164683824995 ) ) ;
#2317 = EDGE_CURVE ( 'NONE', #2884, #1835, #1189, .T. ) ;
#2318 = CARTESIAN_POINT ( 'NONE',  ( 7.941989796799278523, -0.8082804653835369280, -0.2440701587500255787 ) ) ;
#2319 = CARTESIAN_POINT ( 'NONE',  ( 5.649999999999999467, 1.875000000000000444, -6.919254415182545337E-16 ) ) ;
#2320 = CARTESIAN_POINT ( 'NONE',  ( 1.085695505878961242, 1.028886112499976857, -5.955064191154297859 ) ) ;
#2321 = ADVANCED_FACE ( 'NONE', ( #1592 ), #486, .T. ) ;
#2322 = VERTEX_POINT ( 'NONE', #36 ) ;
#2323 = VERTEX_POINT ( 'NONE', #1829 ) ;
#2324 = CARTESIAN_POINT ( 'NONE',  ( 3.752776749732567918, 0.7738560230093187720, 7.000000000000000888 ) ) ;
#2325 = CARTESIAN_POINT ( 'NONE',  ( -4.263066253150152640, -1.149999999044084564, -4.263066253150152640 ) ) ;
#2326 = EDGE_LOOP ( 'NONE', ( #687, #937, #2651, #2103 ) ) ;
#2327 = CARTESIAN_POINT ( 'NONE',  ( -6.028886112499999506, -0.2187499990440842923, 0.000000000000000000 ) ) ;
#2328 = DIRECTION ( 'NONE',  ( 0.5000000000000002220, 0.000000000000000000, 0.8660254037844384856 ) ) ;
#2329 = CARTESIAN_POINT ( 'NONE',  ( -4.263066253150152640, -1.062499999044084209, -4.263066253150152640 ) ) ;
#2330 = AXIS2_PLACEMENT_3D ( 'NONE', #1481, #2576, #2563 ) ;
#2331 = DIRECTION ( 'NONE',  ( -0.1950832937323927763, -0.9807866783896082019, 0.000000000000000000 ) ) ;
#2332 = CARTESIAN_POINT ( 'NONE',  ( -4.714918330459171969, -0.7131193461853821969, 3.292209562491313690 ) ) ;
#2333 = CARTESIAN_POINT ( 'NONE',  ( -3.459627207591272669E-16, -0.1874999999999997224, -5.649999999999999467 ) ) ;
#2334 = B_SPLINE_CURVE_WITH_KNOTS ( 'NONE', 3,
 ( #734, #1872, #555, #310 ),
 .UNSPECIFIED., .F., .F.,
 ( 4, 4 ),
 ( 0.000000000000000000, 0.0002392131686292639286 ),
 .UNSPECIFIED. ) ;
#2335 = CARTESIAN_POINT ( 'NONE',  ( -2.340306627407987339, 2.109375000000000000, -5.649999999999999467 ) ) ;
#2336 = CARTESIAN_POINT ( 'NONE',  ( 6.028886112499999506, 1.568750000955915658, -7.383256080097054254E-16 ) ) ;
#2337 = VERTEX_POINT ( 'NONE', #510 ) ;
#2338 = DIRECTION ( 'NONE',  ( 0.000000000000000000, 0.000000000000000000, -1.000000000000000000 ) ) ;
#2339 = CARTESIAN_POINT ( 'NONE',  ( -2.497246393800305331, -1.946874999044084564, -6.028886112499999506 ) ) ;
#2340 = CARTESIAN_POINT ( 'NONE',  ( 8.005495326742181561, -0.7498782287194685203, 0.08767309785904232877 ) ) ;
#2341 = EDGE_LOOP ( 'NONE', ( #2505, #1873, #2108, #1803 ) ) ;
#2342 = CARTESIAN_POINT ( 'NONE',  ( 6.028886112499999506, -0.5937499990440842090, -7.383256080097054254E-16 ) ) ;
#2343 = EDGE_CURVE ( 'NONE', #696, #2322, #247, .T. ) ;
#2344 = CARTESIAN_POINT ( 'NONE',  ( 5.768467585140136578, -0.8193304052087195810, 0.8575708239478128103 ) ) ;
#2345 = CARTESIAN_POINT ( 'NONE',  ( 6.028886112500001282, -2.140624999044084209, 2.497246393800303998 ) ) ;
#2346 = AXIS2_PLACEMENT_3D ( 'NONE', #1461, #1885, #1419 ) ;
#2347 = CARTESIAN_POINT ( 'NONE',  ( 7.914565200276248547, -0.8199775699195031020, -0.2255500208779767368 ) ) ;
#2348 = FACE_OUTER_BOUND ( 'NONE', #722, .T. ) ;
#2349 = CARTESIAN_POINT ( 'NONE',  ( -3.752776749732565698, 0.7738560230093195491, 6.999999999999999112 ) ) ;
#2350 = CARTESIAN_POINT ( 'NONE',  ( 6.028886112500001282, 1.521875000955915658, 2.497246393800303998 ) ) ;
#2351 = AXIS2_PLACEMENT_3D ( 'NONE', #1459, #1252, #2338 ) ;
#2352 = VERTEX_POINT ( 'NONE', #1202 ) ;
#2353 = CARTESIAN_POINT ( 'NONE',  ( 7.914565200276248547, 0.8199775699195034351, -0.2255500208779771809 ) ) ;
#2354 = CARTESIAN_POINT ( 'NONE',  ( -8.082903768654761123, 1.250000000000000000, -9.531350597652945976E-16 ) ) ;
#2355 = DIRECTION ( 'NONE',  ( -1.000000000000000000, 0.000000000000000000, 0.000000000000000000 ) ) ;
#2356 = CARTESIAN_POINT ( 'NONE',  ( -0.5851219701405205864, 1.017233135186654591, -6.028886112499999506 ) ) ;
#2357 = ORIENTED_EDGE ( 'NONE', *, *, #1661, .F. ) ;
#2358 = CARTESIAN_POINT ( 'NONE',  ( -4.263066253150152640, 1.187500000955916013, -4.263066253150152640 ) ) ;
#2359 = CARTESIAN_POINT ( 'NONE',  ( -5.649999999999999467, 0.1781250019118312822, -2.340306627407986895 ) ) ;
#2360 = UNCERTAINTY_MEASURE_WITH_UNIT (LENGTH_MEASURE( 1.000000000000000082E-05 ), #1495, 'distance_accuracy_value', 'NONE');
#2361 = ADVANCED_FACE ( 'NONE', ( #1179 ), #2294, .F. ) ;
#2362 = CARTESIAN_POINT ( 'NONE',  ( 4.263066253150152640, -2.187499999044084209, 4.263066253150151752 ) ) ;
#2363 = DIRECTION ( 'NONE',  ( 0.000000000000000000, 0.000000000000000000, 1.000000000000000000 ) ) ;
#2364 = CARTESIAN_POINT ( 'NONE',  ( 4.055582066881595615, -0.7958989338336381891, 6.867308531033652130 ) ) ;
#2365 = CARTESIAN_POINT ( 'NONE',  ( -6.028886112499997729, 0.4906250009559156577, 2.497246393800309328 ) ) ;
#2366 = ORIENTED_EDGE ( 'NONE', *, *, #909, .T. ) ;
#2367 = CARTESIAN_POINT ( 'NONE',  ( -2.161452500861522186, 0.6057926543861049673, -5.649999999999999467 ) ) ;
#2368 = CARTESIAN_POINT ( 'NONE',  ( -2.358945518163154955E-15, -18.09333333333334082, 6.950000000000000178 ) ) ;
#2369 = CARTESIAN_POINT ( 'NONE',  ( 0.000000000000000000, 18.09333333333334082, 0.000000000000000000 ) ) ;
#2370 = VERTEX_POINT ( 'NONE', #1371 ) ;
#2371 = CARTESIAN_POINT ( 'NONE',  ( 4.263066253150151752, 1.000000000955916013, -4.263066253150152640 ) ) ;
#2372 = AXIS2_PLACEMENT_3D ( 'NONE', #146, #2842, #861 ) ;
#2373 = CARTESIAN_POINT ( 'NONE',  ( -3.691628040048527127E-16, 1.028886112499978189, -6.028886112499999506 ) ) ;
#2374 = CARTESIAN_POINT ( 'NONE',  ( -6.028886112499997729, 0.5781250009559160130, 2.497246393800308883 ) ) ;
#2375 = CARTESIAN_POINT ( 'NONE',  ( -4.139682221603772305, -0.7921354493311419942, -6.827517576021580936 ) ) ;
#2376 = CARTESIAN_POINT ( 'NONE',  ( -3.927454310728243136, -0.7498365998540336141, 6.976567049253211472 ) ) ;
#2377 = EDGE_CURVE ( 'NONE', #219, #2668, #2834, .T. ) ;
#2378 = CIRCLE ( 'NONE', #386, 19.28381708273946060 ) ;
#2379 = CARTESIAN_POINT ( 'NONE',  ( -3.459627207591272669E-16, 2.062500000000000000, -5.649999999999999467 ) ) ;
#2380 = CARTESIAN_POINT ( 'NONE',  ( 4.263066253150151752, 0.9125000009559155467, -4.263066253150152640 ) ) ;
#2381 = ORIENTED_EDGE ( 'NONE', *, *, #61, .F. ) ;
#2382 = AXIS2_PLACEMENT_3D ( 'NONE', #1740, #1291, #1964 ) ;
#2383 = SPHERICAL_SURFACE ( 'NONE', #2740, 20.50376903021599873 ) ;
#2384 = CARTESIAN_POINT ( 'NONE',  ( -7.975054666559922012, -0.7958989382166347104, 0.07858283210527333695 ) ) ;
#2385 = ORIENTED_EDGE ( 'NONE', *, *, #2110, .F. ) ;
#2386 = CARTESIAN_POINT ( 'NONE',  ( 0.000000000000000000, -1.250000000000000000, 0.000000000000000000 ) ) ;
#2387 = CARTESIAN_POINT ( 'NONE',  ( -4.055582062184505787, 0.7958989382166145043, 6.867308521757914619 ) ) ;
#2388 = CARTESIAN_POINT ( 'NONE',  ( 6.028886112499999506, -0.6812499990440845643, -7.383256080097054254E-16 ) ) ;
#2389 = CARTESIAN_POINT ( 'NONE',  ( -8.348528994598896321E-12, 0.8322676964118645992, 5.832267696411885360 ) ) ;
#2390 = LINE ( 'NONE', #404, #1135 ) ;
#2391 = CARTESIAN_POINT ( 'NONE',  ( -5.649999999999998579, -1.453125000000000000, 2.340306627407990891 ) ) ;
#2392 = CARTESIAN_POINT ( 'NONE',  ( -6.018876556301849590, 18.09333333333334082, -3.475000000000001421 ) ) ;
#2393 = CARTESIAN_POINT ( 'NONE',  ( -6.028886112499999506, -0.3062499990440846198, 0.000000000000000000 ) ) ;
#2394 = EDGE_CURVE ( 'NONE', #1364, #187, #759, .T. ) ;
#2395 = DIRECTION ( 'NONE',  ( -1.000000000000000000, 0.000000000000000000, 0.000000000000000000 ) ) ;
#2396 = CIRCLE ( 'NONE', #2871, 6.808064006308498506 ) ;
#2397 = CARTESIAN_POINT ( 'NONE',  ( 7.914565200276248547, 0.8199775699194999934, 0.2255500208779831206 ) ) ;
#2398 = ORIENTED_EDGE ( 'NONE', *, *, #805, .F. ) ;
#2399 = CARTESIAN_POINT ( 'NONE',  ( -4.263066253150152640, 1.850000000955915658, -4.263066253150152640 ) ) ;
#2400 =( GEOMETRIC_REPRESENTATION_CONTEXT ( 3 ) GLOBAL_UNCERTAINTY_ASSIGNED_CONTEXT ( ( #151 ) ) GLOBAL_UNIT_ASSIGNED_CONTEXT ( ( #2589, #189, #1268 ) ) REPRESENTATION_CONTEXT ( 'NONE', 'WORKASPACE' ) );
#2401 = AXIS2_PLACEMENT_3D ( 'NONE', #1937, #1500, #983 ) ;
#2402 = CARTESIAN_POINT ( 'NONE',  ( -3.752776749732565698, 0.7738560230093195491, 6.949999999999999289 ) ) ;
#2403 = CARTESIAN_POINT ( 'NONE',  ( -6.062177826491070398, -18.09333333333334082, -3.500000000000000444 ) ) ;
#2404 = CARTESIAN_POINT ( 'NONE',  ( -2.497246393800306663, 0.6718750009559159020, 6.028886112499998617 ) ) ;
#2405 = CARTESIAN_POINT ( 'NONE',  ( -3.459627207591272669E-16, -0.1874999999999997224, -5.649999999999999467 ) ) ;
#2406 = CYLINDRICAL_SURFACE ( 'NONE', #25, 0.5000000000000000000 ) ;
#2407 = CARTESIAN_POINT ( 'NONE',  ( 2.497246393800304887, -1.290624999044084564, -6.028886112499999506 ) ) ;
#2408 = ORIENTED_EDGE ( 'NONE', *, *, #2625, .T. ) ;
#2409 = CARTESIAN_POINT ( 'NONE',  ( -3.691628040048527127E-16, 1.028886112499978189, -6.028886112499999506 ) ) ;
#2410 = EDGE_CURVE ( 'NONE', #2488, #187, #1651, .T. ) ;
#2411 = CIRCLE ( 'NONE', #2647, 19.23679202833525892 ) ;
#2412 = DIRECTION ( 'NONE',  ( 0.000000000000000000, 0.000000000000000000, 1.000000000000000000 ) ) ;
#2413 = CARTESIAN_POINT ( 'NONE',  ( 6.028886112500001282, 0.7718750009559156577, 2.497246393800304443 ) ) ;
#2414 = ORIENTED_EDGE ( 'NONE', *, *, #962, .T. ) ;
#2415 = CARTESIAN_POINT ( 'NONE',  ( 1.107488412014558138E-15, -0.7812499990440838760, 6.028886112499999506 ) ) ;
#2416 = EDGE_CURVE ( 'NONE', #144, #2856, #1041, .T. ) ;
#2417 = DIRECTION ( 'NONE',  ( 0.000000000000000000, -0.000000000000000000, 1.000000000000000000 ) ) ;
#2418 = DIRECTION ( 'NONE',  ( 0.8660254037844385966, 0.000000000000000000, -0.5000000000000001110 ) ) ;
#2419 = EDGE_LOOP ( 'NONE', ( #2659, #165, #635, #2763 ) ) ;
#2420 = CARTESIAN_POINT ( 'NONE',  ( -4.113802068544654134, -0.8045375713930035255, 6.808664795841175454 ) ) ;
#2421 = CARTESIAN_POINT ( 'NONE',  ( 7.895264931168132883, -0.7738560230093215475, -0.2249999999999966749 ) ) ;
#2422 = CARTESIAN_POINT ( 'NONE',  ( 4.142488181435565409, -0.7738560230093205483, 6.725000000000000533 ) ) ;
#2423 =( BOUNDED_CURVE ( )  B_SPLINE_CURVE ( 2, ( #1023, #2356, #1916, #1254, #1097, #203, #1552, #2413, #2889, #892, #2462, #2241, #1325, #455, #1112, #692, #2855, #2213, #1567, #675, #218, #1985, #2872, #2430, #423, #1791, #2664, #471, #248, #2001, #1341, #2445, #1082, #878, #233, #1818, #2228, #1582, #1126, #2015, #10, #2677, #190, #906, #1806, #1359, #1141 ),
 .UNSPECIFIED., .F., .F. ) 
 B_SPLINE_CURVE_WITH_KNOTS ( ( 3, 2, 2, 2, 2, 2, 2, 2, 2, 2, 2, 2, 2, 2, 2, 2, 2, 2, 2, 2, 2, 2, 2, 3 ),
 ( 0.2031498196650277366, 0.2083333333333333426, 0.2291666666666666574, 0.2500000000000000000, 0.2708333333333333148, 0.2916666666666666852, 0.3125000000000000000, 0.3333333333333333148, 0.3541666666666666852, 0.3750000000000000000, 0.3958333333333333148, 0.4166666666666666852, 0.4375000000000000000, 0.4583333333333333703, 0.4791666666666667407, 0.5000000000000000000, 0.5208333333333333703, 0.5416666666666666297, 0.5625000000000000000, 0.5833333333333333703, 0.6041666666666665186, 0.6250000000000000000, 0.6458333333333333703, 0.6604475779959277926 ),
 .UNSPECIFIED. ) 
 CURVE ( )  GEOMETRIC_REPRESENTATION_ITEM ( )  RATIONAL_B_SPLINE_CURVE ( ( 0.9715457264235747292, 0.9810605687840532330, 1.000000000000000000, 0.9238795325112867385, 1.000000000000000000, 0.9238795325112867385, 1.000000000000000000, 0.9238795325112867385, 1.000000000000000000, 0.9238795325112867385, 1.000000000000000000, 0.9238795325112867385, 1.000000000000000000, 0.9238795325112867385, 1.000000000000000000, 0.9238795325112867385, 1.000000000000000000, 0.9238795325112867385, 1.000000000000000000, 0.9238795325112867385, 1.000000000000000000, 0.9238795325112867385, 1.000000000000000000, 0.9238795325112867385, 1.000000000000000000, 0.9238795325112867385, 1.000000000000000000, 0.9238795325112867385, 1.000000000000000000, 0.9238795325112867385, 1.000000000000000000, 0.9238795325112867385, 1.000000000000000000, 0.9238795325112867385, 1.000000000000000000, 0.9238795325112867385, 1.000000000000000000, 0.9238795325112867385, 1.000000000000000000, 0.9238795325112867385, 1.000000000000000000, 0.9238795325112867385, 1.000000000000000000, 0.9238795325112867385, 1.000000000000000000, 0.9466027294858661012, 0.9681200934301283922 ) ) 
 REPRESENTATION_ITEM ( '' )  );
#2424 = CARTESIAN_POINT ( 'NONE',  ( 1.037888162277381603E-15, 0.9375000000000002220, 5.649999999999999467 ) ) ;
#2425 = CARTESIAN_POINT ( 'NONE',  ( -6.028886112499999506, -1.806249999044084120, 0.000000000000000000 ) ) ;
#2426 = ORIENTED_EDGE ( 'NONE', *, *, #1824, .F. ) ;
#2427 = CARTESIAN_POINT ( 'NONE',  ( 5.925135629757853017, 0.9599775084806958514, -0.7196703312926917562 ) ) ;
#2428 = LINE ( 'NONE', #436, #2146 ) ;
#2429 = TOROIDAL_SURFACE ( 'NONE', #1699, 6.791462024506332185, 0.05000000000000000278 ) ;
#2430 = CARTESIAN_POINT ( 'NONE',  ( 6.028886112500001282, 0.02187500095591566468, 2.497246393800304443 ) ) ;
#2431 = VERTEX_POINT ( 'NONE', #319 ) ;
#2432 = CARTESIAN_POINT ( 'NONE',  ( -2.497246393800307107, -0.8281249990440838760, 6.028886112499998617 ) ) ;
#2433 = ADVANCED_FACE ( 'NONE', ( #1151 ), #100, .T. ) ;
#2434 = CARTESIAN_POINT ( 'NONE',  ( -5.836470186324430820, -0.8585955051527852655, 0.6045714553669417901 ) ) ;
#2435 = ORIENTED_EDGE ( 'NONE', *, *, #1030, .F. ) ;
#2436 = CARTESIAN_POINT ( 'NONE',  ( 3.752776749732564365, 0.7738560230093208814, -6.949999999999998401 ) ) ;
#2437 = ADVANCED_FACE ( 'NONE', ( #2050 ), #1414, .T. ) ;
#2438 = CARTESIAN_POINT ( 'NONE',  ( 4.113568977923200087, -0.8044448143618562197, 6.809068608423391566 ) ) ;
#2439 = CARTESIAN_POINT ( 'NONE',  ( -4.263066253150152640, 0.4375000009559158465, -4.263066253150152640 ) ) ;
#2440 = CARTESIAN_POINT ( 'NONE',  ( -2.340306627407989115, -1.359374999999999778, 5.649999999999998579 ) ) ;
#2441 = CARTESIAN_POINT ( 'NONE',  ( -6.028886112499999506, -1.056249999044084342, 0.000000000000000000 ) ) ;
#2442 = ORIENTED_EDGE ( 'NONE', *, *, #2783, .T. ) ;
#2443 = CARTESIAN_POINT ( 'NONE',  ( 5.977801916497686108, 0.9480371430073468719, 0.2456276906283330064 ) ) ;
#2444 = CARTESIAN_POINT ( 'NONE',  ( 3.752776749732563477, -0.7738560230093199932, -6.949999999999998401 ) ) ;
#2445 = CARTESIAN_POINT ( 'NONE',  ( -6.028886112499999506, -0.3531249990440842867, -2.497246393800305331 ) ) ;
#2446 = ORIENTED_EDGE ( 'NONE', *, *, #156, .F. ) ;
#2447 = CARTESIAN_POINT ( 'NONE',  ( 4.263066253150152640, -2.187499999044084209, 4.263066253150151752 ) ) ;
#2448 = CARTESIAN_POINT ( 'NONE',  ( 3.919472610059935302, -0.7958989338336421859, -6.945891362568889171 ) ) ;
#2449 = AXIS2_PLACEMENT_3D ( 'NONE', #793, #821, #1731 ) ;
#2450 = CARTESIAN_POINT ( 'NONE',  ( -4.263066253150152640, 1.100000000955915658, -4.263066253150152640 ) ) ;
#2451 = ORIENTED_EDGE ( 'NONE', *, *, #1119, .T. ) ;
#2452 = CARTESIAN_POINT ( 'NONE',  ( -4.185789451624785329, 0.7738560230093203263, 6.750000000000000000 ) ) ;
#2453 = AXIS2_PLACEMENT_3D ( 'NONE', #340, #2155, #2568 ) ;
#2454 = CARTESIAN_POINT ( 'NONE',  ( 4.076242796852547201, -0.7829987773376358984, 6.890661938456632996 ) ) ;
#2455 = CARTESIAN_POINT ( 'NONE',  ( 1.037888162277381603E-15, -0.3374999980881687733, 5.649999999999999467 ) ) ;
#2456 = EDGE_CURVE ( 'NONE', #178, #2141, #987, .T. ) ;
#2457 = CARTESIAN_POINT ( 'NONE',  ( 5.649999999999999467, 0.3750000000000003331, -6.919254415182545337E-16 ) ) ;
#2458 = CARTESIAN_POINT ( 'NONE',  ( 2.340306627407986895, 1.490625001911831449, -5.649999999999999467 ) ) ;
#2459 = VERTEX_POINT ( 'NONE', #729 ) ;
#2460 = CARTESIAN_POINT ( 'NONE',  ( -8.348528994598896321E-12, 0.8322676964118645992, 5.832267696411885360 ) ) ;
#2461 = DIRECTION ( 'NONE',  ( -1.000000000000000000, 0.000000000000000000, 0.000000000000000000 ) ) ;
#2462 = CARTESIAN_POINT ( 'NONE',  ( 1.107488412014558138E-15, 0.6312500009559155467, 6.028886112499999506 ) ) ;
#2463 = ORIENTED_EDGE ( 'NONE', *, *, #2186, .F. ) ;
#2464 = CARTESIAN_POINT ( 'NONE',  ( -2.497246393800307107, -0.1656249990440844810, 6.028886112499998617 ) ) ;
#2465 = VERTEX_POINT ( 'NONE', #2167 ) ;
#2466 = CARTESIAN_POINT ( 'NONE',  ( -4.142488181435565409, -0.7738560230093233239, -6.724999999999999645 ) ) ;
#2467 = CARTESIAN_POINT ( 'NONE',  ( -6.028886112499997729, -0.1718749990440842645, 2.497246393800308883 ) ) ;
#2468 = CARTESIAN_POINT ( 'NONE',  ( -4.263066253150152640, -0.3124999990440839315, -4.263066253150152640 ) ) ;
#2469 = CARTESIAN_POINT ( 'NONE',  ( -3.459627207591272669E-16, 0.03750000191183135850, -5.649999999999999467 ) ) ;
#2470 = EDGE_CURVE ( 'NONE', #672, #1066, #1566, .T. ) ;
#2471 = B_SPLINE_CURVE_WITH_KNOTS ( 'NONE', 3,
 ( #2881, #1353, #1516, #271, #1160, #479, #32, #618, #1508, #1114 ),
 .UNSPECIFIED., .F., .F.,
 ( 4, 2, 2, 2, 4 ),
 ( 0.02127836843495969910, 0.02328745988151861152, 0.02529655132807752393, 0.02730564277463643635, 0.02931473422119535224 ),
 .UNSPECIFIED. ) ;
#2472 = CARTESIAN_POINT ( 'NONE',  ( 4.960691350749629080, 0.6788835383171309967, -2.821087808892330351 ) ) ;
#2473 = CARTESIAN_POINT ( 'NONE',  ( 4.139682221603733225, 0.7921354493312628975, -6.827517576021547185 ) ) ;
#2474 = CARTESIAN_POINT ( 'NONE',  ( 7.938566201357355467, -0.7738560230093193271, 0.2500000000000028311 ) ) ;
#2475 = CARTESIAN_POINT ( 'NONE',  ( 1.037888162277381603E-15, -0.3374999980881687733, 5.649999999999999467 ) ) ;
#2476 = VERTEX_POINT ( 'NONE', #2349 ) ;
#2477 =( GEOMETRIC_REPRESENTATION_CONTEXT ( 3 ) GLOBAL_UNCERTAINTY_ASSIGNED_CONTEXT ( ( #2360 ) ) GLOBAL_UNIT_ASSIGNED_CONTEXT ( ( #1495, #2240, #260 ) ) REPRESENTATION_CONTEXT ( 'NONE', 'WORKASPACE' ) );
#2478 = CARTESIAN_POINT ( 'NONE',  ( -6.028886112499999506, 1.146875000955915436, -2.497246393800304887 ) ) ;
#2479 = CARTESIAN_POINT ( 'NONE',  ( -3.771014744809336516, -0.6499999999999855893, 4.207368274162671007 ) ) ;
#2480 = EDGE_LOOP ( 'NONE', ( #863, #460, #1886, #1389 ) ) ;
#2481 = CARTESIAN_POINT ( 'NONE',  ( -8.673617379884035472E-16, -18.09333333333334082, 0.000000000000000000 ) ) ;
#2482 = AXIS2_PLACEMENT_3D ( 'NONE', #2266, #2280, #1841 ) ;
#2483 = CARTESIAN_POINT ( 'NONE',  ( 1.107488412014558138E-15, 0.7187500009559159020, 6.028886112499999506 ) ) ;
#2484 = CARTESIAN_POINT ( 'NONE',  ( -5.649999999999999467, -2.024999998088168329, 0.000000000000000000 ) ) ;
#2485 = CARTESIAN_POINT ( 'NONE',  ( -7.941989796799278523, 0.8082804653835402586, 0.2440701587500281322 ) ) ;
#2486 = ADVANCED_FACE ( 'NONE', ( #1033 ), #3, .T. ) ;
#2487 = DIRECTION ( 'NONE',  ( -1.000000000000000000, 0.000000000000000000, -2.248936852768533666E-16 ) ) ;
#2488 = VERTEX_POINT ( 'NONE', #564 ) ;
#2489 = CARTESIAN_POINT ( 'NONE',  ( 4.263066253150152640, -0.7749999990440845643, 4.263066253150151752 ) ) ;
#2490 = AXIS2_PLACEMENT_3D ( 'NONE', #1671, #2296, #1222 ) ;
#2491 = EDGE_LOOP ( 'NONE', ( #1020, #1435, #1642, #380 ) ) ;
#2492 = DIRECTION ( 'NONE',  ( -0.8660254037844384856, 0.000000000000000000, 0.5000000000000003331 ) ) ;
#2493 = CARTESIAN_POINT ( 'NONE',  ( -2.340306627407988671, -0.3843749980881687733, 5.649999999999998579 ) ) ;
#2494 = CIRCLE ( 'NONE', #1812, 5.649999999999999467 ) ;
#2495 = AXIS2_PLACEMENT_3D ( 'NONE', #1238, #382, #1298 ) ;
#2496 = CARTESIAN_POINT ( 'NONE',  ( -6.028886112499997729, 0.5781250009559159020, 2.497246393800309328 ) ) ;
#2497 = CARTESIAN_POINT ( 'NONE',  ( 5.650000000000000355, -0.9468749980881689954, 2.340306627407986007 ) ) ;
#2498 =( BOUNDED_CURVE ( )  B_SPLINE_CURVE ( 2, ( #95, #1223, #1672, #81, #502, #297, #1181, #1859, #68 ),
 .UNSPECIFIED., .F., .T. ) 
 B_SPLINE_CURVE_WITH_KNOTS ( ( 3, 2, 2, 2, 3 ),
 ( 0.5416666666666666297, 0.5625000000000000000, 0.5833333333333333703, 0.6041666666666666297, 0.6250000000000000000 ),
 .UNSPECIFIED. ) 
 CURVE ( )  GEOMETRIC_REPRESENTATION_ITEM ( )  RATIONAL_B_SPLINE_CURVE ( ( 1.000000000000000000, 0.9238795325112867385, 1.000000000000000000, 0.9238795325112867385, 1.000000000000000000, 0.9238795325112867385, 1.000000000000000000, 0.9238795325112867385, 1.000000000000000000 ) ) 
 REPRESENTATION_ITEM ( '' )  );
#2499 = CARTESIAN_POINT ( 'NONE',  ( -7.982644776421134125, 0.7921354493312463552, -0.1713111794927821285 ) ) ;
#2500 = CARTESIAN_POINT ( 'NONE',  ( 3.582842956394663769, 0.7865134972779610489, -4.578183410343127591 ) ) ;
#2501 = DIRECTION ( 'NONE',  ( -0.000000000000000000, -1.000000000000000000, -0.000000000000000000 ) ) ;
#2502 = EDGE_LOOP ( 'NONE', ( #804, #1142, #1342, #1216, #115, #438, #347, #2877, #888, #53, #1832 ) ) ;
#2503 = EDGE_CURVE ( 'NONE', #2370, #1743, #1278, .T. ) ;
#2504 = CARTESIAN_POINT ( 'NONE',  ( 1.107488412014558138E-15, -1.618749999044084564, 6.028886112499999506 ) ) ;
#2505 = ORIENTED_EDGE ( 'NONE', *, *, #156, .T. ) ;
#2506 = FACE_OUTER_BOUND ( 'NONE', #1778, .T. ) ;
#2507 = ADVANCED_FACE ( 'NONE', ( #596 ), #887, .T. ) ;
#2508 = CARTESIAN_POINT ( 'NONE',  ( 8.005612832998306061, 0.7498361086695544131, 0.08710133542913917060 ) ) ;
#2509 = CIRCLE ( 'NONE', #1026, 0.04999999999999965583 ) ;
#2510 = CARTESIAN_POINT ( 'NONE',  ( -2.497246393800307107, 1.421875000955915791, 6.028886112499998617 ) ) ;
#2511 = CARTESIAN_POINT ( 'NONE',  ( -3.459627207591272669E-16, -1.462499998088168995, -5.649999999999999467 ) ) ;
#2512 = CARTESIAN_POINT ( 'NONE',  ( -7.938566201357353691, 0.7738560230093212144, -0.2500000000000019429 ) ) ;
#2513 = AXIS2_PLACEMENT_3D ( 'NONE', #890, #1790, #1125 ) ;
#2514 = DIRECTION ( 'NONE',  ( 2.146163712481656393E-16, 0.000000000000000000, -1.000000000000000000 ) ) ;
#2515 = CARTESIAN_POINT ( 'NONE',  ( 2.634286679600137848, 1.028886112499770356, -5.450049082042154325 ) ) ;
#2516 = CARTESIAN_POINT ( 'NONE',  ( -4.142488181435563632, 0.7738560230093208814, 6.724999999999999645 ) ) ;
#2517 = EDGE_LOOP ( 'NONE', ( #2640, #2122, #6 ) ) ;
#2518 = CARTESIAN_POINT ( 'NONE',  ( 6.028886112500001282, -2.228124999044084564, 2.497246393800303998 ) ) ;
#2519 = CARTESIAN_POINT ( 'NONE',  ( -5.642046628343893921, -1.028886112499977523, -2.249331340181024874 ) ) ;
#2520 = VERTEX_POINT ( 'NONE', #1228 ) ;
#2522 = EDGE_CURVE ( 'NONE', #252, #2793, #2095, .T. ) ;
#2521 = CARTESIAN_POINT ( 'NONE',  ( -4.113802068544608836, 0.8045375713930246198, -6.808664795841154138 ) ) ;
#2523 = AXIS2_PLACEMENT_3D ( 'NONE', #603, #1960, #2187 ) ;
#2524 = CARTESIAN_POINT ( 'NONE',  ( 7.938566201357355467, 0.7738560230093162184, 0.2500000000000037192 ) ) ;
#2525 = EDGE_CURVE ( 'NONE', #1086, #1204, #2098, .T. ) ;
#2526 = AXIS2_PLACEMENT_3D ( 'NONE', #1783, #2642, #655 ) ;
#2527 = CARTESIAN_POINT ( 'NONE',  ( -3.691628040048527127E-16, 0.3437500009559160130, -6.028886112499999506 ) ) ;
#2528 = CARTESIAN_POINT ( 'NONE',  ( -3.995153313703993625, 0.1312500019118312267, -3.995153313703993625 ) ) ;
#2529 = CARTESIAN_POINT ( 'NONE',  ( 1.037888162277381603E-15, 0.1875000000000001665, 5.649999999999999467 ) ) ;
#2530 = DIRECTION ( 'NONE',  ( 0.000000000000000000, -1.000000000000000000, 0.000000000000000000 ) ) ;
#2531 = CARTESIAN_POINT ( 'NONE',  ( 1.037888162277381603E-15, -0.5624999999999996669, 5.649999999999999467 ) ) ;
#2532 = ORIENTED_EDGE ( 'NONE', *, *, #1497, .T. ) ;
#2533 = CARTESIAN_POINT ( 'NONE',  ( -7.938566201357353691, 1.250000000000000000, -0.2500000000000019429 ) ) ;
#2534 = DIRECTION ( 'NONE',  ( -0.9807866783896090901, -0.1950832937323886684, 4.230194617605771034E-15 ) ) ;
#2535 = VERTEX_POINT ( 'NONE', #137 ) ;
#2536 = CARTESIAN_POINT ( 'NONE',  ( -3.919472604375475289, 0.7958989382166357096, -6.945891353863151707 ) ) ;
#2537 = CARTESIAN_POINT ( 'NONE',  ( 1.511094791985315933, -0.9080938136001687200, 5.724338100934462936 ) ) ;
#2538 = EDGE_CURVE ( 'NONE', #2840, #441, #1708, .T. ) ;
#2539 = CIRCLE ( 'NONE', #1011, 6.808064006308498506 ) ;
#2540 = CARTESIAN_POINT ( 'NONE',  ( -5.137796791202613456, 0.7495771089418342692, 2.645157476579899303 ) ) ;
#2541 = FACE_OUTER_BOUND ( 'NONE', #2419, .T. ) ;
#2542 = CIRCLE ( 'NONE', #2071, 0.05000000000000013461 ) ;
#2543 = DIRECTION ( 'NONE',  ( 0.8660254037844437036, 0.000000000000000000, 0.4999999999999913403 ) ) ;
#2544 = CARTESIAN_POINT ( 'NONE',  ( 3.840041902044159627, -0.8044448143617844993, -6.966989539313003910 ) ) ;
#2545 = B_SPLINE_CURVE_WITH_KNOTS ( 'NONE', 3,
 ( #571, #1462, #2340, #348, #1239, #2128 ),
 .UNSPECIFIED., .F., .F.,
 ( 4, 2, 4 ),
 ( 0.000000000000000000, 0.0002618488026665104240, 0.0005236976053330208479 ),
 .UNSPECIFIED. ) ;
#2546 = CARTESIAN_POINT ( 'NONE',  ( 4.078674793345494543, -0.7498782287194717400, -6.889125773906812356 ) ) ;
#2547 = ORIENTED_EDGE ( 'NONE', *, *, #891, .F. ) ;
#2548 = CARTESIAN_POINT ( 'NONE',  ( 4.263066253150152640, -1.524999999044084342, 4.263066253150151752 ) ) ;
#2549 = ORIENTED_EDGE ( 'NONE', *, *, #1979, .T. ) ;
#2550 = CARTESIAN_POINT ( 'NONE',  ( -7.975001146223345216, -0.7959202560011314764, 0.07879021039565367590 ) ) ;
#2551 = DIRECTION ( 'NONE',  ( -0.8660254037844384856, 0.000000000000000000, 0.5000000000000003331 ) ) ;
#2552 = CARTESIAN_POINT ( 'NONE',  ( -2.497246393800307107, -2.328124999044084653, 6.028886112499998617 ) ) ;
#2553 = CARTESIAN_POINT ( 'NONE',  ( -3.842472403522029900, -0.7922304210774794297, -6.998835598174915518 ) ) ;
#2554 = CARTESIAN_POINT ( 'NONE',  ( 3.752776749732567918, -0.7738560230093193271, 7.000000000000000888 ) ) ;
#2555 = CARTESIAN_POINT ( 'NONE',  ( -7.982116279166722173, 0.7582638386379521034, -0.1745690525606009291 ) ) ;
#2556 = CARTESIAN_POINT ( 'NONE',  ( -3.691628040048527127E-16, 0.2562500009559156577, -6.028886112499999506 ) ) ;
#2557 = ORIENTED_EDGE ( 'NONE', *, *, #373, .F. ) ;
#2558 = EDGE_CURVE ( 'NONE', #2459, #1364, #154, .T. ) ;
#2559 = ORIENTED_EDGE ( 'NONE', *, *, #2686, .T. ) ;
#2560 = CARTESIAN_POINT ( 'NONE',  ( -4.263066253150152640, -1.899999999044084342, -4.263066253150152640 ) ) ;
#2561 = DIRECTION ( 'NONE',  ( -0.8660254037844384856, 0.000000000000000000, -0.5000000000000002220 ) ) ;
#2562 = CARTESIAN_POINT ( 'NONE',  ( 6.028886112499999506, 0.9531250009559157910, -2.497246393800306219 ) ) ;
#2563 = DIRECTION ( 'NONE',  ( 0.000000000000000000, 0.000000000000000000, -1.000000000000000000 ) ) ;
#2564 = CARTESIAN_POINT ( 'NONE',  ( -6.028886112499999506, -1.765624999044083987, -2.497246393800304887 ) ) ;
#2565 = DIRECTION ( 'NONE',  ( -0.000000000000000000, -1.000000000000000000, -0.000000000000000000 ) ) ;
#2566 = CARTESIAN_POINT ( 'NONE',  ( 7.974947417375149783, -0.7959416568390275115, 0.07919621478362753875 ) ) ;
#2567 = CARTESIAN_POINT ( 'NONE',  ( 3.840346820237568792, -0.8043841666693268833, 6.966989533786494881 ) ) ;
#2568 = DIRECTION ( 'NONE',  ( -1.000000000000000000, 0.000000000000000000, 0.000000000000000000 ) ) ;
#2569 = VERTEX_POINT ( 'NONE', #2220 ) ;
#2570 = CARTESIAN_POINT ( 'NONE',  ( 3.839876905351302216, 0.7582638386379477735, 7.000000000000002665 ) ) ;
#2571 =( BOUNDED_CURVE ( )  B_SPLINE_CURVE ( 2, ( #2, #2205, #183, #1075, #2849, #1949, #853, #208, #883, #2404, #1560, #2374, #416, #2008, #2439, #387, #445, #899, #1800, #2671, #684, #1273, #2164, #1173, #1134, #2274, #2044, #2467, #272, #43, #2234, #1587, #2736, #913, #737, #1811, #478, #17, #1184, #1837, #240, #1366, #2287, #284, #1573, #2248, #1823 ),
 .UNSPECIFIED., .F., .F. ) 
 B_SPLINE_CURVE_WITH_KNOTS ( ( 3, 2, 2, 2, 2, 2, 2, 2, 2, 2, 2, 2, 2, 2, 2, 2, 2, 2, 2, 2, 2, 2, 2, 3 ),
 ( 0.2226163445637768801, 0.2291666666666666574, 0.2500000000000000000, 0.2708333333333333148, 0.2916666666666666852, 0.3125000000000000000, 0.3333333333333333148, 0.3541666666666666852, 0.3750000000000000000, 0.3958333333333333148, 0.4166666666666666297, 0.4375000000000000000, 0.4583333333333333148, 0.4791666666666666852, 0.5000000000000000000, 0.5208333333333333703, 0.5416666666666666297, 0.5625000000000000000, 0.5833333333333333703, 0.6041666666666666297, 0.6250000000000000000, 0.6458333333333333703, 0.6666666666666666297, 0.6799264426192821453 ),
 .UNSPECIFIED. ) 
 CURVE ( )  GEOMETRIC_REPRESENTATION_ITEM ( )  RATIONAL_B_SPLINE_CURVE ( ( 0.9671831908599208827, 0.9760665481276661337, 1.000000000000000000, 0.9238795325112867385, 1.000000000000000000, 0.9238795325112867385, 1.000000000000000000, 0.9238795325112867385, 1.000000000000000000, 0.9238795325112867385, 1.000000000000000000, 0.9238795325112867385, 1.000000000000000000, 0.9238795325112867385, 1.000000000000000000, 0.9238795325112867385, 1.000000000000000000, 0.9238795325112867385, 1.000000000000000000, 0.9238795325112867385, 1.000000000000000000, 0.9238795325112867385, 1.000000000000000000, 0.9238795325112867385, 1.000000000000000000, 0.9238795325112867385, 1.000000000000000000, 0.9238795325112867385, 1.000000000000000000, 0.9238795325112867385, 1.000000000000000000, 0.9238795325112867385, 1.000000000000000000, 0.9238795325112867385, 1.000000000000000000, 0.9238795325112867385, 1.000000000000000000, 0.9238795325112867385, 1.000000000000000000, 0.9238795325112867385, 1.000000000000000000, 0.9238795325112867385, 1.000000000000000000, 0.9238795325112867385, 1.000000000000000000, 0.9515516634731828738, 0.9647750793581270079 ) ) 
 REPRESENTATION_ITEM ( '' )  );
#2572 = EDGE_CURVE ( 'NONE', #1819, #349, #528, .T. ) ;
#2573 = DIRECTION ( 'NONE',  ( -0.000000000000000000, -0.000000000000000000, -1.000000000000000000 ) ) ;
#2574 = ORIENTED_EDGE ( 'NONE', *, *, #1703, .T. ) ;
#2575 = CARTESIAN_POINT ( 'NONE',  ( -3.691628040048527127E-16, 1.843750000955916013, -6.028886112499999506 ) ) ;
#2576 = DIRECTION ( 'NONE',  ( 0.000000000000000000, -1.000000000000000000, 0.000000000000000000 ) ) ;
#2577 = CARTESIAN_POINT ( 'NONE',  ( -4.263066253150152640, -1.812499999044083987, -4.263066253150152640 ) ) ;
#2578 = DIRECTION ( 'NONE',  ( 0.8660254037844383745, 0.000000000000000000, -0.5000000000000004441 ) ) ;
#2579 = AXIS2_PLACEMENT_3D ( 'NONE', #2466, #912, #1586 ) ;
#2580 = CARTESIAN_POINT ( 'NONE',  ( -4.182365856182865826, -0.8082804653835394815, -6.755929841249971091 ) ) ;
#2581 = DIRECTION ( 'NONE',  ( -0.4903933391948045450, 0.1950832937323895566, 0.8493861791787594706 ) ) ;
#2582 = CIRCLE ( 'NONE', #171, 19.28381708273946415 ) ;
#2583 = CARTESIAN_POINT ( 'NONE',  ( 4.113802068544615942, -0.8045375713930287276, -6.808664795841135486 ) ) ;
#2584 = CARTESIAN_POINT ( 'NONE',  ( 0.000000000000000000, -1.247163271729610168, 0.000000000000000000 ) ) ;
#2585 = CARTESIAN_POINT ( 'NONE',  ( 2.497246393800304887, 1.709375000955915658, -6.028886112499999506 ) ) ;
#2586 = AXIS2_PLACEMENT_3D ( 'NONE', #2788, #1865, #357 ) ;
#2587 = ORIENTED_EDGE ( 'NONE', *, *, #2222, .T. ) ;
#2588 = CARTESIAN_POINT ( 'NONE',  ( 0.000000000000000000, -1.247163271729610168, 6.808064006308491400 ) ) ;
#2589 =( LENGTH_UNIT ( ) NAMED_UNIT ( * ) SI_UNIT ( .MILLI., .METRE. ) );
#2590 = SPHERICAL_SURFACE ( 'NONE', #656, 20.50376903021599873 ) ;
#2591 = ORIENTED_EDGE ( 'NONE', *, *, #61, .T. ) ;
#2592 = CARTESIAN_POINT ( 'NONE',  ( 6.028886112499999506, 1.656250000955916013, -7.383256080097054254E-16 ) ) ;
#2593 = APPLICATION_PROTOCOL_DEFINITION ( 'draft international standard', 'automotive_design', 1998, #640 ) ;
#2594 = EDGE_CURVE ( 'NONE', #2002, #961, #2595, .T. ) ;
#2595 = B_SPLINE_CURVE_WITH_KNOTS ( 'NONE', 3,
 ( #225, #1333, #430, #2836, #1993, #638 ),
 .UNSPECIFIED., .F., .F.,
 ( 4, 2, 4 ),
 ( 0.000000000000000000, 0.0002395235539099542033, 0.0004790471078199084066 ),
 .UNSPECIFIED. ) ;
#2596 = CARTESIAN_POINT ( 'NONE',  ( 6.028886112499999506, -1.343749999044083987, -7.383256080097054254E-16 ) ) ;
#2597 = CARTESIAN_POINT ( 'NONE',  ( -3.928735043801002469, -0.7830435502939734338, -6.975695567288839882 ) ) ;
#2598 = CARTESIAN_POINT ( 'NONE',  ( -5.649999999999999467, -0.04687499999999961142, -2.340306627407986895 ) ) ;
#2599 = CARTESIAN_POINT ( 'NONE',  ( -3.995153313703993625, 1.406250000000000444, -3.995153313703993625 ) ) ;
#2600 = CARTESIAN_POINT ( 'NONE',  ( 0.000000000000000000, 1.250000000000000000, 0.000000000000000000 ) ) ;
#2601 = ORIENTED_EDGE ( 'NONE', *, *, #1424, .T. ) ;
#2602 = DIRECTION ( 'NONE',  ( -0.000000000000000000, -1.000000000000000000, -0.000000000000000000 ) ) ;
#2603 = SURFACE_SIDE_STYLE ('',( #1955 ) ) ;
#2604 = CARTESIAN_POINT ( 'NONE',  ( -7.953610879967565772, -0.8044448143617897173, 0.1579209308895098973 ) ) ;
#2605 = VERTEX_POINT ( 'NONE', #1290 ) ;
#2606 = CARTESIAN_POINT ( 'NONE',  ( -3.691628040048527127E-16, -1.906249999044083987, -6.028886112499999506 ) ) ;
#2607 = CONICAL_SURFACE ( 'NONE', #1406, 6.250000000000000000, 0.7853981633974590482 ) ;
#2608 = CARTESIAN_POINT ( 'NONE',  ( -7.953814128964668662, -0.8043639600434469017, -0.1575688822469914208 ) ) ;
#2609 = CARTESIAN_POINT ( 'NONE',  ( -3.691628040048527127E-16, 1.756250000955915658, -6.028886112499999506 ) ) ;
#2610 = CARTESIAN_POINT ( 'NONE',  ( -1.424498055765490490, 0.8138232525288267016, 5.643974301605774180 ) ) ;
#2611 = EDGE_CURVE ( 'NONE', #1821, #2229, #9, .T. ) ;
#2612 = DIRECTION ( 'NONE',  ( -2.146163712481656393E-16, -0.000000000000000000, 1.000000000000000000 ) ) ;
#2613 = PLANE ( 'NONE',  #1798 ) ;
#2614 = B_SPLINE_CURVE_WITH_KNOTS ( 'NONE', 3,
 ( #2460, #1564, #1970, #2226, #877, #1339, #1773, #20, #244, #1788, #917, #1534, #231, #1521, #1124, #1550, #2443, #2427, #1804, #2621, #1357, #1296, #2869, #2646, #2181, #2854 ),
 .UNSPECIFIED., .F., .F.,
 ( 4, 2, 2, 2, 2, 2, 2, 2, 2, 2, 2, 2, 4 ),
 ( 0.01390900263404886220, 0.01584742601209683521, 0.01681663770112082346, 0.01778584939014481170, 0.01875506107916879647, 0.01972427276819278125, 0.02069348445721676949, 0.02166269614624075773, 0.02360111952428872728, 0.02457033121331271552, 0.02553954290233670377, 0.02747796628038467331, 0.02941638965843264980 ),
 .UNSPECIFIED. ) ;
#2615 = CARTESIAN_POINT ( 'NONE',  ( 7.975001146223325676, -0.7959202560010305572, 4.582855492682019504E-14 ) ) ;
#2616 = CARTESIAN_POINT ( 'NONE',  ( 2.340306627407986895, 0.5156250000000002220, -5.649999999999999467 ) ) ;
#2617 = CARTESIAN_POINT ( 'NONE',  ( 6.028886112500001282, 0.7718750009559156577, 2.497246393800303998 ) ) ;
#2618 = ORIENTED_EDGE ( 'NONE', *, *, #662, .T. ) ;
#2619 = AXIS2_PLACEMENT_3D ( 'NONE', #101, #1198, #2134 ) ;
#2620 = B_SPLINE_CURVE_WITH_KNOTS ( 'NONE', 3,
 ( #1652, #2515, #1442, #2320, #1402, #290 ),
 .UNSPECIFIED., .F., .F.,
 ( 4, 2, 4 ),
 ( 0.000000000000000000, 0.001629338059873584746, 0.003258676119747169492 ),
 .UNSPECIFIED. ) ;
#2621 = CARTESIAN_POINT ( 'NONE',  ( 5.745444563804603888, 0.9722249065299793935, -1.661171263848281621 ) ) ;
#2622 = CARTESIAN_POINT ( 'NONE',  ( -3.761950552233683354, 0.8199775699195027689, -6.966989533786493105 ) ) ;
#2623 = ORIENTED_EDGE ( 'NONE', *, *, #854, .F. ) ;
#2624 = CARTESIAN_POINT ( 'NONE',  ( 0.000000000000000000, 0.000000000000000000, 0.000000000000000000 ) ) ;
#2625 = EDGE_CURVE ( 'NONE', #2322, #2063, #1558, .T. ) ;
#2626 = CARTESIAN_POINT ( 'NONE',  ( 2.340306627407990003, -0.5156249999999996669, 5.649999999999998579 ) ) ;
#2627 = DIRECTION ( 'NONE',  ( 0.8660254037844385966, -0.000000000000000000, 0.5000000000000001110 ) ) ;
#2628 = CARTESIAN_POINT ( 'NONE',  ( 4.263066253150152640, -0.7749999990440845643, 4.263066253150151752 ) ) ;
#2629 = ORIENTED_EDGE ( 'NONE', *, *, #1174, .T. ) ;
#2630 = EDGE_CURVE ( 'NONE', #428, #1524, #2244, .T. ) ;
#2631 = CARTESIAN_POINT ( 'NONE',  ( -0.3859144342369869585, 0.9926213089898439090, -5.992621308988280049 ) ) ;
#2632 = CARTESIAN_POINT ( 'NONE',  ( 3.752776749732564365, 0.7738560230093195491, -6.999999999999998224 ) ) ;
#2633 = AXIS2_PLACEMENT_3D ( 'NONE', #2074, #974, #1831 ) ;
#2634 = CARTESIAN_POINT ( 'NONE',  ( 2.340306627407986895, -0.009374998088168681395, -5.649999999999999467 ) ) ;
#2635 = ORIENTED_EDGE ( 'NONE', *, *, #1927, .F. ) ;
#2636 = CARTESIAN_POINT ( 'NONE',  ( 6.028886112499999506, -2.093749999044084209, -7.383256080097054254E-16 ) ) ;
#2637 = CARTESIAN_POINT ( 'NONE',  ( 3.842472403522172009, -0.7922304210785248157, 6.998835598175051409 ) ) ;
#2638 = VECTOR ( 'NONE', #1037, 1000.000000000000000 ) ;
#2639 = CARTESIAN_POINT ( 'NONE',  ( -3.771014744809327635, 0.6499999999999857003, -4.207368274162679000 ) ) ;
#2640 = ORIENTED_EDGE ( 'NONE', *, *, #1497, .F. ) ;
#2641 = CARTESIAN_POINT ( 'NONE',  ( -4.139682221603681711, 0.7921354493312170453, 6.827517576021501000 ) ) ;
#2642 = DIRECTION ( 'NONE',  ( -0.000000000000000000, -1.000000000000000000, -0.000000000000000000 ) ) ;
#2643 = CARTESIAN_POINT ( 'NONE',  ( -2.340306627407987339, -0.8906250000000000000, -5.649999999999999467 ) ) ;
#2644 = CARTESIAN_POINT ( 'NONE',  ( 3.995153313703992737, 1.443750001911831227, -3.995153313703993625 ) ) ;
#2645 = VERTEX_POINT ( 'NONE', #668 ) ;
#2646 = CARTESIAN_POINT ( 'NONE',  ( 4.135523510271249314, 1.013079107772980825, -4.412846886225364251 ) ) ;
#2647 = AXIS2_PLACEMENT_3D ( 'NONE', #1045, #2612, #1211 ) ;
#2648 = CARTESIAN_POINT ( 'NONE',  ( 7.975001146223345216, -0.7959202560011305883, -0.07879021039565545226 ) ) ;
#2649 = EDGE_CURVE ( 'NONE', #1596, #1113, #2571, .T. ) ;
#2650 = CARTESIAN_POINT ( 'NONE',  ( -3.459627207591272669E-16, 0.03750000191183135850, -5.649999999999999467 ) ) ;
#2651 = ORIENTED_EDGE ( 'NONE', *, *, #1260, .F. ) ;
#2652 = CARTESIAN_POINT ( 'NONE',  ( -2.497246393800307107, -2.328124999044084653, 6.028886112499998617 ) ) ;
#2653 = DIRECTION ( 'NONE',  ( -0.000000000000000000, 1.000000000000000000, -0.000000000000000000 ) ) ;
#2654 = EDGE_LOOP ( 'NONE', ( #42, #875, #676, #1808 ) ) ;
#2655 = CARTESIAN_POINT ( 'NONE',  ( -2.810356874863586540, -0.6499999999999849232, -4.901468579508286183 ) ) ;
#2656 = CARTESIAN_POINT ( 'NONE',  ( -1.140257308154635885, 0.8176687812639980013, 5.712065928681260729 ) ) ;
#2657 = CARTESIAN_POINT ( 'NONE',  ( 2.340306627407990003, -1.265625000000000222, 5.649999999999998579 ) ) ;
#2658 = CARTESIAN_POINT ( 'NONE',  ( -4.263066253150152640, -1.899999999044084342, -4.263066253150152640 ) ) ;
#2659 = ORIENTED_EDGE ( 'NONE', *, *, #2751, .F. ) ;
#2660 = CIRCLE ( 'NONE', #152, 6.808064006308498506 ) ;
#2661 = FACE_OUTER_BOUND ( 'NONE', #1234, .T. ) ;
#2662 = CARTESIAN_POINT ( 'NONE',  ( 5.163058807371307068, 0.6499999999999862554, -2.294629327718440415 ) ) ;
#2663 = AXIS2_PLACEMENT_3D ( 'NONE', #484, #2514, #945 ) ;
#2664 = CARTESIAN_POINT ( 'NONE',  ( 1.107488412014558138E-15, -0.1187499990440844672, 6.028886112499999506 ) ) ;
#2665 = ORIENTED_EDGE ( 'NONE', *, *, #1203, .T. ) ;
#2666 = EDGE_CURVE ( 'NONE', #1835, #2352, #621, .T. ) ;
#2667 = CARTESIAN_POINT ( 'NONE',  ( -6.028886112499999506, 1.193750000955915658, 0.000000000000000000 ) ) ;
#2668 = VERTEX_POINT ( 'NONE', #463 ) ;
#2669 = CARTESIAN_POINT ( 'NONE',  ( -4.182365856182863162, -0.8082804653835374831, 6.755929841249967538 ) ) ;
#2670 = CARTESIAN_POINT ( 'NONE',  ( 3.918887774801389057, -0.7959416568390148550, 6.946105164683823219 ) ) ;
#2671 = CARTESIAN_POINT ( 'NONE',  ( 6.028886112499999506, 0.2031250009559158742, -2.497246393800306219 ) ) ;
#2672 = CARTESIAN_POINT ( 'NONE',  ( -3.995153313703993625, -0.8437499999999998890, -3.995153313703993625 ) ) ;
#2673 = CARTESIAN_POINT ( 'NONE',  ( 6.028886112499999506, -2.134374999044084564, -2.497246393800306219 ) ) ;
#2674 = EDGE_LOOP ( 'NONE', ( #11, #1117 ) ) ;
#2675 = DIRECTION ( 'NONE',  ( 0.000000000000000000, 0.000000000000000000, 1.000000000000000000 ) ) ;
#2676 = CARTESIAN_POINT ( 'NONE',  ( 0.000000000000000000, -1.247163271729610168, 0.000000000000000000 ) ) ;
#2677 = CARTESIAN_POINT ( 'NONE',  ( 2.497246393800308883, -0.8218749990440842312, 6.028886112499997729 ) ) ;
#2678 = ORIENTED_EDGE ( 'NONE', *, *, #2831, .T. ) ;
#2679 = VECTOR ( 'NONE', #509, 1000.000000000000000 ) ;
#2680 = CARTESIAN_POINT ( 'NONE',  ( -4.263066253150150864, 1.287500000955915436, 4.263066253150152640 ) ) ;
#2681 = VERTEX_POINT ( 'NONE', #2021 ) ;
#2682 = CARTESIAN_POINT ( 'NONE',  ( 8.082903768654762899, 1.250000000000000000, 2.986706110560769152E-15 ) ) ;
#2683 = CIRCLE ( 'NONE', #1722, 19.28381708273946060 ) ;
#2684 = B_SPLINE_CURVE_WITH_KNOTS ( 'NONE', 3,
 ( #965, #2746, #2297, #2733, #2519, #1447 ),
 .UNSPECIFIED., .F., .F.,
 ( 4, 2, 4 ),
 ( 2.504952862767954551E-17, 0.002213908766070360901, 0.004427817532140695782 ),
 .UNSPECIFIED. ) ;
#2685 = CARTESIAN_POINT ( 'NONE',  ( -5.649999999999999467, -0.5249999980881688844, 0.000000000000000000 ) ) ;
#2686 = EDGE_CURVE ( 'NONE', #1583, #338, #852, .T. ) ;
#2687 = CARTESIAN_POINT ( 'NONE',  ( 2.497246393800304887, 1.046875000955916013, -6.028886112499999506 ) ) ;
#2688 = CARTESIAN_POINT ( 'NONE',  ( 4.263066253150151752, -2.087499999044084564, -4.263066253150152640 ) ) ;
#2689 = CARTESIAN_POINT ( 'NONE',  ( -7.974947417375133796, 0.7959416568390311753, 0.07919621478361797695 ) ) ;
#2690 = CARTESIAN_POINT ( 'NONE',  ( 4.055582062184448944, 0.7958989382166383741, -6.867308521757879092 ) ) ;
#2691 = CARTESIAN_POINT ( 'NONE',  ( 5.649999999999999467, -0.1031249980881687595, -2.340306627407987339 ) ) ;
#2692 = ORIENTED_EDGE ( 'NONE', *, *, #2410, .T. ) ;
#2693 = CARTESIAN_POINT ( 'NONE',  ( 4.263066253150151752, -0.5874999990440844533, -4.263066253150152640 ) ) ;
#2694 = ORIENTED_EDGE ( 'NONE', *, *, #354, .T. ) ;
#2695 = CARTESIAN_POINT ( 'NONE',  ( -4.152614648042563417, 0.8199775699195027689, 6.741439512908514509 ) ) ;
#2696 = DIRECTION ( 'NONE',  ( -1.000000000000000000, 0.000000000000000000, 0.000000000000000000 ) ) ;
#2697 = EDGE_CURVE ( 'NONE', #2859, #1570, #2261, .T. ) ;
#2698 = CARTESIAN_POINT ( 'NONE',  ( 6.028886112499999506, -0.5468749990440840980, -2.497246393800306219 ) ) ;
#2699 = CARTESIAN_POINT ( 'NONE',  ( 5.649999999999999467, -1.603124998088168551, -2.340306627407988227 ) ) ;
#2700 = DIRECTION ( 'NONE',  ( 0.000000000000000000, 0.000000000000000000, 1.000000000000000000 ) ) ;
#2701 = DIRECTION ( 'NONE',  ( 0.000000000000000000, 0.000000000000000000, 1.000000000000000000 ) ) ;
#2702 = CARTESIAN_POINT ( 'NONE',  ( 0.000000000000000000, 1.249999999999973355, 0.000000000000000000 ) ) ;
#2703 = CARTESIAN_POINT ( 'NONE',  ( -2.362591750253610970E-15, -18.09333333333334082, 6.966989533786496658 ) ) ;
#2704 = VERTEX_POINT ( 'NONE', #1161 ) ;
#2705 = CARTESIAN_POINT ( 'NONE',  ( -2.497246393800305331, 0.3031250009559157688, -6.028886112499999506 ) ) ;
#2706 = EDGE_LOOP ( 'NONE', ( #2587, #278, #1477, #366 ) ) ;
#2707 = DIRECTION ( 'NONE',  ( 0.000000000000000000, 0.000000000000000000, 1.000000000000000000 ) ) ;
#2708 = CARTESIAN_POINT ( 'NONE',  ( -5.649999999999999467, -0.5718749980881685513, -2.340306627407986895 ) ) ;
#2709 = CARTESIAN_POINT ( 'NONE',  ( 6.028886112499999506, 1.703125000955916235, -2.497246393800306219 ) ) ;
#2710 = CARTESIAN_POINT ( 'NONE',  ( -5.649999999999999467, -0.5718749980881685513, -2.340306627407986895 ) ) ;
#2711 = EDGE_CURVE ( 'NONE', #2465, #1195, #1862, .T. ) ;
#2712 = CARTESIAN_POINT ( 'NONE',  ( 5.649999999999999467, 0.4218750000000002220, -2.340306627407987339 ) ) ;
#2713 = DIRECTION ( 'NONE',  ( 0.000000000000000000, 1.000000000000000000, 0.000000000000000000 ) ) ;
#2714 = CARTESIAN_POINT ( 'NONE',  ( 0.000000000000000000, -1.250000000000000000, 6.791462024506332185 ) ) ;
#2715 = DIRECTION ( 'NONE',  ( -0.000000000000000000, -1.000000000000000000, -0.000000000000000000 ) ) ;
#2716 = ORIENTED_EDGE ( 'NONE', *, *, #2522, .F. ) ;
#2717 = EDGE_CURVE ( 'NONE', #2465, #825, #1093, .T. ) ;
#2718 = CARTESIAN_POINT ( 'NONE',  ( -3.459627207591272669E-16, 0.03750000191183135850, -5.649999999999999467 ) ) ;
#2719 = CIRCLE ( 'NONE', #1472, 20.50376903021599873 ) ;
#2720 = CARTESIAN_POINT ( 'NONE',  ( 4.113802068544512913, 0.8045375713930447148, 6.808664795841145256 ) ) ;
#2721 = ORIENTED_EDGE ( 'NONE', *, *, #2812, .F. ) ;
#2722 = DIRECTION ( 'NONE',  ( 0.000000000000000000, 1.000000000000000000, 0.000000000000000000 ) ) ;
#2723 = CARTESIAN_POINT ( 'NONE',  ( 7.914565200276248547, 0.8199775699194988832, -0.2255500208779772919 ) ) ;
#2724 = VECTOR ( 'NONE', #1982, 1000.000000000000114 ) ;
#2725 = CARTESIAN_POINT ( 'NONE',  ( 2.497246393800309328, 1.515625000955916013, 6.028886112499997729 ) ) ;
#2726 = CARTESIAN_POINT ( 'NONE',  ( -5.649999999999999467, -1.321874998088168995, -2.340306627407986895 ) ) ;
#2727 = CARTESIAN_POINT ( 'NONE',  ( -8.005497092239233226, 0.7830435502941479609, 0.08546343097452037407 ) ) ;
#2728 = CARTESIAN_POINT ( 'NONE',  ( 3.999417439347090930, 0.7601506133744664329, -4.182652962695905252 ) ) ;
#2729 = DIRECTION ( 'NONE',  ( 0.000000000000000000, 0.000000000000000000, -1.000000000000000000 ) ) ;
#2730 = ORIENTED_EDGE ( 'NONE', *, *, #714, .F. ) ;
#2731 = ADVANCED_FACE ( 'NONE', ( #2056 ), #1111, .T. ) ;
#2732 = CARTESIAN_POINT ( 'NONE',  ( 6.028886112499999506, -1.431249999044084342, -7.383256080097054254E-16 ) ) ;
#2733 = CARTESIAN_POINT ( 'NONE',  ( -5.875910942979897023, -1.028886112499977523, -1.538041092963100320 ) ) ;
#2734 = ORIENTED_EDGE ( 'NONE', *, *, #500, .T. ) ;
#2735 = CARTESIAN_POINT ( 'NONE',  ( -3.761950552233683354, -0.8199775699195046563, -6.966989533786493993 ) ) ;
#2736 = CARTESIAN_POINT ( 'NONE',  ( -3.691628040048527127E-16, -0.4062499990440840425, -6.028886112499999506 ) ) ;
#2737 = CARTESIAN_POINT ( 'NONE',  ( -2.497246393800305331, 1.140625000955915791, -6.028886112499999506 ) ) ;
#2738 = CARTESIAN_POINT ( 'NONE',  ( 5.650000000000000355, 0.5531250019118315597, 2.340306627407986007 ) ) ;
#2739 = CARTESIAN_POINT ( 'NONE',  ( -7.953610879967529357, 0.8044448143618105895, -0.1579209308894984343 ) ) ;
#2740 = AXIS2_PLACEMENT_3D ( 'NONE', #1081, #2142, #2355 ) ;
#2741 = CARTESIAN_POINT ( 'NONE',  ( 0.000000000000000000, 18.09333333333334082, -6.966989533786493993 ) ) ;
#2742 = CARTESIAN_POINT ( 'NONE',  ( -6.033589924159407758, -18.09333333333334082, -3.483494766893248329 ) ) ;
#2743 = VERTEX_POINT ( 'NONE', #545 ) ;
#2744 = EDGE_CURVE ( 'NONE', #1024, #776, #1781, .T. ) ;
#2745 = CARTESIAN_POINT ( 'NONE',  ( -6.028886112499999506, -1.103124999044084342, -2.497246393800304887 ) ) ;
#2746 = CARTESIAN_POINT ( 'NONE',  ( -6.036568633106457860, -1.028886112499976191, 0.6723249007157908741 ) ) ;
#2747 = ORIENTED_EDGE ( 'NONE', *, *, #2028, .F. ) ;
#2748 = CARTESIAN_POINT ( 'NONE',  ( -4.078767725036017922, 0.7498787235419667185, -6.889070512513964850 ) ) ;
#2749 = CARTESIAN_POINT ( 'NONE',  ( -3.771014744809336516, -0.6499999999999855893, 4.207368274162671007 ) ) ;
#2750 = B_SPLINE_CURVE_WITH_KNOTS ( 'NONE', 3,
 ( #2024, #1080, #468, #1580, #673, #188 ),
 .UNSPECIFIED., .F., .F.,
 ( 4, 2, 4 ),
 ( 0.000000000000000000, 0.0002618488026665110203, 0.0005236976053330220406 ),
 .UNSPECIFIED. ) ;
#2751 = EDGE_CURVE ( 'NONE', #191, #362, #77, .T. ) ;
#2752 = CARTESIAN_POINT ( 'NONE',  ( 4.944464016665385486, -0.7672493252437756484, -2.974740565776615497 ) ) ;
#2753 = VECTOR ( 'NONE', #958, 1000.000000000000114 ) ;
#2754 = CARTESIAN_POINT ( 'NONE',  ( -5.685977417526843603, 0.7224444246119814395, 0.7063015509997296881 ) ) ;
#2755 = CARTESIAN_POINT ( 'NONE',  ( -3.995153313703991849, -0.4312499980881688288, 3.995153313703993625 ) ) ;
#2756 = CARTESIAN_POINT ( 'NONE',  ( 7.914565200276250323, -0.8199775699194982170, -0.2255500208779749605 ) ) ;
#2757 = CARTESIAN_POINT ( 'NONE',  ( -5.649999999999998579, 1.546875000000000666, 2.340306627407990891 ) ) ;
#2758 = FACE_OUTER_BOUND ( 'NONE', #1360, .T. ) ;
#2759 = ORIENTED_EDGE ( 'NONE', *, *, #2812, .T. ) ;
#2760 = ORIENTED_EDGE ( 'NONE', *, *, #2864, .T. ) ;
#2761 = CARTESIAN_POINT ( 'NONE',  ( -6.028886112499997729, -1.759374999044084786, 2.497246393800309328 ) ) ;
#2762 = CARTESIAN_POINT ( 'NONE',  ( 6.062177826491067734, -18.09333333333334082, -3.500000000000001332 ) ) ;
#2763 = ORIENTED_EDGE ( 'NONE', *, *, #730, .F. ) ;
#2764 = CARTESIAN_POINT ( 'NONE',  ( 2.497246393800309328, 0.01562500095591591587, 6.028886112499997729 ) ) ;
#2765 = CARTESIAN_POINT ( 'NONE',  ( 3.850229972263955247, -0.7452320288994239705, -4.281313716796975477 ) ) ;
#2766 = AXIS2_PLACEMENT_3D ( 'NONE', #1653, #2501, #91 ) ;
#2767 = CARTESIAN_POINT ( 'NONE',  ( -6.028886112499997729, -0.9218749990440839870, 2.497246393800309328 ) ) ;
#2768 = ADVANCED_FACE ( 'NONE', ( #1691 ), #2080, .T. ) ;
#2769 = DIRECTION ( 'NONE',  ( -0.000000000000000000, -1.000000000000000000, -0.000000000000000000 ) ) ;
#2770 = STYLED_ITEM ( 'NONE', ( #364 ), #475 ) ;
#2771 = AXIS2_PLACEMENT_3D ( 'NONE', #2354, #2125, #1220 ) ;
#2772 = CARTESIAN_POINT ( 'NONE',  ( -4.185789451624785329, -0.7738560230093167736, 6.750000000000000000 ) ) ;
#2773 = CARTESIAN_POINT ( 'NONE',  ( 3.759623940616410920, -0.8082804653835413689, -6.999999999999999112 ) ) ;
#2774 = CARTESIAN_POINT ( 'NONE',  ( -4.185789451624785329, -0.7738560230093167736, 6.750000000000000000 ) ) ;
#2775 = ORIENTED_EDGE ( 'NONE', *, *, #1794, .T. ) ;
#2776 = VERTEX_POINT ( 'NONE', #1243 ) ;
#2777 = DIRECTION ( 'NONE',  ( 0.8660254037844383745, 0.000000000000000000, 0.5000000000000004441 ) ) ;
#2778 = CARTESIAN_POINT ( 'NONE',  ( 8.337473793715999776E-16, -1.247163271729610168, -6.808064006308491400 ) ) ;
#2779 = CARTESIAN_POINT ( 'NONE',  ( -2.497246393800307107, -1.665624999044084564, 6.028886112499998617 ) ) ;
#2780 = CARTESIAN_POINT ( 'NONE',  ( -7.981841983480881808, -0.7583620419617698172, 0.1750441466247666666 ) ) ;
#2781 = EDGE_LOOP ( 'NONE', ( #2216, #756, #467, #1869 ) ) ;
#2782 = CARTESIAN_POINT ( 'NONE',  ( 6.028886112499999506, -0.5468749990440840980, -2.497246393800306219 ) ) ;
#2783 = EDGE_CURVE ( 'NONE', #1204, #219, #2378, .T. ) ;
#2784 = CARTESIAN_POINT ( 'NONE',  ( 7.914565200276248547, 0.8199775699194979950, 0.2255500208779837312 ) ) ;
#2785 = AXIS2_PLACEMENT_3D ( 'NONE', #1130, #427, #1988 ) ;
#2786 = CARTESIAN_POINT ( 'NONE',  ( -2.497246393800307107, -0.8281249990440838760, 6.028886112499998617 ) ) ;
#2787 = CARTESIAN_POINT ( 'NONE',  ( -8.005611451222842234, -0.7498365998540327260, 0.08700831933323890932 ) ) ;
#2788 = CARTESIAN_POINT ( 'NONE',  ( -8.673617379884035472E-16, -18.09333333333334082, -6.949999999999998401 ) ) ;
#2789 = EDGE_CURVE ( 'NONE', #2337, #2859, #2808, .T. ) ;
#2790 = CARTESIAN_POINT ( 'NONE',  ( -3.995153313703991849, 0.09375000000000008327, 3.995153313703993625 ) ) ;
#2791 = CARTESIAN_POINT ( 'NONE',  ( -3.995153313703991849, 1.593750000000000222, 3.995153313703993625 ) ) ;
#2792 = CARTESIAN_POINT ( 'NONE',  ( 2.497246393800304887, 0.9593750009559155467, -6.028886112499999506 ) ) ;
#2793 = VERTEX_POINT ( 'NONE', #1373 ) ;
#2794 = DIRECTION ( 'NONE',  ( -0.8660254037844385966, 0.000000000000000000, -0.5000000000000001110 ) ) ;
#2795 = DIRECTION ( 'NONE',  ( -0.5000000000000002220, 0.000000000000000000, -0.8660254037844384856 ) ) ;
#2796 = CARTESIAN_POINT ( 'NONE',  ( -7.974947417375135572, -0.7959416568390328406, -0.07919621478362437461 ) ) ;
#2797 = EDGE_LOOP ( 'NONE', ( #384, #1654, #1898, #2075 ) ) ;
#2798 = CARTESIAN_POINT ( 'NONE',  ( -4.263066253150152640, -0.3124999990440839315, -4.263066253150152640 ) ) ;
#2799 = DIRECTION ( 'NONE',  ( 0.000000000000000000, 0.000000000000000000, -1.000000000000000000 ) ) ;
#2800 =( BOUNDED_CURVE ( )  B_SPLINE_CURVE ( 2, ( #524, #701, #304, #2712, #740, #727, #971, #88, #2529 ),
 .UNSPECIFIED., .F., .T. ) 
 B_SPLINE_CURVE_WITH_KNOTS ( ( 3, 2, 2, 2, 3 ),
 ( 0.3750000000000000000, 0.3958333333333333148, 0.4166666666666666852, 0.4375000000000000000, 0.4583333333333333148 ),
 .UNSPECIFIED. ) 
 CURVE ( )  GEOMETRIC_REPRESENTATION_ITEM ( )  RATIONAL_B_SPLINE_CURVE ( ( 1.000000000000000000, 0.9238795325112867385, 1.000000000000000000, 0.9238795325112867385, 1.000000000000000000, 0.9238795325112867385, 1.000000000000000000, 0.9238795325112867385, 1.000000000000000000 ) ) 
 REPRESENTATION_ITEM ( '' )  );
#2801 = CARTESIAN_POINT ( 'NONE',  ( -2.340306627407983342, 0.3656250019118314487, 5.650000000000003020 ) ) ;
#2802 = CARTESIAN_POINT ( 'NONE',  ( -5.033584709250011890, 0.6766674194262934927, -2.640040560442919571 ) ) ;
#2803 = CARTESIAN_POINT ( 'NONE',  ( -2.340306627407989115, -2.634374998088168773, 5.649999999999998579 ) ) ;
#2804 = DIRECTION ( 'NONE',  ( -1.000000000000000000, 0.000000000000000000, -2.248936852768534159E-16 ) ) ;
#2805 = CARTESIAN_POINT ( 'NONE',  ( 3.752776749732567918, -0.7738560230093197712, -6.999999999999999112 ) ) ;
#2806 = CARTESIAN_POINT ( 'NONE',  ( -2.497246393800305331, 0.3031250009559157688, -6.028886112499999506 ) ) ;
#2807 = EDGE_CURVE ( 'NONE', #2476, #2535, #812, .T. ) ;
#2808 = B_SPLINE_CURVE_WITH_KNOTS ( 'NONE', 3,
 ( #1027, #2147, #99, #1466, #994, #1920, #2765, #341, #369, #2752, #1707, #575, #813, #1423, #780, #119, #1012, #1227, #2344, #590, #533, #353, #1259, #1042, #765, #1934, #749, #1645, #2300, #314, #1197, #1659, #2537, #1437, #2314, #181 ),
 .UNSPECIFIED., .F., .F.,
 ( 4, 2, 2, 2, 2, 2, 2, 2, 2, 2, 2, 2, 2, 2, 2, 2, 2, 4 ),
 ( 0.002962405814998967171, 0.005251901142494052807, 0.006396648806241596492, 0.007541396469989140178, 0.008686144133736684730, 0.009258517965610457007, 0.009830891797484229283, 0.01097563946123177557, 0.01212038712497932186, 0.01326513478872686815, 0.01440988245247441617, 0.01498225628434818844, 0.01555463011622196072, 0.01669937777996950701, 0.01784412544371705503, 0.01898887310746460305, 0.02013362077121215454, 0.02127836843495969910 ),
 .UNSPECIFIED. ) ;
#2809 = ORIENTED_EDGE ( 'NONE', *, *, #1644, .F. ) ;
#2810 = SPHERICAL_SURFACE ( 'NONE', #2449, 20.50376903021599873 ) ;
#2811 = CARTESIAN_POINT ( 'NONE',  ( -4.113416514040618921, -0.8043841666693311021, 6.809332672561771993 ) ) ;
#2812 = EDGE_CURVE ( 'NONE', #1404, #2645, #2660, .T. ) ;
#2813 = DIRECTION ( 'NONE',  ( -1.000000000000000000, 0.000000000000000000, 0.000000000000000000 ) ) ;
#2814 = ORIENTED_EDGE ( 'NONE', *, *, #1810, .F. ) ;
#2815 = FACE_OUTER_BOUND ( 'NONE', #266, .T. ) ;
#2816 = FACE_OUTER_BOUND ( 'NONE', #1776, .T. ) ;
#2817 =( BOUNDED_CURVE ( )  B_SPLINE_CURVE ( 2, ( #1684, #2367, #1003 ),
 .UNSPECIFIED., .F., .F. ) 
 B_SPLINE_CURVE_WITH_KNOTS ( ( 3, 3 ),
 ( 0.3556462319940424388, 0.3750000000000000000 ),
 .UNSPECIFIED. ) 
 CURVE ( )  GEOMETRIC_REPRESENTATION_ITEM ( )  RATIONAL_B_SPLINE_CURVE ( ( 0.9899558406665118770, 0.9292855423224835043, 1.000000000000000000 ) ) 
 REPRESENTATION_ITEM ( '' )  );
#2818 = CARTESIAN_POINT ( 'NONE',  ( 4.263066253150152640, -1.437499999044083987, 4.263066253150151752 ) ) ;
#2819 = DIRECTION ( 'NONE',  ( 0.000000000000000000, 0.000000000000000000, -1.000000000000000000 ) ) ;
#2820 = CARTESIAN_POINT ( 'NONE',  ( 7.975054666559912242, -0.7958989382166397064, -0.07858283210527909624 ) ) ;
#2821 = AXIS2_PLACEMENT_3D ( 'NONE', #452, #633, #2013 ) ;
#2822 = CARTESIAN_POINT ( 'NONE',  ( 1.037888162277381603E-15, 1.687500000000000222, 5.649999999999999467 ) ) ;
#2823 = CARTESIAN_POINT ( 'NONE',  ( -4.055582066881597392, -0.7958989338336424080, -6.867308531033650354 ) ) ;
#2824 = FACE_OUTER_BOUND ( 'NONE', #2781, .T. ) ;
#2825 = CIRCLE ( 'NONE', #315, 6.791462024506332185 ) ;
#2826 = VERTEX_POINT ( 'NONE', #2474 ) ;
#2827 = DIRECTION ( 'NONE',  ( 0.000000000000000000, 1.000000000000000000, 0.000000000000000000 ) ) ;
#2828 = CARTESIAN_POINT ( 'NONE',  ( 4.152614648042566081, 0.8199775699195014367, 6.741439512908516285 ) ) ;
#2829 = ORIENTED_EDGE ( 'NONE', *, *, #2456, .T. ) ;
#2830 = CARTESIAN_POINT ( 'NONE',  ( -2.497246393800307107, 1.421875000955915791, 6.028886112499998617 ) ) ;
#2831 = EDGE_CURVE ( 'NONE', #334, #2476, #574, .T. ) ;
#2832 = DIRECTION ( 'NONE',  ( 0.000000000000000000, 1.000000000000000000, 0.000000000000000000 ) ) ;
#2833 = PRODUCT_DEFINITION_CONTEXT ( 'detailed design', #1324, 'design' ) ;
#2834 = B_SPLINE_CURVE_WITH_KNOTS ( 'NONE', 3,
 ( #2084, #1881, #972, #716, #525, #2061 ),
 .UNSPECIFIED., .F., .F.,
 ( 4, 2, 4 ),
 ( 0.000000000000000000, 0.0002395235539099540678, 0.0004790471078199081355 ),
 .UNSPECIFIED. ) ;
#2835 = CARTESIAN_POINT ( 'NONE',  ( -4.263066253150152640, -0.3999999990440842867, -4.263066253150152640 ) ) ;
#2836 = CARTESIAN_POINT ( 'NONE',  ( 4.056059636889284725, 0.7959416612222337539, 6.866908941194457938 ) ) ;
#2837 = CARTESIAN_POINT ( 'NONE',  ( -5.649999999999999467, -2.774999998088169217, 0.000000000000000000 ) ) ;
#2838 = CARTESIAN_POINT ( 'NONE',  ( 5.650000000000000355, -0.4218749999999999445, 2.340306627407986007 ) ) ;
#2839 = CARTESIAN_POINT ( 'NONE',  ( 0.000000000000000000, -1.250000000000000000, 0.000000000000000000 ) ) ;
#2840 = VERTEX_POINT ( 'NONE', #2639 ) ;
#2841 = CARTESIAN_POINT ( 'NONE',  ( 7.654042494670957606E-16, 1.249999999999973355, -6.250000000000000000 ) ) ;
#2842 = DIRECTION ( 'NONE',  ( 0.8660254037844385966, 0.000000000000000000, -0.5000000000000001110 ) ) ;
#2843 = FACE_OUTER_BOUND ( 'NONE', #2654, .T. ) ;
#2844 = ORIENTED_EDGE ( 'NONE', *, *, #2522, .T. ) ;
#2845 = CARTESIAN_POINT ( 'NONE',  ( -6.028886112499997729, -1.671874999044084209, 2.497246393800309328 ) ) ;
#2846 = ADVANCED_FACE ( 'NONE', ( #167 ), #2429, .T. ) ;
#2848 = ADVANCED_FACE ( 'NONE', ( #2816 ), #757, .T. ) ;
#2847 = CARTESIAN_POINT ( 'NONE',  ( -1.922301677283011268, -0.6635400305482107575, -5.333057819464455562 ) ) ;
#2849 = CARTESIAN_POINT ( 'NONE',  ( 6.028886112499999506, 0.9062500009559157910, -7.383256080097054254E-16 ) ) ;
#2850 = CARTESIAN_POINT ( 'NONE',  ( -3.459627207591272669E-16, -1.687499999999999778, -5.649999999999999467 ) ) ;
#2851 = CARTESIAN_POINT ( 'NONE',  ( 2.497246393800309328, -2.321874999044084564, 6.028886112499997729 ) ) ;
#2852 = ORIENTED_EDGE ( 'NONE', *, *, #1088, .T. ) ;
#2853 = CIRCLE ( 'NONE', #901, 20.50376903021599873 ) ;
#2854 = CARTESIAN_POINT ( 'NONE',  ( 3.100142558550492922, 1.028886112499770800, -5.170743067892516365 ) ) ;
#2855 = CARTESIAN_POINT ( 'NONE',  ( -4.263066253150152640, 0.3500000009559155467, -4.263066253150152640 ) ) ;
#2856 = VERTEX_POINT ( 'NONE', #470 ) ;
#2857 = CARTESIAN_POINT ( 'NONE',  ( -2.497246393800305331, -1.859374999044083765, -6.028886112499999506 ) ) ;
#2858 = B_SPLINE_CURVE_WITH_KNOTS ( 'NONE', 3,
 ( #130, #111, #583, #1701, #2570, #2324 ),
 .UNSPECIFIED., .F., .F.,
 ( 4, 2, 4 ),
 ( 0.000000000000000000, 0.0002618488026665099361, 0.0005236976053330198722 ),
 .UNSPECIFIED. ) ;
#2859 = VERTEX_POINT ( 'NONE', #637 ) ;
#2860 = FACE_OUTER_BOUND ( 'NONE', #1926, .T. ) ;
#2861 = ADVANCED_FACE ( 'NONE', ( #866, #850 ), #1736, .F. ) ;
#2862 = CLOSED_SHELL ( 'NONE', ( #140, #2237, #1206, #1737, #2135, #788, #1575, #605, #175, #337, #549, #2112, #976, #2861, #1411, #955, #2288, #2361, #2057, #1105, #161, #120, #2768, #1875, #1301, #351, #1907, #1751, #1789, #1280, #263, #1962, #2486, #2848, #2437, #98, #2257, #1187, #1297, #993, #562, #1352, #683, #230, #2731, #2321, #1015, #1723, #927, #783, #426, #44, #2846, #1588, #301, #2088, #2507, #2171, #285, #1176, #2433 ) ) ;
#2863 = CIRCLE ( 'NONE', #589, 0.04999999999999996808 ) ;
#2864 = EDGE_CURVE ( 'NONE', #2520, #961, #1458, .T. ) ;
#2865 = CIRCLE ( 'NONE', #2490, 19.23679202833526247 ) ;
#2866 = CARTESIAN_POINT ( 'NONE',  ( -3.459627207591272669E-16, -0.9375000000000000000, -5.649999999999999467 ) ) ;
#2867 = CARTESIAN_POINT ( 'NONE',  ( -2.497246393800307107, -1.665624999044084564, 6.028886112499998617 ) ) ;
#2868 = DIRECTION ( 'NONE',  ( 0.000000000000000000, 1.000000000000000000, 0.000000000000000000 ) ) ;
#2869 = CARTESIAN_POINT ( 'NONE',  ( 4.967616250448055659, 0.9971834945086989199, -3.421644435652422267 ) ) ;
#2870 = CARTESIAN_POINT ( 'NONE',  ( 4.152614648042565193, -0.8199775699195024359, 6.741439512908515397 ) ) ;
#2871 = AXIS2_PLACEMENT_3D ( 'NONE', #497, #959, #2729 ) ;
#2872 = CARTESIAN_POINT ( 'NONE',  ( 6.028886112499999506, 0.06875000095591569937, -7.383256080097054254E-16 ) ) ;
#2873 = ORIENTED_EDGE ( 'NONE', *, *, #659, .T. ) ;
#2874 = CARTESIAN_POINT ( 'NONE',  ( 1.107488412014558138E-15, -2.281249999044084209, 6.028886112499999506 ) ) ;
#2875 = MECHANICAL_DESIGN_GEOMETRIC_PRESENTATION_REPRESENTATION (  '', ( #2770 ), #2400 ) ;
#2876 = CARTESIAN_POINT ( 'NONE',  ( -5.764232195283750748, -0.9654616978553978157, -1.669965139259531384 ) ) ;
#2877 = ORIENTED_EDGE ( 'NONE', *, *, #1334, .T. ) ;
#2878 = CARTESIAN_POINT ( 'NONE',  ( -3.839328313979614826, -0.7583620419617060904, 6.999999999999998224 ) ) ;
#2879 = CARTESIAN_POINT ( 'NONE',  ( -7.895264931168132883, 0.7738560230093206593, -0.2250000000000028089 ) ) ;
#2880 = DIRECTION ( 'NONE',  ( -0.4903933391948000486, 0.1950832937323880578, 0.8493861791787623572 ) ) ;
#2881 = CARTESIAN_POINT ( 'NONE',  ( 1.088839081304479451E-15, -0.9273638846322490581, 5.927363884632268487 ) ) ;
#2882 = CARTESIAN_POINT ( 'NONE',  ( -5.649999999999998579, 0.7968750000000003331, 2.340306627407990891 ) ) ;
#2883 = CARTESIAN_POINT ( 'NONE',  ( 2.497246393800309328, -0.8218749990440841202, 6.028886112499997729 ) ) ;
#2884 = VERTEX_POINT ( 'NONE', #2373 ) ;
#2885 = EDGE_CURVE ( 'NONE', #421, #1524, #294, .T. ) ;
#2886 = CARTESIAN_POINT ( 'NONE',  ( 0.000000000000000000, 1.200000000000000178, 6.270710678118681436 ) ) ;
#2887 = CIRCLE ( 'NONE', #712, 19.23679202833525892 ) ;
#2888 = VECTOR ( 'NONE', #1407, 1000.000000000000000 ) ;
#2889 = CARTESIAN_POINT ( 'NONE',  ( 4.263066253150152640, 0.7250000009559156577, 4.263066253150151752 ) ) ;
#2890 = AXIS2_PLACEMENT_3D ( 'NONE', #1321, #214, #2169 ) ;
#2891 = VERTEX_POINT ( 'NONE', #1724 ) ;
#2892 = CARTESIAN_POINT ( 'NONE',  ( -4.263066253150150864, -0.8749999990440839870, 4.263066253150152640 ) ) ;
#2893 = CARTESIAN_POINT ( 'NONE',  ( -2.497246393800307107, 1.334375000955915658, 6.028886112499998617 ) ) ;
#2894 = ORIENTED_EDGE ( 'NONE', *, *, #354, .F. ) ;
#2895 = CARTESIAN_POINT ( 'NONE',  ( -3.919472604375472624, -0.7958989382166354876, 6.945891353863150819 ) ) ;
ENDSEC;
END-ISO-10303-21;
